accountId,champId,avg_cs,avg_kda,avg_kill,avg_death,avg_assist,winratio,play_num
208788053,12,1.8,3.69,1.7,3.6,11.4,54,87
208788053,497,0.5,2.86,1.8,4.8,11.9,49,71
208788053,43,4.3,4.23,2.1,2.5,8.5,51,65
208788053,201,2.2,4.58,1.2,3,12.5,66,62
208788053,412,1.3,3.99,1.6,3.6,12.8,60,58
208788053,25,0.7,3.96,2.1,3.3,10.9,55,58
208788053,98,2.9,4.02,2.3,3.6,12.2,61,49
209533359,121,4.8,2.8,6.7,4.9,7,70,43
209533359,164,4.5,2.61,6.2,4.7,6.1,59,34
209533359,76,5.6,2.72,6.7,5.1,7,63,27
209533359,2,5.3,3,4.6,3.9,7.1,52,21
209533359,64,4.6,2.06,4.7,5.8,7.2,44,18
209533359,24,5.4,2.64,4.9,4.2,6.2,53,17
209533359,154,4.4,5.87,3.6,2.7,12.3,64,14
3386550,41,8.1,2.34,3.8,4.2,6,54,122
3386550,27,8.1,2.45,3.5,4.9,8.4,64,83
3386550,164,7.3,2.22,4.5,4.5,5.4,54,83
3386550,39,8.2,2.1,6,4.7,3.9,58,62
3386550,24,8,1.8,4.7,5,4.4,47,58
3386550,114,8.3,1.8,4.6,4.9,4.2,52,46
3386550,150,7.7,1.95,3.6,4.4,5,53,45
207443723,497,0.6,4.96,2.5,2.9,12.1,65,194
207443723,12,1.5,2.94,1.9,4.2,10.5,50,98
207443723,223,2.3,4.22,2.2,3.1,11,59,97
207443723,201,1.9,3.7,1.4,3.3,10.7,49,86
207443723,25,0.8,4.13,2.1,3.6,12.8,63,59
207443723,44,2,3.59,1.4,3.4,10.7,55,33
207443723,16,0.5,3.58,1.2,3.4,11.1,56,32
210160163,223,1.8,2.9,1.6,3.7,9.2,54,103
210160163,497,0.5,3.58,1.7,3.8,12,61,92
210160163,201,1.9,3.66,1.1,3.2,10.7,54,91
210160163,12,1.6,3.5,1.8,3.5,10.5,53,83
210160163,25,0.6,2.73,2.4,4.2,9.1,42,59
210160163,40,0.6,3.53,1.4,3.6,11.3,58,55
210160163,412,0.7,3.29,1.8,4.2,12,53,43
4513526,13,8.7,3.35,5.9,3.5,5.7,46,76
4513526,163,8.2,3.58,5.3,3.9,8.8,62,61
4513526,142,7.4,3.13,5.3,3.7,6.4,49,35
4513526,7,6.6,3.71,5.9,3.3,6.2,64,33
4513526,90,8.2,2.98,2.9,3.3,7,55,33
4513526,39,7.6,2.24,8,6,5.5,46,26
4513526,3,7.7,3.81,4.2,3.4,8.6,68,25
210253977,81,7.9,3.09,5.2,3.9,6.8,52,120
210253977,154,5.5,6.24,3.3,2.2,10.3,70,64
210253977,5,5.2,2.86,6.1,4.7,7.4,68,62
210253977,121,5.2,2.96,6.2,4.3,6.3,63,43
210253977,76,6.1,3.26,4.9,3.4,6.2,54,39
210253977,51,8.3,2.05,3.8,4.5,5.5,46,35
210253977,64,5,2.89,5,4.3,7.3,46,35
209484553,81,8.2,3.11,4.6,3.8,7.1,54,235
209484553,51,8.5,3.11,5.1,3.6,6.1,57,202
209484553,498,8.2,3.21,5.6,3.8,6.8,64,92
209484553,67,8.3,2.67,4.6,3.8,5.6,46,63
209484553,14,6.7,2.67,2.4,3.8,7.7,52,46
209484553,96,8.3,3.36,5.3,3.4,6.2,48,46
209484553,202,8,2.84,3.9,3.7,6.5,45,38
4440078,142,6.9,3.04,6,4,6.3,63,93
4440078,39,8,2.46,6.8,4.5,4.2,57,37
4440078,13,8.7,3.15,6.2,3.7,5.5,74,27
4440078,7,6.9,3.86,7.6,3.6,6.4,72,25
4440078,8,7.7,1.81,4,4.2,3.6,59,17
4440078,43,2.5,3.35,2.7,3.4,8.9,67,9
4440078,202,7.7,2.1,3.6,3.8,4.3,50,8
2871097,142,8.6,5.29,7.9,2.6,5.7,75,88
2871097,134,9.7,4.67,9.4,3.1,5.1,84,62
2871097,117,6.2,5.93,3,2,8.9,67,15
2871097,7,8.1,7.46,11.1,2.2,5.1,100,12
2871097,38,8.7,6,10.4,2.6,5.4,75,8
2871097,81,9.2,4.8,7.1,2.5,4.9,75,8
2871097,69,8.8,3.72,9,4.6,8,71,7
206491319,164,7.2,2.29,6,4.8,5.1,61,157
206491319,150,7.7,2.16,4.2,4.3,5.2,54,127
206491319,8,8.1,2.09,5.2,4.9,5,56,79
206491319,14,7.2,3.26,3.5,3.2,6.9,59,61
206491319,41,8.5,2.23,4.3,4.5,5.8,46,57
206491319,39,8.1,2.54,6.6,4.3,4.4,61,31
206491319,114,7.8,1.5,4.2,5.5,4,28,29
5312679,111,2.1,4.16,2.3,3.2,11.1,63,281
5312679,201,1.8,4.1,1.3,3.7,13.7,52,21
5312679,223,2.3,4.19,2.2,3.6,12.8,58,12
5312679,44,2,3.02,1.8,3.8,9.6,42,12
5312679,89,1.8,4.26,2.6,4.4,16.3,71,7
5312679,61,7.7,2.27,4.2,5.2,7.6,40,5
5312679,99,0.5,3.67,1,3,10,100,1
1025353,13,8.7,2.57,5.3,4.1,5.3,53,53
1025353,14,7,2.64,3.2,4,7.4,58,45
1025353,43,7.4,3.39,3.4,3.8,9.3,59,44
1025353,163,8,2.6,6.2,5.5,8.1,60,40
1025353,81,7.9,2.57,5.6,4.7,6.6,50,38
1025353,12,1.8,3.24,1.8,4.1,11.5,63,30
1025353,3,7.8,3.03,3.3,3.7,7.8,58,26
6341504,24,6.5,3.09,5.8,3.7,5.6,57,261
6341504,64,5.5,3.04,5.8,4.1,6.5,54,195
6341504,121,5.4,3.11,6.7,4,5.9,55,181
6341504,5,5.6,2.73,6.1,4.7,6.7,50,129
6341504,59,5.6,3.47,4.2,3.7,8.6,50,107
6341504,31,7.6,2.24,4.1,4.1,5.1,59,100
6341504,164,5.5,2.29,5.6,4.9,5.7,49,94
3706811,223,2.2,3.29,1.9,3.7,10.1,64,85
3706811,44,2.2,3.94,1.4,3.1,10.7,57,70
3706811,16,0.5,3.83,1.3,3.3,11.3,66,56
3706811,497,0.5,3.86,1.6,3.5,11.9,55,47
3706811,8,8.3,2.47,4.3,3.8,5.1,51,47
3706811,12,1.8,3.13,1.9,3.8,9.9,53,38
3706811,201,2.2,3.39,1.4,3.4,10.1,46,37
209682437,201,2,3.1,1,4.1,11.7,55,75
209682437,25,0.8,4.16,2.5,3.7,13.1,72,50
209682437,223,2,2.69,1.9,4.5,10.2,58,48
209682437,412,1.1,3.15,1.7,4.2,11.5,64,45
209682437,12,1.6,2.72,1.8,4.8,11.2,54,39
209682437,44,2.3,3.07,1.7,4.8,13,50,38
209682437,98,2.2,3.99,2.8,4.5,15.1,64,25
377501,5,5.5,3.26,5.8,4.1,7.6,75,59
377501,121,5.2,3.06,6.8,3.8,4.8,64,44
377501,141,5.8,2.72,6.1,4.8,6.9,48,27
377501,104,6.3,2.62,6.6,5.3,7.3,42,19
377501,164,5.1,3.23,6.6,4.8,8.8,76,17
377501,76,6.1,2.64,4.6,4,5.9,43,14
377501,68,7.3,3.81,3.8,2.9,7.2,78,9
209084978,76,5.9,4.43,6.6,3,6.5,60,284
209084978,154,4.4,4.61,3.7,2.9,9.7,43,74
209084978,121,4.9,3.73,7.4,3.8,6.7,52,63
209084978,59,4.8,4.36,4.5,3.3,9.7,53,59
209084978,89,1.9,4.69,1.9,2.9,11.8,70,43
209084978,113,4.8,4.15,3.9,3.2,9.2,46,39
209084978,164,5.5,3.8,8.1,3.8,6.1,56,32
208670326,81,9.1,4.03,6,3.2,6.9,65,95
208670326,145,9.2,3.12,7.8,4.3,5.6,48,42
208670326,498,9.3,3.63,5.9,3.5,6.8,62,39
208670326,18,9.9,4.23,6.7,2.9,5.5,53,38
208670326,51,9.3,3.08,4.8,3.7,6.6,56,36
208670326,202,8.4,2.73,5.2,4.6,7.4,46,35
208670326,110,9.6,2.91,6.4,4,5.2,58,24
2335652,114,8,1.96,4.7,4.5,4,56,344
2335652,266,7.6,2.87,6.1,4.1,5.6,59,229
2335652,8,7.5,2.26,4.5,4.2,5,54,180
2335652,164,7.3,2.21,5.4,4.5,4.5,57,105
2335652,24,7.7,2.16,4.8,4.2,4.2,62,53
2335652,3,6.9,3.1,3.8,3.6,7.4,52,52
2335652,31,6.9,1.93,4.2,4,3.5,31,45
210461522,64,5.8,3.04,8.2,5,7,55,80
210461522,164,5.6,3.03,8.4,5.3,7.7,61,69
210461522,121,5.2,2.81,8.5,5.3,6.5,52,63
210461522,104,7.1,3.64,7.4,3.9,6.9,64,56
210461522,5,5.7,2.63,6.4,5,6.8,67,54
210461522,59,5.8,4.45,7,3.8,9.8,63,32
210461522,113,5.2,3.73,4.9,4,10,54,26
202784392,13,8.6,3.01,5.1,3.6,5.7,55,125
202784392,7,7.5,3.5,6.9,3.3,4.6,58,45
202784392,268,8.8,3.12,5.1,3.1,4.5,61,38
202784392,142,7.5,2.58,5.2,4.2,5.7,55,29
202784392,164,6,2.41,6.1,5.1,6.1,53,17
202784392,163,8.8,4.18,7,3.6,8.2,64,11
202784392,420,8.2,1.35,3.2,5.7,4.4,56,9
204531622,223,2.3,2.8,1.9,4.1,9.5,55,83
204531622,43,3.7,2.93,2.8,4.1,9.4,50,74
204531622,40,0.8,3.79,2.1,3.7,11.8,65,72
204531622,201,2.3,3.44,1.2,3.6,11.3,60,70
204531622,12,2,2.78,1.8,4.2,9.9,55,67
204531622,89,2.2,3.45,1.5,3.5,10.7,69,52
204531622,79,1.9,3.14,2.3,4.1,10.5,62,52
210160161,142,8,3.49,6,3.6,6.5,54,87
210160161,13,9.1,3.9,6.3,3.2,6.2,56,80
210160161,268,9.4,3.33,5.3,3.3,5.7,55,76
210160161,7,6.8,3.83,7.5,3.7,6.8,61,66
210160161,8,8.1,2.8,5.8,4,5.5,49,49
210160161,163,9,4.09,6.1,3.1,6.7,55,44
210160161,3,7.6,3.27,5.7,4.3,8.2,45,42
203553813,13,8.7,2.8,4.5,3.5,5.3,55,86
203553813,81,7.9,3.26,5.4,3.9,7.2,63,78
203553813,268,7.9,2.1,3.8,4.2,5,48,29
203553813,42,9,3.18,6.4,3.7,5.4,67,27
203553813,51,8.1,2.59,4.7,4.3,6.4,42,26
203553813,18,8,3.21,5.8,3.6,5.7,58,24
203553813,142,7.2,2.27,5.3,4.5,4.8,42,19
205213320,51,8.9,3.11,5.4,3.7,6.2,57,81
205213320,81,8.5,2.97,5.7,4.3,6.9,51,72
205213320,110,8.7,3.48,6.1,3.5,6.1,63,67
205213320,96,8.6,2.44,5.1,4.2,5.2,55,49
205213320,498,8.6,3.12,5.6,3.7,5.8,61,46
205213320,202,8.2,2.95,5,4,6.9,47,36
205213320,18,8.8,3.51,7.2,3.7,6,51,35
204024521,41,8.8,2.23,4.9,5,6.2,58,53
204024521,164,8.3,2.08,5.5,4.7,4.3,60,50
204024521,8,8.6,2.12,4.9,4.8,5.4,50,30
204024521,27,8.6,1.88,3.5,5.2,6.3,56,25
204024521,24,8.5,1.78,5.1,4.5,3,45,22
204024521,39,8.6,1.82,6.6,5.6,3.6,65,17
204024521,157,8.8,1.35,4.7,6.1,3.5,41,17
2474930,163,8.2,3.35,5.7,4,7.7,67,99
2474930,13,8.5,2.43,4.5,4.5,6.3,57,79
2474930,142,7.6,2.56,4.9,4.5,6.6,51,55
2474930,3,7.7,3.58,4.8,3.6,8.1,54,54
2474930,268,8.2,2.24,3.9,4,5.2,55,40
2474930,154,4.8,4.66,3.2,2.6,8.8,50,26
2474930,110,7.9,2.6,4.6,5.1,8.6,50,22
2373709,81,7.9,4.04,5.3,3.1,7.3,58,188
2373709,498,8.2,3.73,5.8,3.3,6.5,55,139
2373709,145,7.9,3.6,6.2,3.1,5,54,115
2373709,18,8.2,3.83,5.8,3,5.8,58,89
2373709,67,8.2,3.53,4.7,2.7,4.7,51,55
2373709,497,0.5,3.68,1.8,3.9,12.5,62,45
2373709,110,8.4,3.6,5.2,3.1,6,55,42
208537812,12,1.7,3.33,1.7,3.8,11,50,114
208537812,497,0.6,3.67,1.9,3.7,11.6,62,87
208537812,25,0.8,4.05,2.3,3.6,12.1,60,47
208537812,223,2.3,2.57,1.5,3.8,8.2,59,46
208537812,201,2.2,4.15,1.2,2.9,10.9,54,41
208537812,412,1,3.54,1.4,3.8,12,67,33
208537812,432,1,3.37,3.6,4.4,11.2,60,25
204672058,64,5,3.03,6.2,4.9,8.5,44,43
204672058,164,5.6,2.72,6.2,4.9,7.3,58,38
204672058,104,6.7,2.98,6,4.3,6.8,63,27
204672058,76,5.9,3.73,6.9,3.9,7.6,72,25
204672058,121,5.3,3.56,6.8,3.5,5.8,58,24
204672058,48,5.8,3.92,3.7,3.3,9.3,55,22
204672058,72,5.2,3.09,4,3.7,7.5,40,20
3863724,3,8.5,4.41,5.4,3.3,9.2,66,82
3863724,8,8.8,3.04,5.5,3.6,5.6,52,67
3863724,91,8.4,3.09,7.1,4.2,5.8,57,65
3863724,117,8.4,4.54,2.6,2.3,7.8,57,51
3863724,16,0.6,2.92,1.1,4.6,12.3,57,47
3863724,69,9.2,3.12,5.6,3.4,5,54,39
3863724,268,9.1,3.14,4.8,3.4,5.8,61,36
2915344,5,5.7,3.38,7.4,4,6.1,55,38
2915344,164,5.5,3.55,8.7,3.9,5.2,69,32
2915344,121,5.8,4.02,10.4,4.2,6.5,72,25
2915344,141,6.3,2.85,8.7,5.2,6.1,56,25
2915344,104,7.3,2.88,8.6,5.2,6.3,59,22
2915344,64,5.5,3.17,6.3,4.1,6.7,48,21
2915344,56,6.7,3.92,7.6,3.4,5.6,68,19
201236882,41,8.9,3.81,5,3.2,7.1,68,80
201236882,8,8.7,2.35,5.3,4.3,5,53,68
201236882,13,8.9,2.09,3.5,4.2,5.3,57,46
201236882,43,7.3,3.04,2.7,3.4,7.6,58,40
201236882,164,7.6,3.3,5.1,3.2,5.4,64,36
201236882,69,8.5,2.41,4.5,4.2,5.6,59,34
201236882,122,8.4,1.67,4.3,5,4,61,23
210515107,39,8.5,2.46,6.7,4.3,3.8,62,45
210515107,164,7.7,3.94,7.6,3.4,5.9,78,37
210515107,27,8,3.28,4.6,4.3,9.6,63,35
210515107,122,8,2.41,5.2,3.7,3.8,73,26
210515107,85,8,2.66,6.5,4.5,5.5,64,11
210515107,36,8.2,3.04,4.3,2.8,4.2,70,10
210515107,41,7.5,2.18,4,4.8,6.4,63,8
202103602,41,8.3,2.29,4,4.4,6.2,53,167
202103602,8,8.3,2,4.8,4.7,4.5,61,99
202103602,164,7.7,2.44,5.8,4.3,4.6,62,77
202103602,150,7.6,2.15,3.4,3.9,5.1,52,48
202103602,24,8.1,1.74,3.7,3.9,3,66,38
202103602,114,8.2,1.48,3.5,4.2,2.6,48,31
202103602,50,7.4,1.89,3.5,4.9,5.8,50,30
209157499,59,5.5,3.42,5.4,4.5,9.9,57,129
209157499,104,7.2,3.03,6.1,4,5.9,58,115
209157499,121,5.5,2.81,7.8,4.7,5.4,56,98
209157499,164,5.5,2.25,5.8,4.9,5.3,55,65
209157499,113,5.5,3.39,4,3.6,8.2,49,59
209157499,48,5.4,2.99,4.7,4.3,8,54,39
209157499,64,5.3,2.69,4.8,4.4,6.9,50,36
201386115,420,8.7,1.83,3.7,3.9,3.4,61,263
201386115,6,7,2.24,4.6,3.9,4.2,54,82
201386115,75,7.6,1.1,1.6,5.5,4.4,44,16
201386115,14,5.4,1.87,1.8,4.6,6.8,54,13
201386115,23,7.8,1.14,4.3,5.7,2.1,56,9
201386115,81,7.5,3.09,3.3,2.9,5.6,63,8
201386115,90,7.8,3,3.6,4.3,9.3,43,7
210581300,69,8.8,4.63,7.8,3,5.9,85,80
210581300,142,7.5,3.65,7.5,3.5,5.3,70,37
210581300,117,6.1,3.33,3.1,3.4,8.3,53,15
210581300,39,7.5,2.32,6.5,4.6,4.1,53,15
210581300,55,7,3.21,8,4.3,5.9,67,9
210581300,43,6.9,2.78,0.5,2.3,5.8,50,4
210581300,7,6,1.86,7.5,7,5.5,0,4
210574406,202,7.9,5.01,5.6,2.6,7.2,59,29
210574406,81,7.9,2.91,4.5,3.9,6.8,63,24
210574406,145,8.6,4,6.4,3.1,6.1,65,17
210574406,18,8.6,7.03,7.1,1.9,6.5,60,15
210574406,51,8.2,3.37,6.5,3.8,6.3,53,15
210574406,498,8.4,3.18,5.4,4.1,7.6,45,11
210574406,91,7.4,2.4,5.5,4.7,5.8,60,10
206360056,121,5.3,4.42,7.6,2.9,5.1,67,109
206360056,164,5.8,3.3,5.7,3.6,6,57,65
206360056,113,5.3,5.69,4,2.7,11.2,63,56
206360056,154,5.1,5.58,3.4,2.2,8.7,47,47
206360056,72,5.4,4.54,3.1,2.8,9.5,57,35
206360056,2,5.5,3.94,5.8,3.4,7.7,53,34
206360056,107,6,3.19,7.1,3.6,4.4,39,31
206452044,41,8.5,3.96,4.7,2.9,6.8,69,134
206452044,14,7.4,3.72,3,2.8,7.4,55,85
206452044,516,7.2,2.86,2.8,3.4,7,44,62
206452044,6,7.6,2.55,3.9,3.1,4,70,10
206452044,36,7.2,2.46,4.1,3.5,4.5,38,8
206452044,240,6.5,2.19,3.3,4.6,6.7,14,7
206452044,266,8.6,2.54,6.5,4,3.7,50,6
204613894,164,8,3.45,6,3.3,5.5,68,59
204613894,41,8.6,3.46,4.4,3.3,7,63,43
204613894,14,7.5,4.83,3.3,2.2,7.2,78,27
204613894,39,8.7,2.38,5.3,4.9,6.5,39,18
204613894,24,8,1.9,4.3,3.9,3.2,44,16
204613894,150,7.7,2.91,5.4,3.7,5.5,67,15
204613894,36,8.1,3.46,4,2.7,5.5,67,15
209283868,51,9.1,2.33,4.7,4.4,5.5,51,153
209283868,498,9.2,2.49,4.7,4.4,6.1,57,111
209283868,81,8.5,2.11,3.8,4.6,5.9,39,101
209283868,202,8.8,3.21,4.9,3.6,6.7,64,88
209283868,18,9,2.73,6,4.1,5.2,51,80
209283868,110,8.9,2.44,5,4.6,6.2,54,69
209283868,41,8.5,2.24,3.5,4.1,5.7,57,63
206772826,41,8.4,3.25,4.3,3.6,7.3,54,184
206772826,164,7.5,2.67,5.6,4.1,5.5,55,173
206772826,14,6.9,3.63,3,3.1,8.2,66,122
206772826,516,7,3.84,3.3,3,8.4,57,42
206772826,8,8.3,2.47,5,4.3,5.7,51,41
206772826,24,8,1.87,5.3,4.9,3.8,50,40
206772826,126,7.8,2.6,5.4,4.4,5.9,50,40
210167927,81,8.5,3.8,4.7,3,6.8,60,73
210167927,202,8.2,3.6,5.3,3.5,7.2,55,47
210167927,51,9,3.89,6.1,3.1,6,61,46
210167927,498,8.8,3.52,5.1,3.6,7.4,53,36
210167927,18,9,2.86,5.7,4.1,5.9,38,26
210167927,145,8.1,2.63,6,3.8,4,32,22
210167927,110,8.3,2.86,5.3,3.4,4.5,48,21
210168045,164,8.2,2.11,5.4,4.4,3.9,56,111
210168045,41,8.9,2.33,5.2,4.8,6,59,83
210168045,150,8.5,1.99,3.8,4.3,4.7,54,54
210168045,126,8.6,1.72,5,6,5.3,59,32
210168045,8,8.3,1.79,4.1,4.6,4.1,54,28
210168045,13,8.6,1.39,3.3,5,3.6,59,22
210168045,420,8.7,1.2,3.7,5.8,3.3,50,20
209834687,51,8.7,2.5,5,4.6,6.5,64,56
209834687,223,2,2.66,2,4.4,9.7,55,53
209834687,25,0.8,3.43,1.9,4.3,12.8,63,46
209834687,12,1.5,2.77,1.5,4.9,11.9,58,45
209834687,81,8.1,2.64,5.6,4.6,6.6,49,41
209834687,497,0.5,3.86,1.9,4.2,14.3,75,36
209834687,40,0.6,3.55,1.6,3.7,11.6,59,32
200621317,113,5.6,5.01,4.1,2.9,10.2,59,417
200621317,154,5.5,4.47,3.6,3,10,53,89
200621317,121,5.6,2.93,6.6,4.1,5.5,52,77
200621317,72,5.5,3.78,3.3,3,8.1,58,55
200621317,59,5.3,3.18,4.3,4.6,10.4,48,23
200621317,104,6.5,3.56,6.4,3.9,7.3,57,14
200621317,6,7.5,2.09,3.2,4.4,5.9,38,13
210168114,164,8.2,4.09,6.6,2.8,4.9,69,39
210168114,41,8.6,3.31,4.5,3.7,7.8,64,36
210168114,8,8.6,3.03,4.1,2.9,4.5,62,21
210168114,50,7.7,2,4.4,4.8,5.1,38,21
210168114,150,8.3,2.35,4.3,4.3,5.8,53,19
210168114,13,9,3.14,4.4,3.1,5.2,69,16
210168114,39,8,2.74,5.4,4.3,6.4,67,9
5797364,145,9.5,2.69,8.1,4.6,4.2,63,295
5797364,81,8.8,2.23,5.6,4.9,5.2,51,293
5797364,498,9.5,2.46,7.2,5.1,5.3,58,187
5797364,110,9.4,2.02,6,5.1,4.3,47,186
5797364,96,9,1.89,6.8,6.1,4.7,54,158
5797364,18,9.3,2.18,5.9,4.4,3.8,48,156
5797364,51,9.5,2.07,4.8,4.7,4.9,50,106
206247678,13,8.7,3.25,6.1,3.4,5.1,49,78
206247678,91,7.5,3.15,7.8,4.1,5.2,61,61
206247678,8,7.9,2.43,4,3.2,3.9,52,42
206247678,142,7.2,3.12,7.6,4.1,5.3,63,41
206247678,81,7.9,4.07,5.3,3,6.8,70,33
206247678,3,7.4,4.68,5.8,3.1,8.9,59,22
206247678,90,8.8,5.84,5.2,1.8,5.3,71,21
206948172,24,5.3,3.28,5.3,3.5,6.1,60,30
206948172,5,5.2,3.26,5.1,3.4,6.1,59,29
206948172,64,4.9,3.06,5,3.3,5.3,46,26
206948172,48,5.2,4.98,4.6,2.4,7.5,68,25
206948172,121,4.9,4.4,6.6,2.9,6.1,61,18
206948172,164,5.6,5.67,7,2.2,5.5,80,15
206948172,68,5.6,4.6,6.2,2.9,7,53,15
206280171,238,8.3,4.06,8.7,3.3,4.5,65,103
206280171,13,8.8,3.32,6.4,4,6.9,51,69
206280171,268,8.9,2.84,4.6,3.9,6.6,56,57
206280171,8,7.8,2.53,5.4,4.4,5.8,53,53
206280171,142,7.6,2.8,4.6,3.8,6.1,47,47
206280171,7,6.8,3.65,7,3.6,6,63,30
206280171,3,7.9,2.91,4.8,4.4,8.1,53,30
8021595,136,7.6,3.81,5.9,3.4,7.2,57,366
8021595,90,6.9,1.88,3.3,5.3,6.7,0,3
8021595,12,1.5,6,1,2,11,100,1
8021595,163,7.6,15,10,2,20,100,1
251709,51,9.2,2.24,4.8,4.6,5.5,48,302
251709,498,9.3,3.04,6.2,4.2,6.4,61,188
251709,110,9,2.72,5.9,4.5,6.4,53,150
251709,81,8.4,2.85,5.3,4.4,7.2,54,137
251709,145,8.7,2.49,6.7,4.8,5.3,61,94
251709,96,8.8,2.19,6,5.2,5.5,51,53
251709,59,5.7,2.7,3.9,4.5,8.3,45,47
209063179,18,9.2,3.2,6.7,3.8,5.4,68,82
209063179,110,9.5,3.36,7.5,4,5.9,59,51
209063179,498,9.2,2.56,5.4,4.2,5.3,56,48
209063179,81,8.9,2.8,5.2,3.9,5.6,49,37
209063179,12,1.7,3.18,1.6,4.3,12.1,57,35
209063179,119,8.7,3.01,8.4,4.7,5.8,67,24
209063179,51,9,2.9,5,3.7,5.9,61,23
210168209,81,8.3,3.98,5.8,3.1,6.4,65,118
210168209,145,8.3,3.53,7.1,3.5,5.3,66,35
210168209,202,7.8,3.21,4.9,3.6,6.8,32,22
210168209,51,8.4,2.6,5.1,4.4,6.3,45,20
210168209,50,7,2.83,5.9,5.3,9.2,80,15
210168209,498,8,3.38,5.3,3.5,6.6,53,15
210168209,236,7.9,4.22,5.8,3.2,7.5,77,13
208276269,7,6.3,3.37,7.4,3.9,5.7,65,49
208276269,13,8.3,2.78,6.2,4.5,6.3,63,48
208276269,142,6.8,2.58,5.8,5.2,7.5,58,40
208276269,69,7.8,2.03,5.7,5.4,5.3,63,38
208276269,38,7.6,3.27,7.3,4,5.8,75,32
208276269,81,7.7,2.42,4.7,4.8,6.8,50,32
208276269,163,8.3,2.94,6.8,4.7,7,63,30
755064,164,7.8,3.43,5.4,3.2,5.5,65,81
755064,41,8.4,3.51,4.5,3.6,8,63,57
755064,27,8.1,3.18,3.7,3.4,7,73,48
755064,8,8.2,2.81,4.6,3.6,5.5,62,34
755064,136,7.6,3.04,5.5,4.1,6.8,43,28
755064,24,8.4,2.15,4.3,3.5,3.3,56,25
755064,39,8.4,2.36,6.4,4.5,4.2,58,19
207987339,14,6.7,3.45,2.9,3.4,8.8,61,31
207987339,25,0.8,3.19,2.4,3.8,9.7,57,28
207987339,64,5.1,2.53,5.6,4.8,6.6,52,21
207987339,5,5.4,2.94,5.1,4.9,9.4,71,17
207987339,2,5.2,3.19,5.6,4,7.1,59,17
207987339,154,4.6,3.43,3,4.5,12.4,63,16
207987339,31,6.9,2.71,3.4,3.7,6.7,50,14
208357607,121,5.6,4.04,7.2,3.3,6.1,75,83
208357607,113,5.3,4.81,3.7,2.6,9.1,62,73
208357607,164,5.5,3.31,6.2,3.9,6.7,61,56
208357607,72,5.4,4.13,3.1,3.1,9.6,61,31
208357607,76,6.6,4.45,6.3,3,6.9,55,31
208357607,24,6.3,2.37,4.4,4.5,6.3,56,27
208357607,2,5.9,3.23,5.2,3.5,6,52,25
209992902,12,1.6,2.7,1.7,4.8,11.2,56,188
209992902,201,2.2,3.03,1.3,3.8,10.1,50,142
209992902,223,2.2,2.2,2,4.8,8.7,51,77
209992902,43,5.5,2.6,3.1,4.6,9,51,74
209992902,497,0.6,2.93,1.7,4.7,12,51,51
209992902,44,2.1,2.51,1.5,4.6,10,54,39
209992902,98,2.6,3.05,2.4,5,12.9,47,36
210082154,81,8.1,3.75,5.7,3.4,7.2,63,87
210082154,498,8.5,3.06,5.8,3.7,5.7,51,39
210082154,145,7.7,3.64,6.6,3.3,5.4,61,38
210082154,42,9.7,5.98,7.9,2.1,4.7,84,19
210082154,110,8.3,3.22,7.1,4.5,7.4,58,19
210082154,8,7.6,2.38,4.7,3.9,4.5,60,15
210082154,202,6.9,3.03,4.9,4.3,8.1,64,14
209685625,497,0.7,4.43,1.9,3.3,12.6,73,74
209685625,25,0.8,4.14,2.2,3.5,12.3,56,27
209685625,223,1.8,3,1.8,3.6,8.9,52,27
209685625,40,0.6,4.26,1.1,2.8,10.7,64,25
209685625,201,1.7,3.53,1.2,3.6,11.6,48,23
209685625,12,1.5,2.81,1.1,4.2,10.7,48,23
209685625,14,6.9,3,1.7,3.2,7.8,42,12
6965193,30,8.7,2.96,6.3,4.5,7,66,140
6965193,26,6.5,3.21,3.4,3.7,8.3,67,9
6965193,69,8.5,1.7,3.8,4.8,4.3,44,9
6965193,74,7.6,1.61,4.3,4.7,3.3,43,7
6965193,3,7.8,1.96,4.4,5.4,6.2,80,5
6965193,43,7.4,2.11,3,3.6,4.6,60,5
6965193,50,7.2,2.5,3,4,7,67,3
6871165,81,9.1,4.09,5.8,2.9,6.3,51,108
6871165,51,9.5,4.27,5.9,2.9,6.3,61,82
6871165,145,9.1,3.56,6.9,3.3,4.9,60,63
6871165,498,9.2,3.58,5.2,3.1,5.9,47,53
6871165,202,9.1,5.06,6.2,2.7,7.5,61,46
6871165,110,9.7,3.22,6.1,3.9,6.3,66,41
6871165,67,8.8,2.6,6.4,4.5,5.3,52,31
870355,41,8.5,2.97,5.2,3.9,6.3,63,446
870355,8,8.2,2.73,5.8,3.8,4.5,56,137
870355,80,5,3.29,6.6,3.9,6.2,60,83
870355,114,7.2,1.47,3.8,5.4,4.2,39,31
870355,75,6.8,2.06,5.1,5,5.1,67,21
870355,24,6.8,1.88,5.4,5.2,4.3,53,19
870355,150,7,1.89,3.1,3.9,4.3,39,18
207922335,13,9,4.08,5.6,2.9,6,65,57
207922335,268,8.7,3.28,5.1,3.4,5.9,58,38
207922335,163,9,4.18,5.4,3,7.2,55,38
207922335,142,8.1,4,6.7,3.2,6.1,60,35
207922335,7,7.4,4.01,6.8,3.2,6,53,34
207922335,3,8,3.28,5.5,3.8,7.1,46,24
207922335,38,7.9,3.11,4.7,2.6,3.5,52,21
200203708,223,2.1,3.53,1.5,3.4,10.4,63,30
200203708,25,0.9,5.36,2.2,2.7,12.1,75,28
200203708,497,0.6,4.15,2.3,4,14.1,63,24
200203708,12,1.5,4.13,1.7,3.5,12.6,60,15
200203708,98,2.6,3.24,2.2,4.2,11.4,43,14
200203708,43,4.1,2.46,3,4.3,7.6,46,13
200203708,16,0.5,5.79,1.6,2.3,11.9,75,12
3141212,164,4.9,2.7,6.4,4.9,6.9,56,54
3141212,81,7.5,3.17,5.5,4,7.3,54,41
3141212,76,5.9,3.36,6.4,4.2,7.9,61,38
3141212,72,5.4,4.3,2.8,2.8,9.1,65,31
3141212,113,5,4.75,4.4,3.1,10.4,61,31
3141212,121,4.9,3.22,7.2,4,5.8,56,27
3141212,5,5.1,1.93,5.8,6.2,6.2,45,22
210168020,142,8,2.99,5.8,4.1,6.5,59,46
210168020,163,8.7,3.78,6.4,3.9,8.2,79,29
210168020,3,8.2,3.58,6.4,4.5,9.5,58,26
210168020,13,9,2.65,5.2,4.2,6.1,48,25
210168020,91,8.1,2.23,7.3,5.4,4.9,61,18
210168020,268,8.9,2.1,4.6,4.3,4.5,56,18
210168020,161,7.9,2.15,4.5,4.8,5.9,33,15
6197385,8,8.6,2.78,5.9,4.6,6.8,60,57
6197385,13,9.5,3.22,5.9,4.2,7.5,64,55
6197385,43,6.2,3.05,3.5,4.5,10.3,55,55
6197385,3,8.1,2.72,3.8,4.7,9,54,26
6197385,90,8.5,2.83,5,4.5,7.7,61,23
6197385,69,9,2.74,6.5,4.7,6.4,61,23
6197385,61,9.2,2.97,6.3,4.8,7.9,52,23
209176499,142,7.2,3.14,7.9,4.8,7.2,60,58
209176499,13,9.1,2.93,5.6,4.3,6.8,56,39
209176499,7,6.7,3.88,7.4,3.8,7.3,78,32
209176499,90,8.8,2.61,4.4,4.6,7.7,53,32
209176499,43,7.1,3.21,3.4,4,9.3,64,25
209176499,3,7.7,3.35,4.5,4.1,9.3,44,25
209176499,163,8.2,2.48,5.6,5.6,8.3,44,18
205923395,41,8.3,3.37,4.4,3.9,8.6,71,34
205923395,150,8,2.53,4,3.5,5,71,24
205923395,164,8.2,2.58,4.8,3.8,5.1,37,19
205923395,8,8.3,2.95,4.5,3.5,5.8,65,17
205923395,24,8,2.08,4.9,4.8,5.1,70,10
205923395,266,8.4,2.77,5.3,3.7,5,57,7
205923395,516,7,5.44,6,3.2,11.4,100,5
8027026,163,8.9,3.19,5.2,3.7,6.8,53,146
8027026,61,8.7,3.22,4.1,3.2,6.2,54,135
8027026,143,1.5,2.35,3.6,5.7,9.7,57,118
8027026,268,9.1,2.78,4.9,3.8,5.7,44,109
8027026,38,8.3,3.89,6.1,3,5.6,59,95
8027026,90,8.7,2.71,3.9,3.6,5.8,51,82
8027026,13,9.3,2.73,4.4,3.6,5.5,49,70
207570975,81,9.2,2.99,5.4,4.2,7.2,57,46
207570975,202,9.1,3.77,9,4.5,7.8,63,30
207570975,51,9.9,3.76,7.2,3.3,5.2,69,26
207570975,498,10.2,4.66,9.4,3.4,6.5,76,17
207570975,145,9.6,3.48,9.1,4,4.9,81,16
207570975,110,10.3,3.12,7.6,4.4,6.1,77,13
207570975,13,9.2,1.85,6.1,5.9,4.8,40,10
6451200,40,0.7,3.73,2.2,3.8,11.8,64,407
6451200,497,0.6,2.92,2,4.6,11.4,55,121
6451200,201,2.2,2.92,0.9,4.2,11.5,46,110
6451200,12,2,2.69,1.9,4.6,10.6,52,100
6451200,25,0.8,2.6,2,5.4,12.1,47,74
6451200,16,0.6,2.71,1.5,5,12,55,67
6451200,64,5.4,2.4,5.2,4.9,6.5,45,56
2099284,142,7.3,3.36,6.5,4,6.8,65,69
2099284,39,8.2,2.19,7.1,5.2,4.2,56,39
2099284,13,8.5,2.41,4.5,4.2,5.6,52,31
2099284,8,8,3.05,4.9,3.4,5.5,66,29
2099284,91,7.8,2.84,7.9,4.4,4.7,50,26
2099284,14,6,2.78,3.3,4.2,8.5,55,22
2099284,48,4.8,4.24,4.8,3.5,10,72,18
2525174,81,9.3,4.43,7,3.3,7.6,72,88
2525174,145,9.2,2.3,6.7,5.3,5.4,50,34
2525174,51,10,2.83,5.9,4,5.3,55,29
2525174,236,9.9,3.63,7.7,4.1,7.3,68,22
2525174,110,9.6,3.35,6.7,4.1,7.1,64,22
2525174,18,9.5,3.44,6,3.2,4.9,50,18
2525174,498,9.3,3.77,6.6,3.6,6.8,69,16
209703318,12,1.5,3,1.7,4.2,10.9,56,106
209703318,497,0.5,3.54,1.5,3.6,11.3,53,73
209703318,432,0.8,3.15,3.1,4.5,11.2,52,63
209703318,25,0.7,3.76,2.5,3.8,11.9,53,62
209703318,223,1.8,3,2.3,3.8,9,56,43
209703318,201,1.8,4.04,1.5,3.7,13.6,64,42
209703318,412,0.9,3.33,1.6,4.4,12.9,53,40
210504307,164,5.1,2.48,7.2,5.7,6.8,56,75
210504307,104,6.4,2.47,4.6,4.3,6,53,38
210504307,141,5.7,2.87,6.7,4.8,7.2,64,33
210504307,5,5.4,2.13,5.2,5.3,6.1,58,26
210504307,121,5.5,3.37,8.3,4.6,7,60,25
210504307,48,5.3,3.03,5.1,4.6,8.8,50,22
210504307,427,5.2,4.45,2.1,2.9,11,75,16
666395,497,0.6,3.5,1.7,4.6,14.4,60,78
666395,223,1.9,3.46,1.7,3.9,11.8,72,72
666395,12,1.4,3.19,2.1,5.1,14.2,67,70
666395,412,0.8,3.32,2.2,4.4,12.5,54,65
666395,43,1.6,3.3,2.3,4.6,12.8,56,43
666395,201,1.8,3.33,1.1,4.2,12.9,56,34
666395,25,0.7,3.53,1.8,4.1,12.6,55,29
200594011,122,8.5,2.38,6,4,3.6,62,362
200594011,24,8.6,1.57,4.4,4.7,2.9,54,101
200594011,105,7.5,2.92,7.7,4.6,5.7,56,57
200594011,11,8.5,2.05,11.1,7.1,3.4,76,21
200594011,75,8.7,2.71,3.3,3,4.9,100,8
200594011,40,1,3.33,2.2,5,14.5,50,6
200594011,54,7.2,3.16,3,4.2,10.2,50,6
3516152,142,8,2.54,6.7,5.1,6.4,54,39
3516152,157,8.3,1.42,4.9,6.5,4.3,44,36
3516152,34,9.5,4.62,5.3,2.6,6.5,78,32
3516152,13,8.6,2.54,7,5.3,6.4,70,27
3516152,7,7.1,2.39,6.8,5.4,6.2,55,20
3516152,69,8,2.02,6.3,5.6,5,61,18
3516152,114,8.1,1.69,6.2,6.5,4.8,65,17
203870735,121,5.2,3.33,6.8,3.8,6,59,146
203870735,164,5.5,2.78,6,4.8,7.3,55,88
203870735,81,8.3,3.03,5.3,4.1,7.1,54,82
203870735,64,5.2,3.88,6.2,3.8,8.6,71,69
203870735,104,7,3.83,7,3.8,7.5,58,60
203870735,113,5.2,4.01,3.1,3.3,10.3,60,52
203870735,59,5.2,3.54,4.8,4.4,10.9,54,52
209899057,164,5.2,2.99,6.5,4.4,6.7,63,32
209899057,2,5.6,3.4,5.3,3.5,6.6,65,23
209899057,81,8.6,2.62,4,3.4,4.8,52,23
209899057,121,5.2,4.11,8.4,3.4,5.7,63,16
209899057,113,5.3,4.17,5.2,4.3,12.6,64,14
209899057,7,6.8,4.02,8.4,3.6,6.3,57,14
209899057,104,6.5,3.63,7.1,3.7,6.3,69,13
210426282,12,1.6,3.35,1.8,3.7,10.6,66,102
210426282,497,0.5,4.31,1.6,3.1,11.5,65,80
210426282,25,0.7,3.07,2,4.1,10.6,49,47
210426282,223,1.9,3.56,2.1,3.7,10.9,60,40
210426282,201,1.8,4,1.3,3.1,10.9,63,19
210426282,51,8,2.68,3.9,4,6.9,71,7
210426282,81,7.3,3.04,5,4.5,8.7,50,6
202001440,8,9,3,5.7,3.6,4.9,66,38
202001440,164,8.7,3.4,7.3,3.4,4.4,70,30
202001440,41,9.2,3.06,4,3.3,6.1,43,30
202001440,13,9.3,2.39,4.6,4.1,5.2,58,26
202001440,126,9.4,2.49,4.9,4.2,5.6,73,15
202001440,39,8.1,1.98,5.7,5.9,5.9,50,14
202001440,24,9.2,3.24,6.2,3.1,3.8,82,11
251448,13,8.4,2.74,4.6,3.8,5.9,48,94
251448,142,7.7,3.12,5.8,4.1,6.9,57,77
251448,7,7.3,4.18,6,3,6.8,68,73
251448,61,8.5,3.3,4.4,3.3,6.4,54,48
251448,163,8.3,3.37,5,3.3,6.2,55,47
251448,121,4.6,2.9,6.3,4.1,5.5,50,46
251448,3,7.9,3.42,3.5,3.5,8.3,55,31
207991322,81,9,3.75,7.8,4.3,8.4,69,45
207991322,51,9.5,3.59,5.8,3.3,6.1,61,31
207991322,145,9.1,4.04,9.5,3.8,5.8,63,24
207991322,498,9.7,4.56,7.8,3.3,7.3,79,19
207991322,18,8.8,4.92,8.9,3.1,6.4,74,19
207991322,110,9.6,5.03,9,2.5,3.8,69,13
207991322,96,9,3.67,7,3.8,6.8,63,8
909429,223,2.2,3.25,2,3.6,9.6,57,98
909429,201,2,3.67,1.2,3.6,12.1,50,70
909429,12,1.6,2.68,1.3,4.5,10.7,50,66
909429,25,0.8,2.92,1.9,4.5,11.1,45,53
909429,98,2.7,3.98,2.2,3.6,12,60,48
909429,40,0.8,3.46,1.7,3.8,11.5,62,47
909429,497,0.6,3.18,1.3,3.7,10.4,51,43
202937359,81,9,3.68,7.3,4,7.3,70,44
202937359,145,8.8,3.16,8.4,4.9,7,70,27
202937359,51,8.9,3.64,5.9,3.3,6,70,27
202937359,498,9.1,2.59,6.9,5.3,6.9,58,24
202937359,96,8.8,3.97,4.9,3,7,75,12
202937359,202,8,2.76,5,4.6,7.8,55,11
202937359,236,8.4,2.61,5.3,4.9,7.5,60,10
207884486,12,1.2,3.81,2.7,4.2,13.5,72,69
207884486,25,0.6,3.55,3,4.3,12.4,69,39
207884486,79,1.2,2.38,3.3,5.8,10.6,67,36
207884486,497,0.5,3.31,3.1,5,13.4,58,31
207884486,121,5,2.84,8.5,5.1,5.9,67,30
207884486,5,4.6,1.92,5.5,6.7,7.4,57,23
207884486,223,1.7,1.96,2.2,6,9.5,43,21
7024597,8,8.8,2.64,6.4,4.6,5.7,67,103
7024597,121,4.8,2.41,7.1,6.2,7.7,58,79
7024597,38,8,2.9,6.9,4.7,6.7,55,65
7024597,64,4.7,2.21,5.1,5.9,8,45,58
7024597,13,8.9,2.46,5.4,4.6,5.8,54,56
7024597,126,7.7,1.95,5.7,6.3,6.5,55,53
7024597,59,4.9,2.86,3.9,5.2,11.1,41,37
208710504,69,8.7,3.97,8.1,3.6,6.1,75,65
208710504,142,7.8,3.51,8.1,4,5.8,56,45
208710504,55,7.3,3.66,9.6,4.1,5.4,67,43
208710504,13,8.5,2.53,5.5,4.2,5.1,42,38
208710504,126,7.8,2.93,7.6,5.1,7.4,62,29
208710504,134,8.6,2.76,5.6,4.1,5.8,59,29
208710504,245,7.9,3.2,7.8,4,4.9,57,28
6282837,164,4.6,2.7,7.8,6,8.5,76,50
6282837,104,5.2,1.93,5.2,6.2,6.9,58,26
6282837,5,4.1,1.86,5.7,6.6,6.5,67,21
6282837,121,4.3,3.3,8.7,4.4,5.6,79,14
6282837,64,4.2,3.27,5,4.3,9.2,75,12
6282837,76,6.3,5.03,8.4,2.9,6.2,80,10
6282837,2,5.1,3.86,4.8,3.1,7.2,67,9
209333159,121,5.2,3.13,7.3,4,5.1,58,206
209333159,164,5.3,2.83,7.2,5,7,58,179
209333159,102,6.9,3.38,5.5,3.3,5.6,51,141
209333159,41,8.3,1.93,3.8,5.1,6,49,138
209333159,113,5.4,4.08,3.9,3.4,10,60,120
209333159,2,5.7,2.96,5.3,4.1,6.8,53,93
209333159,59,5.3,2.96,5.2,4.9,9.3,46,87
204245747,27,8,2.42,3.9,4.7,7.6,64,80
204245747,39,8.1,2.04,6.1,5.2,4.4,52,54
204245747,41,8,2.38,3.9,3.6,4.7,53,43
204245747,14,7.3,3.8,3.3,3,8.2,62,39
204245747,50,7.7,2.36,4.5,4.2,5.5,57,35
204245747,164,7.3,2.39,5.8,4.9,5.9,61,33
204245747,92,7.9,2.05,5.2,4.2,3.3,36,25
207629924,81,8.7,3.7,5.2,3.1,6.2,60,101
207629924,51,8.8,2.65,4.7,3.7,5,49,53
207629924,145,8.5,3.24,7.1,4.1,6.1,65,40
207629924,18,9.3,3.29,5.1,3,4.8,54,37
207629924,498,9.5,3.32,4.5,3.2,6,55,31
207629924,202,8.1,3.31,4.5,3.3,6.4,52,31
207629924,110,9.3,3.73,5.4,3.2,6.5,50,26
209324581,121,5.1,2.98,7.4,4,4.5,61,171
209324581,164,5.2,2.41,6.3,5.2,6.1,53,79
209324581,5,5.3,2.3,5.4,5.2,6.6,50,72
209324581,81,7.7,2.59,5.4,4.6,6.4,48,61
209324581,7,6.6,2.95,7.6,4.3,5.1,66,56
209324581,67,7.9,2.32,6.8,5,4.9,61,51
209324581,51,8,2.79,6.4,4.7,6.6,55,51
200670975,51,8,3.16,4.8,3.3,5.8,56,188
200670975,81,7.4,3.54,5.1,3.4,6.9,56,149
200670975,498,7.8,2.85,4.4,3.6,5.9,49,127
200670975,110,7.9,2.77,4.5,3.8,6,46,114
200670975,119,7.5,2.72,5.8,4.2,5.7,57,107
200670975,429,8.2,2.8,5.3,4,5.8,47,95
200670975,163,7.2,3.35,5.4,3.8,7.5,59,86
210429901,81,8.5,3.83,6,3.6,7.8,69,65
210429901,18,8.7,3.35,7.5,4.3,6.7,84,31
210429901,498,9,4.73,7.4,3.2,7.7,76,21
210429901,13,8.3,3.06,5.6,4,6.5,55,20
210429901,51,8.4,2.97,5.3,4.2,7.1,58,19
210429901,202,8.2,4.09,8.6,4.2,8.5,55,11
210429901,145,8.6,4.5,8.3,3.4,7,90,10
209230380,41,8,2.72,5.4,4.7,7.3,59,147
209230380,164,7.3,2.57,7.7,5.3,5.9,70,94
209230380,150,8,2.63,5.7,4.5,6.1,54,69
209230380,27,7.6,2.66,3.9,4.4,7.7,58,48
209230380,8,8.2,2.15,5.5,5,5.2,58,45
209230380,154,4.7,3.97,3.9,3.8,11.2,59,44
209230380,50,7.4,2.64,5.7,4.5,6.2,53,38
208714024,121,5.4,3.24,6.3,4,6.8,53,114
208714024,154,5.3,3.83,3.1,3.5,10.4,65,77
208714024,102,6.5,3.83,6.1,3.3,6.4,59,66
208714024,72,5.3,3.04,3.3,4,9,50,40
208714024,2,5.6,3.41,5.7,3.8,7.3,64,39
208714024,69,8.5,2.5,5.1,3.9,4.7,63,38
208714024,81,7.2,3.72,4.7,3.4,7.8,46,24
205914660,164,7,2.95,5.8,3.8,5.4,61,147
205914660,150,7.5,3.17,4.1,3.1,5.7,60,98
205914660,8,7.8,2.28,4.5,3.9,4.3,55,86
205914660,41,7.8,2.47,4,4,5.9,47,83
205914660,14,7.3,3.27,3.3,3.3,7.4,59,66
205914660,516,6.8,3.17,3.4,3.6,8.1,56,57
205914660,114,7.6,1.79,3.9,4.2,3.6,49,47
4189540,64,5.5,3.38,6.6,4.1,7.4,51,104
4189540,121,5.4,2.89,7.8,4.8,6,51,103
4189540,164,5.7,2.49,6,5.1,6.6,52,71
4189540,5,5.8,3.03,7.4,5,7.8,61,67
4189540,104,7.3,3.09,6.1,4.1,6.6,51,55
4189540,2,6,3.56,6.5,3.9,7.4,63,48
4189540,59,5.7,3.26,4.7,4.3,9.4,51,43
201200763,266,8,2.93,5.2,3.5,5.1,63,237
201200763,164,7.3,2.14,4.9,4.4,4.6,55,73
201200763,24,8.2,1.93,4.8,4.6,4,63,35
201200763,14,7,2.35,2.8,3.9,6.4,41,29
201200763,12,2,2.19,1.5,4.9,9.3,57,14
201200763,223,2.5,3,1.9,4.7,12.2,60,10
201200763,114,8.5,2.25,5.2,4.4,4.8,33,9
207874718,223,2.1,2.94,1.6,3.9,9.8,61,149
207874718,12,1.6,2.68,1.7,5,11.8,46,84
207874718,497,0.5,3.36,1.8,4,11.8,60,81
207874718,201,2,3.27,1.2,4,11.9,49,75
207874718,412,0.6,3,1.5,4.3,11.3,60,72
207874718,25,0.8,2.83,2.1,4.9,11.6,60,42
207874718,81,8.1,3.66,5.3,3.7,8.3,55,42
5775781,81,8.7,3.22,4.9,3.7,6.9,52,236
5775781,498,9.4,3.54,5.4,3.4,6.5,61,171
5775781,141,5.4,2.68,6.1,4.6,6.2,50,117
5775781,202,8.9,3.57,5.3,3.4,6.8,44,114
5775781,51,9.1,3.13,4.7,3.4,5.9,49,86
5775781,18,9,2.67,5.2,3.7,4.7,43,86
5775781,145,9.2,3.34,7.3,3.8,5.2,58,80
209238536,142,7.5,2.58,7.7,5.5,6.5,52,128
209238536,7,7.2,2.93,8.4,5,6.4,60,88
209238536,13,9.1,2.57,6.4,4.9,6,51,82
209238536,38,8,2.79,7,4.4,5.4,59,68
209238536,69,8.7,2.72,6.9,4.8,6.1,68,60
209238536,61,9,2.84,5.9,4.7,7.5,55,38
209238536,105,7.4,2.36,8.5,5.9,5.5,66,32
207332319,223,2.4,3.35,2.1,3.4,9.2,53,112
207332319,12,2,3.91,2.1,3.5,11.5,60,106
207332319,497,0.7,3.59,2.2,3.5,10.4,61,82
207332319,412,0.9,3.72,1.9,3.4,10.9,55,62
207332319,98,2.6,4.5,2.5,3.2,11.7,59,59
207332319,40,1.1,4.25,2.1,3.1,10.8,51,59
207332319,201,2.4,4.18,1.6,3.2,11.7,46,54
210160071,14,7,4.93,2.8,2.4,8.9,70,53
210160071,41,8.5,2.93,4,3.5,6.2,62,53
210160071,164,7.2,2.68,4.8,4.1,6.1,63,43
210160071,50,7.4,2.17,3.1,3.8,5.1,22,23
210160071,85,8,5.02,5.6,2.4,6.5,74,19
210160071,122,7.8,2.35,5.2,3.7,3.5,47,17
210160071,126,7.8,2.26,3.7,3.9,5.1,75,16
202606482,104,7.2,2.46,6.6,5.1,6.1,54,236
202606482,76,6.6,2.93,6.5,4.4,6.5,54,207
202606482,164,5.4,2.48,7.2,5.7,6.8,56,108
202606482,43,1.1,2.33,3.1,5.8,10.4,51,55
202606482,113,5.6,3.08,3.9,4.1,8.7,48,42
202606482,2,6,3.16,6.1,4.2,7.2,55,29
202606482,59,5.6,2.63,4.3,5,9,50,26
203921694,13,8.9,2.23,4.6,4.3,4.9,46,116
203921694,8,8.1,2.44,5.2,4.3,5.3,52,103
203921694,268,9,3.19,6.5,3.9,5.8,66,71
203921694,7,6.9,2.66,5.1,4.2,6,50,56
203921694,127,8.6,3.18,4.3,3.6,7.1,64,50
203921694,3,8.2,3.42,4.9,3.9,8.3,65,48
203921694,236,8.6,1.93,5.5,5.1,4.3,54,46
3494294,121,5.1,2.85,7.5,4.8,6.2,60,98
3494294,64,5.5,3.03,7.2,5.1,8.3,58,88
3494294,104,6.6,2.18,6.3,5.6,5.9,44,50
3494294,5,5,2.4,7.5,5.8,6.3,62,42
3494294,4,8.3,2.63,4.3,4.2,6.8,54,28
3494294,76,6.2,3.84,7.8,4.2,8.4,83,18
3494294,59,4.4,3.49,3.9,5.6,15.8,88,8
210296071,16,0.5,2.27,2.4,6.5,12.4,64,225
210296071,36,6,2.05,4.6,5.5,6.6,62,34
210296071,40,0.5,2.2,1.8,5.9,11.2,59,22
210296071,24,5.7,2.13,4.7,5.3,6.6,60,10
210296071,4,6.2,2.09,4.3,5.7,7.5,67,6
210296071,29,6.8,7,3,1,4,100,1
210296071,104,4.6,2,4,10,16,100,1
205199428,76,6.2,3,5.8,4.1,6.4,56,193
205199428,164,4.8,2.85,5.9,4.6,7.2,62,121
205199428,121,5.2,2.71,6.7,4.5,5.5,55,47
205199428,498,8.2,2.38,4.3,4.8,7.3,47,32
205199428,113,5.2,3.43,3.2,3.4,8.5,48,27
205199428,154,4.7,5.04,4,3.1,11.6,63,24
205199428,60,4.6,2.19,4.6,5.6,7.6,43,14
209785752,121,5.4,3.83,8.6,3.7,5.7,64,141
209785752,113,5.4,4.63,3.9,2.9,9.4,55,91
209785752,154,5,4.65,4.2,3.1,10.3,49,67
209785752,104,7.1,2.9,7.1,4.4,5.6,48,67
209785752,81,9,3.03,6.5,4.4,7,57,53
209785752,76,6.2,3.13,7.8,4.6,6.7,49,43
209785752,72,5,3.25,3.1,4,10,46,41
209292288,8,8.8,1.99,6.1,5.4,4.7,58,137
209292288,122,8.4,2.28,5.8,4.3,3.9,57,98
209292288,164,5.2,2.44,6.3,5,6,57,92
209292288,121,4.7,2.25,6.3,5.6,6.4,57,54
209292288,5,4.8,2.97,5.9,4.4,7.1,62,53
209292288,42,10.6,2.04,5.5,4.6,3.9,47,53
209292288,104,6.1,2.72,6.8,5.1,7,56,48
208975045,5,6.1,3,5.9,4.1,6.4,68,128
208975045,121,5.3,3.19,7,3.9,5.5,50,117
208975045,104,6.8,3.12,5.3,3.8,6.6,53,89
208975045,2,6.3,3.99,6.8,3.5,7.4,58,77
208975045,48,5,3.39,3.7,3.5,8.2,53,77
208975045,24,6.6,3.35,5.1,3.3,5.8,58,36
208975045,56,6.5,2.8,7.1,4.6,5.8,56,32
3547852,164,8.1,2.22,5.8,4.8,5,63,112
3547852,8,8.7,2.22,4.9,4.3,4.7,57,67
3547852,41,8.7,2.36,5.1,5.3,7.4,49,45
3547852,14,7.9,2.2,2.9,4.5,7,48,40
3547852,24,8.1,1.55,4.9,5.7,4,59,34
3547852,13,9.3,1.36,2.9,5,3.9,33,27
3547852,114,7.8,1.51,5.1,6,3.9,47,17
209161524,81,8.4,3.72,5.6,3.3,6.6,62,101
209161524,18,8.5,3.76,6.4,3.3,6,61,49
209161524,51,8.7,3.13,5.8,4,6.8,61,41
209161524,8,8.7,4.06,5.5,2.7,5.4,70,33
209161524,498,8.7,2.65,4.4,3.8,5.5,43,21
209161524,38,7.9,4.64,6.3,2.5,5.3,67,18
209161524,201,1.9,3.92,1.7,3,10.1,53,17
207850002,30,7.6,1.98,6.9,7.2,7.4,59,308
207850002,26,6,1.95,2.7,6.2,9.3,50,30
207850002,134,7.3,1.25,3.9,7.3,5.2,35,23
207850002,81,7.8,1.81,4.2,5.1,5,50,20
207850002,96,8,1.89,5.9,7,7.4,75,8
207850002,33,4.8,2.35,2.8,6.5,12.5,50,4
207850002,16,0.8,2.08,2.3,8,14.3,33,3
208191209,164,5.7,2.52,6,4.7,5.8,53,34
208191209,113,5.1,4.01,4.1,3.6,10.4,61,28
208191209,2,5.5,3.47,7.2,4.9,9.6,67,27
208191209,64,4.7,3.29,6.3,4.4,8.3,58,24
208191209,121,5.1,3.8,9,4.3,7.5,70,23
208191209,72,5.6,3.79,3.5,3.1,8.4,62,21
208191209,59,4.9,3.86,5.3,4.2,11,63,19
206944308,43,1.9,3.24,2.3,4,10.7,56,253
206944308,201,2,3.01,1.2,4.1,11.2,48,82
206944308,40,0.7,2.99,1.6,4.2,11.1,58,69
206944308,223,2,2.37,1.6,4.6,9.2,52,60
206944308,44,1.8,2.73,1.2,4,9.8,54,39
206944308,117,1.1,3.86,1.8,3.7,12.6,70,37
206944308,497,0.6,2.4,1.3,4.8,10.3,43,35
209692491,5,5.7,3.26,5.5,4,7.6,69,42
209692491,104,6.5,3.47,6.5,3.7,6.4,57,42
209692491,164,5.7,3.44,7.7,4,6.1,71,34
209692491,421,5.6,3.37,5,3.8,7.7,60,20
209692491,498,8.6,3.06,6.2,4,6.1,60,20
209692491,121,5.3,3.93,6.9,3.3,6.2,61,18
209692491,81,8.5,4.38,6.3,3.1,7.4,59,17
209070922,3,9.3,3.8,5.1,3.5,8.2,60,181
209070922,13,10.2,2.69,4.8,3.6,4.8,53,91
209070922,69,10,3.04,5.7,3.4,4.6,60,67
209070922,245,9,3.28,7.7,3.8,4.9,58,57
209070922,39,9.4,3.08,7.8,4,4.5,61,56
209070922,8,9.3,2.58,5.3,3.8,4.6,52,46
209070922,157,9.2,1.79,6.1,5.5,3.8,41,46
5482776,81,8.5,4.29,5.3,3,7.5,58,122
5482776,18,8.8,4.54,6.1,2.8,6.4,58,62
5482776,498,9,3.69,6.7,3.6,6.5,59,39
5482776,51,8.9,3.41,4.6,3,5.5,57,35
5482776,110,8.7,3.1,5.6,4.3,7.8,50,26
5482776,96,9,4.23,5.8,2.8,6,71,14
5482776,145,8.7,4.61,7.2,3,6.7,67,12
2866544,136,7.7,3.85,6.4,3.7,7.9,64,259
210078073,30,7.6,2.11,6.5,6.5,7.2,57,511
210078073,26,6,1.82,2,5.9,8.8,50,22
210078073,81,6.3,1.91,3.7,6.4,8.6,61,18
210078073,3,8.1,2.53,5.4,5.1,7.4,38,16
210078073,16,0.5,1.77,1,5.3,8.4,30,10
210078073,111,2.7,2.54,2.1,4,8,71,7
210078073,134,7.2,1.5,3.8,5.6,4.6,20,5
210412595,81,9.2,3.94,7.1,3.6,7.1,67,60
210412595,145,9.2,5.14,9.4,2.9,5.5,78,55
210412595,498,9.4,4.44,8.3,3.6,7.6,69,45
210412595,51,9.2,4.42,7.2,3.1,6.5,58,38
210412595,202,8.9,4.62,7.9,3.2,7,58,24
210412595,110,9.3,4.86,7.3,3.1,7.8,75,12
210412595,96,9.1,3.59,7.7,3.9,6.3,60,10
201481153,145,8.6,2.76,7,4.2,4.6,61,54
201481153,81,8.5,2.59,5.7,4.5,6,56,39
201481153,498,9,2.92,5,3.7,5.9,65,26
201481153,67,8.3,1.61,3.8,4.3,3.1,30,23
201481153,202,8.6,3.77,5.8,3.8,8.4,67,21
201481153,51,8.7,3.09,5.9,3.5,4.9,75,16
201481153,96,9,1.97,5.7,4.8,3.7,64,14
210168129,12,1.5,3.91,2,3.6,12,57,42
210168129,497,0.6,5.91,2.6,2.7,13.5,72,36
210168129,223,2.3,4.68,2.2,2.8,10.9,61,36
210168129,201,2.5,4.83,1.3,2.9,12.8,71,24
210168129,98,2.3,4.94,2.7,2.9,11.5,63,24
210168129,44,2.6,4.26,1.2,3.2,12.5,58,19
210168129,14,4.9,3.19,2.6,3.9,9.9,75,16
201009223,81,8.6,3.05,5.6,4,6.7,59,96
201009223,51,9.5,3.38,4.8,3,5.2,55,82
201009223,498,9.5,3.4,6.3,3.8,6.6,63,62
201009223,145,8.7,2.63,5.8,4,4.7,44,43
201009223,18,9.3,4.44,7.2,3.1,6.8,67,27
201009223,110,9.1,2.58,4.5,3.5,4.4,38,21
201009223,202,8.1,3.43,5.5,3.8,7.6,59,17
204544908,223,2.2,3.73,2.4,3.6,11.1,59,79
204544908,44,2.2,3.62,1,3.3,11.1,70,40
204544908,497,0.7,4.18,2,3.3,11.9,65,34
204544908,12,1.6,3.5,2.3,3.4,9.5,44,32
204544908,40,0.8,4.31,1.7,3.4,13,58,26
204544908,201,2.2,3.42,1.1,3.4,10.4,50,20
204544908,412,1.5,4.21,2,2.8,9.9,53,17
4735341,24,8.6,1.98,5.6,4.7,3.7,55,886
4735341,114,8.2,1.48,4,4.9,3.2,51,88
4735341,58,9.4,2.09,4.2,4.1,4.4,52,60
4735341,8,8.1,1.47,3.9,5.3,3.9,35,55
4735341,39,8.1,1.42,5.2,6.4,3.8,34,35
4735341,96,8.5,1.91,5.9,5.7,5,41,22
4735341,40,0.6,1.78,1.2,5.2,8,31,13
4823948,76,6,3.78,6.9,3.8,7.4,68,197
4823948,104,6.5,3.32,7.2,4.2,6.7,69,62
4823948,2,5.3,2.48,5.2,4.4,5.7,60,10
4823948,64,4.9,2.96,6.8,5.4,9.3,78,9
4823948,121,5,2.56,7.2,6,8.2,50,6
4823948,54,5.1,2.42,2.3,3,5,50,4
4823948,117,3.2,2.07,2.5,7,12,100,2
210167954,81,8.9,3.44,7.8,4.5,7.6,68,47
210167954,498,9.7,3.94,8.1,3.9,7.1,76,29
210167954,145,9.5,2.58,9.3,5.8,5.6,52,25
210167954,202,8.7,3.42,6.1,4.2,8.3,57,23
210167954,51,9.7,2.96,6.7,4.1,5.3,65,20
210167954,13,9.5,2.11,7.4,5.5,4.2,44,18
210167954,110,10,3.14,8.8,4.6,5.7,81,16
1309737,164,8.1,2.23,5.8,4.5,4.2,62,151
1309737,41,8.5,2.73,5.5,4.2,6,61,96
1309737,39,8.2,2.15,7.1,5,3.7,51,82
1309737,14,7.3,2.71,3.5,4,7.4,47,64
1309737,150,8.4,1.94,3.7,4.4,4.7,46,63
1309737,13,8.6,1.59,4.2,4.7,3.2,60,57
1309737,8,8.3,1.91,4.4,4.6,4.3,44,54
208771386,121,4.9,2.83,6.6,4.7,6.6,54,70
208771386,59,5.1,3.38,4.9,4.7,11.1,52,52
208771386,64,5.1,3.77,6.5,3.8,7.7,67,49
208771386,24,5.7,2.62,4.7,4.2,6.2,48,44
208771386,164,4.5,2.14,5.6,5.9,7,46,41
208771386,13,8.3,2.36,5.1,4.6,5.7,53,38
208771386,113,5.1,3.95,3.8,3.7,10.8,66,35
203769662,142,8.2,3.27,6.6,3.9,6.3,55,99
203769662,50,8.2,3.15,5.4,3.8,6.5,47,73
203769662,3,8.3,3.72,4.1,3.2,7.8,55,49
203769662,13,9.2,2.52,5.1,3.9,4.8,49,45
203769662,69,8.5,2.38,5.5,4.7,5.6,63,35
203769662,268,9.2,3.22,6.7,3.7,5.3,59,34
203769662,7,7.3,2.94,5.9,3.7,5,52,31
6968626,157,8.5,2.57,6.2,4.3,4.8,60,242
6968626,8,8.2,3.05,5.2,3.7,6.1,50,34
6968626,114,7.7,1.98,4,3.8,3.5,43,23
6968626,202,8,3.93,5.1,3.8,10.1,63,19
6968626,150,7.9,3.35,3.8,3.3,7.3,77,13
6968626,164,7.4,2.3,4.6,4.2,5,42,12
6968626,112,9.2,5.41,6.6,2.2,5.3,80,10
207100227,142,8,3.81,7.3,3.8,7.1,63,83
207100227,69,8.3,2.98,6.6,4,5.3,66,61
207100227,55,7.6,3.95,10,4.1,6.2,71,58
207100227,134,9,3.85,6.6,3.6,7.1,59,44
207100227,163,8.1,2.71,6.4,4.8,6.5,54,35
207100227,268,8.3,2.86,5.2,4,6.3,51,35
207100227,13,9,3.11,5.8,3.9,6.3,51,35
204098604,27,8.3,2.44,3.3,4.6,7.8,58,163
204098604,98,2.8,3.52,2.7,4.2,12,64,102
204098604,497,0.6,3.25,2.2,4.2,11.5,51,72
204098604,16,0.6,2.41,1.5,5,10.5,51,55
204098604,40,0.8,3.78,2.2,4.1,13.2,58,43
204098604,223,2.4,2.57,1.6,4.3,9.4,50,28
204098604,516,2.8,3.43,2.6,3.7,10.1,60,20
4286691,267,0.5,3.26,3.1,5,13.4,62,318
4286691,20,5.4,3.81,2.6,3.5,10.8,59,69
4286691,21,6.8,2.56,8.3,6.3,7.9,41,37
4286691,77,5.4,3.24,6.6,4.3,7.2,70,30
4286691,81,6.7,2.62,5.3,4.5,6.6,56,25
4286691,223,1.9,2.4,3.2,5,8.8,48,21
4286691,16,0.5,2.77,1.7,4.8,11.6,63,19
1890305,41,8.9,2.88,4.3,3.8,6.6,61,199
1890305,164,8.5,2.89,5.5,3.7,5.3,66,119
1890305,8,8.7,2.23,4.5,3.9,4.2,53,106
1890305,24,8.7,1.78,4.5,4,2.6,55,77
1890305,150,8.7,2.21,4,4.1,5.2,55,51
1890305,39,8.8,1.98,6.4,4.9,3.2,41,49
1890305,126,8.9,2.16,4.4,4.5,5.4,51,41
2881442,164,7.2,2.52,5.1,4.3,5.9,51,119
2881442,150,8.6,2.59,4.6,3.9,5.4,55,105
2881442,85,8.6,3.2,5.6,3.4,5.3,60,96
2881442,68,8.3,2.95,4.6,3.5,5.7,58,89
2881442,58,9.2,2.81,4.9,3.7,5.5,67,72
2881442,114,8,1.9,4.7,4.5,3.8,52,66
2881442,113,5.6,3.53,3.9,4,10.1,54,48
4989204,142,7.5,2.72,5.8,4.1,5.3,52,96
4989204,13,9,2.71,5.6,4.3,6.1,53,60
4989204,43,7.4,3.49,2.8,3.1,8.2,52,54
4989204,163,8.2,2.78,4.9,4.2,6.7,63,49
4989204,7,7.6,3.63,8,3.5,4.6,71,35
4989204,268,8.9,2.78,5,3.8,5.6,63,35
4989204,164,7,1.97,5.8,5.6,5.3,56,32
210167948,81,9,2.84,6.8,4.6,6.3,63,80
210167948,429,9.5,2.59,6.3,4.6,5.5,54,54
210167948,51,9.5,2.16,5,4.7,5.3,46,50
210167948,498,9.7,2.77,6.6,4.8,6.8,49,41
210167948,110,9.1,3.35,7.6,4.2,6.6,69,29
210167948,18,9.5,3.49,7,3.7,6,70,23
210167948,96,9,2.63,8.1,5.5,6.2,50,22
206358340,81,9,2.61,6.2,4.7,6,57,185
206358340,51,9.4,2.27,5.1,4.4,5,51,172
206358340,498,9.3,2.86,6,4.5,6.9,61,109
206358340,202,8.7,2.51,5.7,5,6.9,59,85
206358340,145,8.9,2.23,7.1,5.3,4.8,49,76
206358340,18,9.3,2.46,6.4,4.7,5.3,51,37
206358340,110,9.2,2.09,4.9,5.1,5.7,41,32
209298024,164,7,2.69,5.2,4,5.4,64,69
209298024,150,7.6,2.59,3.9,3.3,4.6,53,51
209298024,114,7.7,1.68,3.9,4.3,3.2,52,50
209298024,14,7.2,3.13,2,3.1,7.6,69,36
209298024,36,7.1,2.93,3.5,3.3,6.1,58,31
209298024,81,7.6,2.53,3.7,4,6.5,38,21
209298024,24,7.5,2.53,4.9,3.7,4.4,55,20
2713769,497,0.7,4.25,2.6,4.1,14.7,76,112
2713769,12,1.7,3.43,1.7,3.9,11.8,56,90
2713769,40,0.6,3.37,2,4.1,11.9,66,86
2713769,25,0.7,3,2,4.7,12.1,60,58
2713769,89,1.8,2.77,1.7,5.7,14,61,23
2713769,201,2,3.01,1.2,3.8,10.3,45,22
2713769,412,1.5,3,1.6,3.9,10.1,52,21
3511615,12,1.5,3.2,1.9,4.2,11.6,58,175
3511615,497,0.6,3.66,2.6,4.2,12.8,59,129
3511615,223,2,3.07,2.4,4,9.9,63,111
3511615,25,0.7,3.49,2.3,4.2,12.4,52,73
3511615,143,1.3,2.69,2.9,4.7,9.8,61,41
3511615,201,1.9,3.19,1.6,4,11,53,40
3511615,412,0.7,2.11,1.6,4.7,8.3,32,34
210249023,81,8.4,2.88,5.5,4.3,7,55,148
210249023,498,8.9,3.26,5.2,3.4,5.9,54,91
210249023,51,8.8,3.01,5.4,3.7,5.9,54,78
210249023,145,8.5,2.72,6.2,4.4,5.7,53,74
210249023,110,8.5,3,5.2,3.8,6.1,54,57
210249023,18,9,4.04,6.6,3.1,5.8,65,40
210249023,4,7.2,1.78,3,4.9,5.7,38,26
1785347,105,6.3,3.4,8.9,4.2,5.3,66,285
1785347,1,5.4,3.04,5.4,4.4,7.9,62,37
1785347,61,7.4,2.97,7,4.9,7.7,56,16
1785347,31,6.9,2.94,7.4,4.3,5.1,58,12
1785347,127,6.3,1.09,2.3,7.3,5.7,33,3
1785347,33,3,2.91,1.5,5.5,14.5,50,2
1785347,427,4,2.43,1.5,3.5,7,0,2
203020098,81,7.7,2.41,5.8,5.2,6.9,51,85
203020098,498,8.3,2.83,6.5,4.7,6.9,62,69
203020098,145,8,2.6,7.1,4.9,5.5,61,59
203020098,51,7.8,1.97,5,5.4,5.6,55,53
203020098,202,7.3,2.36,5.7,5.4,7,53,53
203020098,110,8.6,2.46,6.3,4.9,5.7,53,17
203020098,236,7.6,1.79,5.3,6.8,6.8,50,16
202021894,24,6.5,2.76,4.4,3.8,6,56,72
202021894,72,5.5,3.5,3.2,3.8,10.2,63,62
202021894,5,5.6,2.54,5.4,4.6,6.4,52,54
202021894,154,5.7,3.5,3.1,3.1,7.6,37,43
202021894,121,5.4,3.52,7.5,3.9,6.2,63,41
202021894,2,5.9,3.79,7.1,3.9,7.6,61,41
202021894,143,2,2.53,3.2,4.8,9.1,54,39
3440481,268,9.4,3.01,4.8,3.4,5.5,59,111
3440481,39,9,2.73,7.6,4.6,4.8,68,69
3440481,157,8.7,2.12,5.4,4.7,4.6,62,68
3440481,8,8.4,2.2,5.3,4.7,5.1,34,67
3440481,142,8.3,3.21,6.4,3.9,6.2,51,51
3440481,50,8.7,3.88,5.9,3.3,6.9,52,46
3440481,7,8.2,3.83,7.3,3.4,5.6,54,37
4046217,164,7.1,1.95,7,5.8,4.3,61,262
4046217,24,7.7,1.34,5.2,6.2,3.1,48,123
4046217,114,7.8,1.47,6.1,6.3,3.1,59,111
4046217,104,5.7,1.66,5.6,6.4,4.9,46,28
4046217,8,7.4,1.15,4.9,7.9,4.2,46,26
4046217,150,7.7,1.5,3.6,5.7,5,45,20
4046217,126,7,1.43,3.9,6.8,5.8,42,19
204394141,104,7,3.34,6.6,4,6.8,59,32
204394141,81,8.1,2.81,5,4.3,7,55,31
204394141,164,5.7,3.17,6,4.1,7.1,74,27
204394141,121,5.4,3.27,6.5,3.7,5.6,55,22
204394141,5,5.4,2.48,5.9,5.1,6.7,57,21
204394141,2,5.6,3.43,4.7,3.4,6.9,67,18
204394141,76,6.3,5.6,8.7,3,8.1,90,10
209376444,81,8.8,3.33,5.5,3.6,6.7,50,106
209376444,498,9,2.86,5.7,4.4,6.8,50,64
209376444,51,9.1,3.74,5.7,3,5.5,60,58
209376444,110,9.4,3.4,5,3.1,5.6,56,57
209376444,18,9.2,3.1,5.1,3.2,4.9,51,47
209376444,96,8.6,2.56,4.7,3.7,4.9,46,41
209376444,429,9,3.67,5.6,3,5.4,63,35
209742739,76,5.6,4.47,8.3,3.5,7.5,66,212
209742739,60,4.3,2.92,5.6,4.8,8.3,53,30
209742739,64,4.2,2.96,6.1,4.8,8,42,12
209742739,134,8.3,3.1,5.2,3.5,5.8,73,11
209742739,412,0.3,2.88,1.5,4.6,11.8,55,11
209742739,104,5.4,3.5,6.1,4,7.9,56,9
209742739,236,7.4,1.58,6,6,3.5,0,2
206966030,5,6,3.91,7.8,3.8,6.9,77,113
206966030,107,6,3.42,8.5,4.2,5.7,76,42
206966030,164,4.6,3.6,6.9,4.3,8.5,63,38
206966030,121,4.9,3.34,7.6,4,5.9,52,23
206966030,2,5.3,3.05,5.1,3.9,6.8,67,21
206966030,64,5.2,3.81,6.4,3.7,7.8,70,20
206966030,421,5.9,3.01,6.7,5.2,8.8,77,13
204062750,223,1.6,2.6,2.2,5,10.7,54,319
204062750,12,1.2,2.7,2.2,5.4,12.3,54,253
204062750,497,0.5,3.09,2.4,4.7,12.1,60,151
204062750,201,1.7,3.5,1.4,4.2,13.2,56,127
204062750,44,1.7,3.01,1.7,4.2,10.9,51,103
204062750,25,0.6,2.79,2.4,5.3,12.3,52,99
204062750,154,4.9,3.78,3.7,3.9,10.9,57,58
208684744,145,8.6,2.66,6.8,4.7,5.6,59,58
208684744,81,7.8,2.99,5.2,4,6.8,63,51
208684744,412,0.6,3.94,1.6,3.6,12.8,57,44
208684744,223,2.1,3,1.5,3.6,9.4,57,37
208684744,89,1.8,2.98,1.8,4.8,12.5,65,34
208684744,202,8.3,2.98,4,3.7,7.1,61,33
208684744,25,0.8,3.47,2,3.7,10.7,53,30
203073673,110,9.1,2.55,5.9,4.5,5.7,55,192
203073673,81,8.6,2.68,4.9,4.3,6.7,53,147
203073673,51,9.1,2.49,5.2,4.5,6,58,101
203073673,18,8.7,2.27,4.5,4,4.6,48,54
203073673,498,8.9,2.36,5,4.8,6.3,45,47
203073673,96,8.8,2.56,6,4.8,6.2,47,43
203073673,202,8.6,3.52,5.3,3.9,8.4,71,34
205499309,164,5.7,2.89,6.8,4.6,6.5,60,65
205499309,121,5.7,4.74,8.8,3.3,6.7,74,47
205499309,5,6,2.75,5.1,4.1,6.3,71,35
205499309,2,6,3.96,5.7,3.1,6.6,62,29
205499309,48,5.7,4.04,3.7,2.9,8.1,59,29
205499309,113,5.4,5.47,4,2.8,11.5,75,24
205499309,76,6.3,3.4,4.6,2.9,5.1,65,20
5258842,91,7.5,2.75,7.7,4.5,4.6,55,503
5258842,90,7.9,2.66,3.6,4.3,7.8,45,76
5258842,40,0.6,2.72,1.4,4.6,11,60,45
5258842,202,7.4,3.44,4,3.3,7.5,56,32
5258842,3,7.5,2.67,3.4,3.5,5.8,54,13
5258842,64,5.2,3.2,4.9,3.7,7,45,11
5258842,59,5.1,2.53,4.2,5,8.4,22,9
209173070,81,9.2,4.99,6.3,2.7,7,59,37
209173070,8,9.3,4.09,5.9,2.9,5.9,62,26
209173070,67,8.5,2.24,3.1,3.2,4,54,26
209173070,498,9.7,3.32,4.9,3.1,5.5,39,23
209173070,145,9.5,2.84,5,3.2,4.2,50,18
209173070,50,8.9,2.93,3.6,3,5.2,50,18
209173070,13,10.3,4.79,5.9,2.4,5.5,69,16
210168031,81,8.9,3.66,5.9,3.6,7.2,65,93
210168031,51,9.5,3.36,6.7,4,6.9,62,84
210168031,498,9.8,4.18,7.2,3.6,7.8,74,65
210168031,67,8.8,2.61,6.2,4.5,5.5,56,34
210168031,145,9,2.88,8.8,5,5.5,52,33
210168031,110,9.2,3.09,5.2,3.8,6.4,47,30
210168031,96,9.4,3.38,7.2,4,6.4,59,29
1410285,27,8.1,3.22,4.4,3.8,7.8,63,83
1410285,39,8.4,2.03,5.1,4.9,4.8,55,71
1410285,41,8.2,2.59,4.6,4.4,6.7,71,41
1410285,50,7.6,2.3,4.4,4,4.9,47,32
1410285,136,7.6,3.59,3.9,3.5,8.7,60,25
1410285,126,7.7,2.07,4.1,5.1,6.4,62,21
1410285,24,7.4,2.34,5.2,4.5,5.2,55,20
210168025,25,0.7,3.07,2.2,4.4,11.2,66,70
210168025,12,1.6,2.82,2.4,4.8,11.1,58,69
210168025,497,0.6,2.89,2,4.4,10.6,60,55
210168025,223,1.9,2.24,1.9,4.8,8.9,46,39
210168025,43,1.8,2.55,3,5.3,10.4,40,25
210168025,16,0.6,3.2,1.1,3.5,10.2,57,21
210168025,89,1.9,3.07,1.9,4.7,12.4,60,15
208458477,122,7.2,2.42,4.8,3.7,4.2,55,1075
208458477,75,6.9,1.78,3.4,4.1,3.9,49,79
208458477,50,6.4,1.57,3.3,4.9,4.4,35,34
208458477,54,6.3,2.43,2.4,3.6,6.3,46,26
208458477,12,2.5,2.02,1.5,4.5,7.5,42,24
208458477,39,7,1.6,4.9,5.2,3.5,29,17
208458477,14,6.8,2.13,1.7,3.3,5.3,44,16
4566463,81,8.3,3.26,5.5,3.8,6.7,57,118
4566463,110,9,2.91,5.6,3.8,5.5,57,110
4566463,25,0.7,3.47,2.4,4.1,11.6,54,92
4566463,96,8.9,2.85,5.9,4,5.4,60,84
4566463,12,1.6,2.47,2,4.8,9.7,53,66
4566463,43,1,2.87,2.7,4.2,9.3,53,64
4566463,51,8.8,2.41,5,4.4,5.5,44,62
202561023,121,5,4.03,8.2,3.6,6.1,68,117
202561023,76,5.9,4.01,6.8,3.5,7.1,52,60
202561023,150,7.3,2.86,3.8,3.1,4.9,51,53
202561023,164,5,3.53,7.6,4.2,7.1,67,48
202561023,113,4.8,3.99,3.4,3.4,10.2,49,43
202561023,59,4.6,4.91,4,3.1,11.3,56,34
202561023,2,4.8,3.59,5.1,3.8,8.4,57,21
203542532,497,0.6,3.48,2,4.3,12.9,61,134
203542532,12,1.5,2.83,1.5,4.6,11.5,53,125
203542532,223,2,2.85,1.9,4.1,9.7,57,94
203542532,25,0.7,3.53,2.4,4.3,12.7,61,87
203542532,201,1.8,2.68,1.3,4.7,11.1,36,70
203542532,44,2.1,3.1,1.3,4.5,12.6,48,40
203542532,43,0.9,2.39,2,5.5,11,54,35
204167188,164,5.5,3.63,7.2,3.8,6.6,59,46
204167188,113,5.1,6.07,4.8,2.7,11.8,68,37
204167188,121,5.5,4.43,7.8,3.1,6,71,31
204167188,2,5.7,4.09,6.9,3.3,6.5,72,25
204167188,81,8.3,3.96,7.3,3.7,7.3,53,19
204167188,5,5.3,3.21,7.2,4.2,6.4,65,17
204167188,64,5,3.85,6.3,3.8,8.1,63,16
5670561,41,8.6,1.91,3.9,5.1,5.8,49,69
5670561,164,8.3,2.39,5.9,4.3,4.5,60,63
5670561,114,8.7,1.82,5.3,4.9,3.6,56,43
5670561,50,8.5,2.1,4.2,4.6,5.5,60,40
5670561,8,8.9,1.91,4.8,4.6,3.9,58,36
5670561,13,9.4,1.97,5.3,5.1,4.7,61,33
5670561,39,8.8,2.26,6.8,4.9,4.2,52,31
3454455,13,8.8,3.95,5.4,2.9,6.1,60,223
3454455,268,8.9,3.02,4.8,3.3,5.2,54,128
3454455,163,8.5,3.28,5.1,3.6,6.8,54,72
3454455,69,8.5,2.73,5.7,4.2,5.6,51,61
3454455,110,8.8,2.95,4.3,3.6,6.4,56,50
3454455,164,6.7,2.84,5,3.9,6.1,63,49
3454455,42,9.4,2.85,5.8,3.5,4,45,44
210167935,143,1.3,2.75,3.3,4.3,8.4,70,47
210167935,91,7.9,1.97,5.4,4.5,3.5,50,32
210167935,90,8.3,2.5,3.7,4.7,8.1,64,25
210167935,8,7.8,2.08,4.9,5.9,7.4,50,20
210167935,117,6.7,3.75,3.3,2.9,7.7,63,19
210167935,14,7.9,4.08,3.8,2.7,7.3,67,18
210167935,13,8.9,1.77,4.3,4.6,3.7,39,18
205248873,142,8.1,3.46,7.4,4.2,7.1,64,39
205248873,13,8.9,2.71,4.7,3.8,5.6,53,36
205248873,50,8.3,3.91,5.2,3.3,7.6,62,34
205248873,163,8.8,2.98,5.5,4.4,7.6,37,27
205248873,3,8.6,4.47,3.5,2.5,7.5,62,26
205248873,268,8.7,2.65,3.9,3.9,6.4,63,24
205248873,39,8.1,2.8,6.5,3.9,4.4,65,17
206897280,76,6.6,3.57,6.8,3.8,6.7,66,47
206897280,164,5.3,3.02,5,4.4,8.3,63,35
206897280,64,5.3,4.06,6.9,3.7,8.2,68,31
206897280,107,5.9,2.6,7.2,4.7,4.9,59,27
206897280,121,5.2,3.57,8.1,4.1,6.5,58,26
206897280,2,6.1,5.04,5.4,2.5,7,75,20
206897280,421,6.3,4.43,8.5,3.7,7.8,67,12
207309342,64,5.2,3.64,7.5,4.3,8.1,58,33
207309342,164,5.5,2.61,6.4,5.2,7.1,54,24
207309342,24,6.1,3.27,6.9,3.9,5.9,68,19
207309342,56,6,3.28,7.7,4.1,5.7,68,19
207309342,104,6.8,3.2,8.1,4.9,7.8,58,19
207309342,76,6,4.1,7.1,3.5,7.1,65,17
207309342,5,5.2,3.03,5.2,4,6.9,73,15
4586738,78,6,2.61,3.6,3.7,6,56,572
4586738,245,6.2,2.18,5.3,4.6,4.8,50,38
4586738,3,6.7,2.63,3.4,4.1,7.4,48,33
4586738,516,5.8,2.16,2.3,4,6.2,41,27
4586738,24,6.3,1.56,4.1,4.9,3.5,63,16
4586738,58,6.9,1.76,3.9,4.7,4.5,33,15
4586738,19,5.6,1.64,4.1,6.2,6.1,43,14
200543394,27,7.7,3.28,3,3.5,8.5,66,44
200543394,150,7.7,2.82,4.6,3.6,5.5,60,40
200543394,12,1.7,2.66,1.6,5,11.7,56,39
200543394,68,7.8,3.26,4.3,3.4,6.8,67,27
200543394,14,7.8,2.49,2.5,3.4,6.1,46,26
200543394,78,6.5,2.68,2.7,2.9,5,64,25
200543394,41,8.6,3.2,3.3,3.4,7.6,63,24
1646013,164,7.7,2.85,4.8,3.7,5.8,51,90
1646013,41,8.9,3.53,3.5,3.3,8,69,61
1646013,114,8.5,2.43,3.6,3.1,3.9,50,28
1646013,8,8.4,2.39,3.7,4.2,6.3,56,16
1646013,27,7.8,3.1,3.2,3.5,7.5,60,15
1646013,14,7.6,3,2.4,3.1,6.9,64,14
1646013,150,8.1,2.03,2.8,2.9,3,50,14
203011568,113,5.1,4.68,3.7,2.9,9.9,61,56
203011568,76,5.9,3.87,6.5,3.6,7.5,54,39
203011568,81,8.4,4.91,5.3,2.5,7.1,76,34
203011568,72,5.3,5.35,3.2,2.3,9.2,73,26
203011568,121,5.2,2.95,5.7,3.8,5.4,57,21
203011568,2,6,5.37,6.3,3,9.6,55,20
203011568,104,5.9,2.64,4.9,4.2,6.1,44,18
210406219,5,5.7,2.66,6.9,5.3,7.1,66,240
210406219,164,5.4,2.49,8.3,6,6.8,61,89
210406219,24,6.9,1.94,5.8,5.4,4.8,50,46
210406219,58,7.8,1.38,4.4,5.5,3.3,45,31
210406219,11,6.9,2.06,7,5.8,5,59,22
210406219,427,4.3,2.59,2,4.5,9.6,50,22
210406219,48,5,1.69,3,5.5,6.3,36,14
206501884,40,1.1,3.85,1.6,3.4,11.4,53,49
206501884,154,4.5,4.19,3.4,3.4,11,59,29
206501884,59,4.5,3.36,3.7,4.4,11.2,48,29
206501884,98,3.4,4.3,2.5,3.4,12,56,27
206501884,64,5.4,4.74,6.8,2.9,6.8,74,23
206501884,421,5.5,3.9,4.8,3.4,8.3,65,20
206501884,163,8,3.12,4.7,3.7,6.8,65,20
201232698,201,2,4.13,1.2,3.1,11.5,51,183
201232698,12,1.7,2.83,2,4.4,10.4,45,99
201232698,497,0.5,3.54,1.4,3.3,10.4,54,81
201232698,223,2.1,3.07,2,4,10.3,51,69
201232698,16,0.6,3.75,1.5,3.4,11.2,55,55
201232698,98,2.5,3.87,2.7,3.6,11.4,64,53
201232698,81,8.6,3.62,4.5,3,6.3,49,49
6203629,164,4.7,2.11,5.5,6.3,7.9,62,50
6203629,121,4.6,2.25,8,6.3,6.1,54,41
6203629,2,4.9,2.51,5,5.6,9.1,65,31
6203629,5,4.5,2.03,6.3,6.9,7.8,62,26
6203629,107,5.8,3.04,6.2,4.3,7,86,21
6203629,76,5.3,3.16,6.8,5.2,9.6,53,17
6203629,72,4.9,2.67,2.8,4.4,8.9,63,16
6358198,41,8.1,2.92,4.4,3.9,6.9,59,61
6358198,150,7.7,2.61,4.3,3.8,5.6,55,33
6358198,164,7.3,3.12,6.4,4,5.9,64,28
6358198,114,8.4,2.3,4.9,4,4.3,80,15
6358198,113,4.7,2.98,3.5,3.3,6.2,40,15
6358198,50,7.9,3.34,5.7,3.4,5.5,93,14
6358198,126,7.8,2.1,5.4,5.2,5.5,40,10
2855003,27,8.5,2.9,5.2,4,6.4,65,340
2855003,105,6.5,1.21,4.1,5.2,2.1,27,15
2855003,54,5.4,1.97,3.3,4.6,5.9,50,8
2855003,111,5.3,1.44,1.9,5.6,6.1,43,7
2855003,58,7.3,1.35,1.7,5.7,6,67,3
2855003,17,7,0.63,1,8,4,50,2
2855003,1,6.3,2.8,2,2.5,5,50,2
