"","251448","251709","377501","666395","755064","870355","909429","1025353","1309737","1410285","1646013","1785347","1890305","2099284","2335652","2373709","2474930","2525174","2713769","2855003","2866544","2871097","2881442","2915344","3141212","3386550","3440481","3454455","3494294","3511615","3516152","3547852","3706811","3863724","4046217","4189540","4286691","4440078","4513526","4566463","4586738","4735341","4823948","4989204","5258842","5312679","5482776","5670561","5775781","5797364","6197385","6203629","6282837","6341504","6358198","6451200","6871165","6965193","6968626","7024597","8021595","8027026","200203708","200543394","200594011","200621317","200670975","200831019","201009223","201200763","201232698","201236882","201386115","201481153","202001440","202021894","202103602","202561023","202606482","202784392","202937359","203011568","203020098","203073673","203542532","203553813","203769662","203870735","203921694","204024521","204062750","204098604","204167188","204245747","204394141","204531622","204544908","204613894","204672058","205199428","205213320","205248873","205499309","205914660","205923395","206247678","206280171","206358340","206360056","206452044","206491319","206501884","206772826","206897280","206944308","206948172","206966030","207100227","207309342","207332319","207443723","207570975","207629924","207850002","207874718","207884486","207922335","207987339","207991322","208191209","208276269","208357607","208458477","208537812","208670326","208684744","208710504","208714024","208771386","208788053","208975045","209063179","209070922","209084978","209157499","209157896","209161524","209173070","209176499","209230380","209238536","209283868","209292288","209298024","209324581","209333159","209376444","209484553","209533359","209682437","209685625","209692491","209703318","209742739","209785752","209834687","209899057","209992902","210078073","210082154","210160071","210160161","210160163","210167927","210167931","210167935","210167948","210167954","210168020","210168025","210168031","210168045","210168114","210168129","210168209","210249023","210253977","210296071","210406219","210412595","210426282","210429901","210461522","210504307","210515107","210574406","210581300"
"251448",NA,1,1,0,1,0,0,0,0,1,0,1,2,3,1,2,1,2,2,2,3,0,3,2,3,4,7,0,0,1,0,0,2,1,3,1,0,1,1,0,4,3,0,4,1,0,0,1,4,3,6,0,0,3,0,0,0,0,1,2,0,4,0,0,0,1,4,0,2,0,0,1,3,0,0,0,2,0,1,1,2,0,3,7,3,1,1,3,3,1,6,2,1,3,4,6,0,1,2,0,2,0,0,1,1,1,3,0,1,1,1,1,5,4,0,1,0,1,1,0,2,0,1,0,0,0,0,0,1,0,0,2,5,3,5,1,1,1,0,2,0,0,1,2,4,0,1,0,1,0,3,1,1,0,1,1,2,1,1,0,0,0,2,0,3,0,1,1,1,0,0,0,3,0,4,4,0,1,1,4,0,1,1,0,1,2,2,0,0,0,3,1,1,6,0,4,0
"251709",1,NA,0,1,0,0,0,0,3,2,0,0,3,1,2,0,0,0,2,0,0,0,0,1,0,1,2,1,0,0,1,0,0,0,1,1,0,2,3,4,0,1,1,0,0,0,0,1,0,2,0,1,0,4,0,3,1,0,2,1,0,0,0,0,0,1,1,0,1,0,1,1,0,0,0,1,0,0,0,3,0,0,6,0,1,0,1,2,0,1,0,1,0,1,0,1,0,0,4,1,0,0,0,2,3,0,1,1,0,0,0,0,1,0,0,0,1,1,1,0,1,0,0,0,0,1,0,1,0,0,0,1,3,0,0,0,1,4,0,1,2,0,3,0,1,3,0,0,0,0,0,4,1,0,4,1,1,0,0,0,0,1,1,0,4,0,0,1,0,2,0,0,0,0,3,1,1,0,0,1,0,1,0,0,3,1,4,4,1,0,0,0,0,1,1,1,0
"377501",1,0,NA,0,3,1,1,0,1,0,0,0,1,0,3,2,0,1,1,1,0,0,3,1,0,3,0,0,0,0,0,0,0,1,2,0,0,0,0,0,1,2,0,1,0,0,0,0,1,1,0,0,0,2,0,0,1,0,0,1,0,0,0,0,1,0,1,0,2,0,1,0,0,1,0,3,0,0,0,1,1,0,0,0,2,0,2,1,1,0,0,1,0,1,0,1,0,0,1,0,0,0,0,0,0,0,0,0,1,0,0,1,1,0,0,1,0,0,0,0,0,1,2,0,0,0,2,0,0,1,0,0,0,0,0,2,0,0,0,0,1,0,1,1,1,0,1,1,1,1,2,1,2,0,0,6,0,0,0,0,0,0,0,0,3,0,0,0,0,1,0,0,2,0,1,1,1,0,1,0,0,0,0,0,2,2,0,1,1,0,3,0,1,1,0,2,1
"666395",0,1,0,NA,1,1,1,3,0,1,0,1,2,0,1,1,1,1,1,0,0,1,1,0,1,1,5,1,0,4,3,1,0,4,0,2,0,0,3,0,0,0,0,1,0,0,2,1,1,3,0,1,3,4,0,0,2,0,1,2,2,1,0,1,2,0,0,2,0,4,2,1,0,0,1,1,1,0,0,1,1,4,1,1,1,1,3,3,0,1,2,1,2,2,0,1,0,0,0,3,0,0,0,0,0,0,0,0,1,3,1,0,0,0,2,0,0,0,4,0,5,0,1,1,1,1,0,2,0,1,0,0,1,0,0,2,4,0,3,0,0,1,3,2,0,0,0,0,2,0,1,0,1,0,0,2,0,1,0,0,1,0,1,2,4,0,0,0,0,0,1,1,0,0,2,0,0,1,0,0,1,0,0,1,0,0,0,1,0,1,1,0,0,0,0,0,0
"755064",1,0,3,1,NA,2,0,1,0,0,0,0,3,2,7,0,0,0,1,0,0,0,1,3,1,5,0,0,0,0,1,0,1,1,3,0,0,2,5,0,1,4,0,7,0,0,0,1,1,3,1,1,0,0,0,0,3,0,1,1,1,1,0,0,0,0,1,0,0,0,1,0,2,0,0,0,1,0,0,1,0,0,1,2,1,1,0,2,0,0,0,2,1,1,4,1,2,1,4,1,2,0,1,0,3,1,0,2,1,0,0,0,1,0,4,1,0,0,0,1,2,0,1,2,0,0,1,1,0,0,0,0,4,4,0,1,0,1,0,0,0,1,1,0,0,0,0,1,0,1,1,0,1,0,0,2,1,1,0,0,0,0,1,0,2,1,0,0,0,0,1,2,3,0,1,2,3,0,0,0,2,0,0,0,1,3,2,1,0,0,1,0,2,1,2,2,0
"870355",0,0,1,1,2,NA,0,1,1,1,0,1,2,0,1,1,1,1,0,0,0,0,0,0,0,1,3,0,1,0,0,0,0,0,2,1,0,0,1,1,0,0,0,0,1,0,0,0,0,0,0,2,0,2,0,0,0,0,0,0,0,1,0,0,2,0,3,0,1,0,0,1,0,1,1,0,0,1,0,1,0,0,1,0,0,0,0,0,1,0,0,0,0,0,0,1,0,0,0,1,0,1,1,0,0,0,2,0,0,0,0,0,2,0,0,1,0,0,0,0,0,1,0,0,0,0,0,0,0,1,1,0,0,1,0,2,1,1,1,0,0,1,0,0,0,1,0,1,0,0,0,0,2,1,0,0,0,0,1,0,0,0,1,1,0,0,0,2,0,1,1,0,1,1,2,0,0,1,2,0,1,0,2,0,2,0,2,1,0,0,1,0,1,2,1,0,0
"909429",0,0,1,1,0,0,NA,0,2,2,0,2,2,1,1,0,1,0,0,0,0,0,0,0,2,1,3,0,1,1,0,0,0,5,0,1,0,0,0,0,2,0,0,0,2,0,1,0,2,0,0,0,0,2,0,0,2,0,0,0,0,3,1,0,0,1,2,0,0,0,2,0,0,0,4,1,0,0,0,0,0,0,0,0,0,0,2,2,1,1,1,0,1,0,0,0,0,0,0,0,0,0,0,0,1,0,0,2,3,0,1,0,0,0,1,1,1,1,1,0,3,2,0,0,2,0,0,0,0,1,0,0,0,0,1,3,2,0,0,0,1,1,0,0,1,0,0,0,1,1,0,1,0,0,0,1,1,0,0,0,0,0,1,1,0,0,2,1,0,0,0,1,0,1,0,1,0,0,0,0,0,0,2,0,0,0,0,1,0,3,0,0,1,0,0,0,0
"1025353",0,0,0,3,1,1,0,NA,2,2,0,0,3,5,3,1,0,1,4,1,0,0,2,0,2,0,2,3,1,3,3,0,1,2,1,0,0,3,4,0,1,3,0,0,2,0,0,0,3,5,1,0,5,1,0,0,0,0,0,0,0,0,2,1,2,1,1,0,3,5,2,3,1,0,1,0,0,0,1,6,1,0,0,0,1,3,2,5,1,1,5,2,1,3,2,1,0,0,1,1,1,0,1,0,2,0,0,3,0,0,2,3,1,1,2,2,0,1,1,0,2,1,1,0,4,2,1,1,2,0,0,0,1,0,2,1,3,1,1,0,1,1,1,2,0,0,0,1,1,1,1,3,2,1,1,2,1,2,0,0,2,0,1,0,4,1,1,1,0,1,0,2,2,1,2,1,1,0,0,2,0,1,1,1,1,4,0,0,1,2,1,0,4,0,1,0,0
"1309737",0,3,1,0,0,1,2,2,NA,2,4,0,5,2,3,0,0,1,2,1,1,1,2,5,4,3,5,2,2,7,4,2,3,4,3,0,0,2,2,3,2,4,0,1,3,0,3,2,6,0,1,1,1,6,4,0,1,0,2,1,1,1,6,1,2,3,2,2,3,1,7,4,0,3,1,1,1,2,0,4,4,3,2,1,1,1,1,2,2,3,7,2,2,4,0,1,1,2,2,4,0,0,2,0,2,0,0,6,5,0,4,1,5,2,1,1,1,2,4,0,5,0,0,1,1,1,0,5,1,3,0,2,3,4,1,4,7,0,1,0,1,1,7,4,2,0,1,2,4,5,2,3,0,1,1,0,3,2,3,2,1,1,1,2,9,4,2,3,1,1,2,6,3,1,6,1,5,1,2,0,2,2,2,1,0,0,4,0,1,1,1,0,3,3,1,0,3
"1410285",1,2,0,1,0,1,2,2,2,NA,1,0,2,3,7,2,1,0,2,5,0,1,2,0,1,5,4,1,4,4,0,3,1,5,2,4,0,1,3,3,1,0,0,3,3,0,1,0,2,2,3,0,1,1,2,0,1,1,1,1,1,1,1,1,1,0,1,1,2,1,4,0,0,2,0,3,1,0,0,0,1,0,0,1,0,1,3,3,0,0,2,0,0,2,4,2,0,2,0,2,0,2,0,0,0,1,1,1,0,0,0,1,0,4,2,0,0,0,1,1,2,0,1,0,1,3,0,1,0,0,1,0,6,1,1,4,0,2,1,1,3,0,0,1,0,1,3,0,3,1,3,0,2,1,2,2,0,1,3,1,2,2,2,0,0,1,1,2,0,1,0,3,3,0,1,0,1,3,2,1,2,0,1,2,2,1,2,0,0,4,2,0,1,0,2,0,0
"1646013",0,0,0,0,0,0,0,0,4,1,NA,0,2,2,0,0,0,0,0,0,0,0,0,0,0,1,1,0,0,1,0,1,1,0,0,0,0,0,2,0,0,0,0,0,0,0,0,1,1,1,1,0,0,0,0,0,0,0,0,1,1,0,0,0,0,0,1,0,1,0,3,3,0,2,0,0,0,0,0,0,0,0,0,0,1,0,2,1,1,0,2,1,0,1,0,1,2,1,0,0,1,2,1,0,0,0,1,0,1,0,0,0,1,0,0,1,0,1,0,0,1,0,2,1,0,0,1,1,0,2,0,0,0,1,1,2,3,1,0,0,0,0,2,1,2,0,0,1,1,0,2,0,1,0,1,2,0,0,0,0,1,0,0,0,2,0,1,2,0,0,0,1,0,0,2,0,0,0,0,1,0,0,0,0,2,3,1,1,0,0,0,0,0,1,0,0,0
"1785347",1,0,0,1,0,1,2,0,0,0,0,NA,1,1,3,2,2,0,0,0,0,0,0,0,1,2,3,0,0,1,0,0,0,2,0,4,0,0,2,0,6,4,0,0,1,0,0,0,4,2,0,1,0,1,1,0,3,1,2,1,0,1,0,1,1,0,4,0,0,0,0,0,0,2,0,2,2,0,0,0,0,0,0,1,0,0,0,1,3,0,1,1,0,0,2,0,0,0,0,2,2,1,0,1,1,1,2,1,0,0,2,1,0,0,3,0,0,0,0,2,1,0,1,0,0,0,1,0,0,2,1,0,0,0,0,5,1,1,1,0,1,0,0,2,0,0,1,0,1,1,2,1,0,1,1,3,3,1,0,1,0,2,2,1,3,0,0,0,0,0,2,1,2,1,1,0,0,0,1,0,0,0,2,1,0,2,0,0,1,0,1,1,2,3,0,1,0
"1890305",2,3,1,2,3,2,2,3,5,2,2,1,NA,3,1,1,2,0,3,0,1,0,2,3,2,7,10,1,2,2,4,2,2,7,1,1,0,0,6,2,2,3,1,3,1,0,1,3,3,2,4,3,1,7,5,2,3,1,2,3,0,4,1,0,3,1,2,0,0,3,2,0,3,2,5,0,4,3,0,2,1,1,3,5,3,4,5,10,6,3,5,4,2,0,0,1,1,1,1,0,6,2,3,1,5,4,1,7,2,1,0,0,5,3,5,4,0,2,2,1,5,0,2,0,0,1,2,1,4,2,1,1,3,3,1,3,5,3,5,1,1,1,5,1,1,1,2,2,2,7,6,1,3,1,1,3,0,3,1,2,4,2,4,1,6,1,5,1,0,0,0,1,3,3,3,3,1,2,2,4,2,2,4,2,3,3,7,1,3,3,1,3,0,5,0,1,0
"2099284",3,1,0,0,2,0,1,5,2,3,2,1,3,NA,0,1,0,2,1,2,1,0,5,3,1,3,2,0,3,6,0,0,0,2,2,3,0,3,3,0,1,2,0,1,1,1,0,3,3,0,0,0,1,5,0,0,0,0,2,1,0,1,3,0,0,1,1,0,2,2,0,3,0,4,1,1,2,1,1,3,3,1,1,4,1,0,1,1,0,0,2,2,1,2,0,0,1,3,2,4,2,1,0,1,0,3,3,3,1,0,1,1,2,0,1,4,0,0,3,2,2,1,2,0,1,1,0,1,0,0,0,0,2,2,1,2,1,1,1,1,1,1,2,1,1,3,1,2,5,2,1,1,1,2,1,2,1,1,0,0,3,3,4,0,4,1,0,1,0,0,0,2,2,2,5,2,1,3,0,3,2,1,0,4,4,1,0,0,3,1,0,0,1,3,1,4,0
"2335652",1,2,3,1,7,1,1,3,3,7,0,3,1,0,NA,2,1,1,2,1,0,0,0,3,4,5,3,1,1,0,3,1,0,3,0,2,0,2,0,5,1,1,0,1,2,0,0,3,3,4,3,1,0,0,0,0,2,1,0,1,0,1,1,2,0,1,1,1,8,0,2,0,2,3,2,3,0,0,0,0,0,2,2,1,4,1,3,5,3,1,1,2,0,1,3,2,1,0,2,2,1,1,1,1,1,1,2,2,1,0,1,3,2,1,2,1,1,3,2,3,5,0,4,0,4,3,0,2,1,0,1,0,8,2,2,1,1,0,0,2,0,2,4,4,2,2,0,0,0,1,3,0,3,3,0,1,2,3,0,1,2,2,5,1,7,4,0,1,0,3,1,1,1,4,0,3,3,2,1,2,0,1,0,1,3,3,4,0,1,0,1,1,1,2,0,4,3
"2373709",2,0,2,1,0,1,0,1,0,2,0,2,1,1,2,NA,0,0,2,1,0,0,1,1,1,2,3,0,0,0,0,0,0,2,1,0,0,1,1,0,4,2,0,2,1,2,0,0,3,0,0,0,0,0,1,0,1,0,0,1,2,0,0,1,1,0,2,0,1,0,0,0,2,0,0,4,3,0,0,0,2,0,1,1,1,1,0,1,2,0,2,1,0,0,0,0,0,0,0,1,1,2,0,1,3,2,4,1,0,0,0,1,2,0,2,1,0,0,0,0,1,0,1,1,1,2,1,0,0,0,1,0,3,0,1,1,1,0,3,0,1,1,1,1,0,0,0,1,1,1,1,0,1,0,0,2,1,1,0,0,0,2,3,2,1,0,0,0,0,0,0,0,2,0,2,2,0,1,2,1,0,1,0,0,1,2,0,0,0,1,1,2,1,5,0,1,0
"2474930",1,0,0,1,0,1,1,0,0,1,0,2,2,0,1,0,NA,0,1,0,0,0,0,0,0,2,3,0,1,0,1,1,0,0,0,0,2,0,3,0,0,0,0,0,0,0,1,2,2,0,2,0,1,2,0,0,0,0,0,2,0,0,0,0,0,0,2,0,0,0,1,0,0,0,0,0,0,0,0,0,1,0,0,1,0,0,0,1,0,0,2,1,0,0,0,1,0,1,1,0,0,1,0,0,0,0,0,1,2,1,1,0,1,0,0,0,0,4,0,0,1,0,1,1,0,0,0,0,0,1,1,0,0,0,1,0,0,0,1,0,1,1,1,0,0,0,0,0,0,0,2,1,0,0,1,0,0,0,0,0,0,0,0,0,2,0,0,0,0,0,0,1,0,0,3,0,0,0,0,0,0,0,0,0,1,0,1,0,1,0,0,0,2,1,0,0,0
"2525174",2,0,1,1,0,1,0,1,1,0,0,0,0,2,1,0,0,NA,0,0,0,0,1,0,0,0,2,0,0,0,2,1,0,3,1,1,0,0,0,0,1,0,0,0,1,0,1,1,0,0,0,0,0,0,0,0,0,0,1,1,0,1,0,0,1,0,1,1,2,2,0,2,0,3,1,0,0,0,0,0,1,0,0,0,0,0,0,3,1,0,0,1,3,0,0,1,0,5,0,0,0,1,0,0,1,0,2,3,1,1,0,0,2,2,0,0,0,2,1,0,3,1,0,0,0,0,0,2,2,0,0,0,4,4,0,1,2,0,0,0,0,0,0,0,3,0,0,0,0,0,0,0,1,1,0,0,0,0,0,0,0,2,0,1,1,0,0,0,0,0,1,0,1,0,2,0,0,2,1,2,1,1,1,2,4,1,0,1,0,5,1,1,1,0,0,0,0
"2713769",2,2,1,1,1,0,0,4,2,2,0,0,3,1,2,2,1,0,NA,1,1,0,1,2,0,2,2,0,1,2,2,1,0,2,0,1,3,2,2,2,2,3,0,0,0,0,0,0,2,3,0,2,1,3,0,1,0,1,1,0,0,2,0,0,0,0,1,2,0,1,2,0,1,1,0,0,1,1,2,1,3,0,1,1,1,0,2,1,3,2,0,1,0,1,0,2,0,2,0,0,1,1,1,2,0,0,0,1,0,0,1,3,2,0,3,2,0,0,3,1,5,0,0,0,2,1,0,0,0,0,0,2,1,0,1,2,0,0,0,0,2,1,2,0,0,0,1,0,1,1,2,2,1,0,0,2,2,1,0,3,0,2,2,1,1,0,0,0,0,2,1,2,3,1,2,0,2,0,4,1,0,1,4,1,0,4,2,1,1,2,3,1,0,0,1,0,0
"2855003",2,0,1,0,0,0,0,1,1,5,0,0,0,2,1,1,0,0,1,NA,3,0,0,0,0,1,3,0,0,0,1,1,2,1,1,1,0,1,0,0,0,1,0,0,0,0,0,0,0,0,0,1,0,1,0,0,0,1,3,1,1,0,1,0,0,0,2,0,2,0,0,2,4,2,0,2,2,0,0,0,0,0,0,2,0,0,1,2,1,0,2,2,0,1,0,2,0,0,0,0,1,0,1,0,0,2,2,1,0,0,0,0,0,1,1,0,0,0,0,0,2,0,1,0,0,0,0,0,1,0,2,0,2,0,0,0,0,0,0,2,0,0,1,2,4,0,0,0,0,2,1,0,0,1,1,1,0,2,0,0,0,1,1,0,0,0,1,0,0,0,0,6,1,0,1,0,0,1,0,1,1,0,1,0,1,0,1,0,1,0,0,0,0,1,0,2,0
"2866544",3,0,0,0,0,0,0,0,1,0,0,0,1,1,0,0,0,0,1,3,NA,0,0,0,0,0,1,1,0,0,0,2,0,0,2,0,0,0,2,0,1,0,1,0,1,0,0,0,2,0,1,0,0,0,0,0,0,1,0,1,0,0,0,0,0,0,0,0,1,0,1,0,0,1,0,0,0,0,0,0,0,1,0,2,2,0,0,0,0,0,5,0,0,0,0,0,0,1,1,1,0,0,1,0,0,1,0,1,1,2,1,0,2,1,1,0,0,1,0,0,4,0,0,0,0,1,0,0,1,0,1,0,1,0,1,0,2,0,0,0,0,0,0,0,2,2,0,0,1,0,0,0,1,1,0,1,2,1,0,0,0,1,2,0,1,0,0,0,0,0,1,0,1,0,0,0,1,0,0,0,0,0,1,0,0,0,0,0,0,1,1,0,1,2,0,2,0
"2871097",0,0,0,1,0,0,0,0,1,1,0,0,0,0,0,0,0,0,0,0,0,NA,0,0,0,0,1,0,1,0,0,0,0,0,0,0,0,0,0,0,0,0,0,0,0,0,0,0,0,0,0,0,1,0,0,0,0,0,0,0,0,0,0,0,0,0,0,0,1,0,0,0,0,0,0,1,0,0,0,0,1,0,0,0,0,0,0,1,0,0,0,1,0,0,0,0,1,0,0,1,0,0,1,0,0,0,0,2,0,0,0,1,0,0,0,0,0,0,0,0,1,0,0,0,0,0,1,0,0,0,0,0,1,0,0,0,1,0,0,0,0,0,0,0,0,0,0,1,0,1,0,0,1,0,0,0,0,0,0,0,0,0,0,1,0,0,0,0,0,0,1,0,0,0,0,0,0,0,0,0,0,0,0,0,0,0,0,0,0,0,0,0,0,0,0,0,0
"2881442",3,0,3,1,1,0,0,2,2,2,0,0,2,5,0,1,0,1,1,0,0,0,NA,1,3,4,4,0,3,2,1,1,2,1,3,1,1,1,0,1,1,1,1,2,0,0,0,0,4,1,2,1,1,2,0,1,2,2,2,2,0,2,1,2,0,0,1,0,0,1,1,0,0,0,0,1,3,3,1,1,2,0,3,0,3,1,0,4,3,1,3,2,0,1,2,3,1,0,1,0,1,0,2,1,0,0,1,2,0,2,1,3,1,0,0,1,0,0,0,0,1,1,0,1,1,0,1,0,1,1,0,0,2,4,1,3,1,0,0,0,1,0,1,1,2,1,0,1,2,3,2,3,1,1,2,2,2,1,1,2,1,1,5,1,2,0,0,2,0,0,0,2,0,0,2,2,3,1,0,1,0,1,1,0,3,3,1,4,4,0,0,1,3,1,0,3,1
"2915344",2,1,1,0,3,0,0,0,5,0,0,0,3,3,3,1,0,0,2,0,0,0,1,NA,0,0,4,1,2,2,2,4,0,2,3,3,1,2,4,2,1,3,0,2,0,0,0,1,4,1,0,1,3,5,0,0,1,0,1,2,0,2,0,2,1,0,7,0,4,0,2,1,0,0,0,1,2,0,0,1,3,0,3,0,2,1,1,3,1,1,1,3,0,1,0,3,2,1,0,0,0,0,0,1,2,3,1,3,2,0,0,1,2,2,0,2,2,1,5,0,3,0,3,0,1,0,0,0,1,0,0,1,1,3,1,1,1,0,0,1,6,0,1,1,1,1,0,0,1,3,1,0,3,3,0,2,1,0,0,0,1,0,3,0,3,2,0,1,0,0,0,2,0,0,1,2,0,0,0,1,0,0,1,0,3,0,1,2,3,0,0,0,3,2,0,0,1
"3141212",3,0,0,1,1,0,2,2,4,1,0,1,2,1,4,1,0,0,0,0,0,0,3,0,NA,1,3,0,1,0,0,1,0,2,4,6,0,1,0,1,1,3,0,0,0,1,1,1,4,0,1,0,3,3,1,1,2,0,1,2,1,0,0,0,1,2,2,0,1,1,2,1,0,2,0,0,1,0,0,3,0,1,1,0,3,2,4,3,2,1,5,2,0,4,2,1,3,0,1,1,0,0,0,0,0,1,0,0,2,2,1,3,3,0,0,2,0,6,4,1,2,0,1,0,0,1,1,0,1,0,0,2,0,1,0,0,3,0,0,0,1,3,1,1,0,1,1,0,1,3,0,0,0,0,1,2,0,3,0,0,0,0,2,0,3,2,0,1,0,1,1,1,1,1,1,2,1,0,0,2,0,0,0,1,1,1,2,1,4,0,1,1,2,3,1,0,2
"3386550",4,1,3,1,5,1,1,0,3,5,1,2,7,3,5,2,2,0,2,1,0,0,4,0,1,NA,8,3,2,6,2,1,4,3,2,2,1,2,4,0,2,3,0,6,3,0,0,4,2,1,2,1,1,4,2,0,4,0,5,2,0,2,1,1,0,1,1,1,5,0,7,0,3,3,1,1,0,1,3,1,3,0,3,1,1,1,3,4,6,0,6,2,1,2,1,2,2,2,0,3,2,1,1,1,3,3,3,1,6,2,2,1,1,0,4,1,3,1,2,0,7,0,2,1,4,0,1,1,1,4,2,0,2,2,0,5,5,2,1,2,0,1,5,5,1,1,2,1,7,7,8,1,2,0,3,5,1,2,1,1,0,4,6,2,5,0,3,1,1,0,1,6,3,3,5,1,1,2,5,6,1,0,4,1,3,5,2,2,2,1,3,0,1,5,0,0,0
"3440481",7,2,0,5,0,3,3,2,5,4,1,3,10,2,3,3,3,2,2,3,1,1,4,4,3,8,NA,1,3,7,6,0,0,6,6,4,0,1,1,0,1,6,0,4,4,0,12,2,5,1,2,5,5,8,3,0,1,0,4,6,1,4,2,1,3,3,2,0,7,4,5,12,3,3,3,1,3,2,0,3,1,4,3,7,2,0,3,6,4,0,13,2,2,2,3,3,0,2,4,3,1,2,3,0,5,4,4,8,5,1,2,0,5,1,1,0,0,3,1,1,10,0,1,1,4,1,1,2,2,2,1,0,6,4,2,0,6,0,2,0,0,0,7,2,3,0,1,4,2,8,6,2,0,0,5,7,3,2,3,1,1,3,7,4,6,0,1,8,1,0,1,6,4,1,7,3,1,6,3,10,4,1,1,1,6,1,5,3,2,4,3,1,0,2,1,1,1
"3454455",0,1,0,1,0,0,0,3,2,1,0,0,1,0,1,0,0,0,0,0,1,0,0,1,0,3,1,NA,1,1,2,1,1,2,1,1,0,0,2,0,2,1,0,1,2,0,0,1,2,0,1,1,2,4,2,0,0,1,0,1,1,0,0,0,2,3,0,0,1,0,5,0,6,1,0,0,0,0,0,2,3,0,0,0,0,1,2,2,0,1,5,2,0,0,0,0,0,0,0,0,1,1,0,0,1,0,0,6,0,3,0,0,0,1,0,0,1,1,0,0,9,1,2,1,1,0,0,1,2,2,0,1,1,1,2,0,1,0,0,0,0,1,0,3,1,0,0,1,6,0,2,0,0,0,0,4,2,3,2,0,1,0,0,0,0,1,0,0,1,0,0,0,0,0,1,0,0,0,0,1,3,0,0,0,0,1,0,0,0,0,0,1,0,0,0,0,0
"3494294",0,0,0,0,0,1,1,1,2,4,0,0,2,3,1,0,1,0,1,0,0,1,3,2,1,2,3,1,NA,0,0,0,0,0,1,2,0,0,2,2,0,1,0,0,1,0,0,4,0,0,1,0,1,3,1,0,2,0,0,0,0,1,3,1,0,1,3,0,2,0,1,0,0,2,0,0,3,3,1,1,4,0,1,2,0,0,2,2,2,0,1,1,0,0,2,0,0,1,1,0,1,2,3,0,1,1,1,3,0,0,0,1,1,1,1,0,0,2,1,0,1,0,0,0,2,1,0,1,0,0,0,0,5,1,5,2,0,0,0,1,0,0,1,0,0,1,0,1,2,1,2,0,0,0,0,0,1,1,0,0,0,3,1,0,2,1,0,0,0,1,1,0,3,0,1,0,0,1,1,1,0,2,1,2,2,4,1,0,0,0,0,0,0,2,0,1,1
"3511615",1,0,0,4,0,0,1,3,7,4,1,1,2,6,0,0,0,0,2,0,0,0,2,2,0,6,7,1,0,NA,5,4,2,3,4,2,0,0,1,1,0,0,0,0,1,1,2,0,3,1,2,0,0,0,0,0,2,0,1,2,0,0,1,1,3,0,2,0,3,2,4,3,2,1,2,0,0,2,2,3,1,2,3,2,2,1,6,13,3,2,9,2,4,6,0,0,2,2,1,3,0,2,1,0,1,1,3,4,3,2,0,1,2,2,2,0,0,4,2,0,4,1,3,0,1,5,0,1,4,1,1,2,1,2,1,3,7,1,0,1,1,4,4,0,1,0,0,1,5,5,6,1,0,0,8,2,0,1,0,0,2,2,4,0,6,2,0,1,4,0,1,1,2,2,3,2,1,2,4,0,4,2,2,3,0,4,0,0,0,3,3,1,0,2,0,1,0
"3516152",0,1,0,3,1,0,0,3,4,0,0,0,4,0,3,0,1,2,2,1,0,0,1,2,0,2,6,2,0,5,NA,1,2,1,0,0,0,1,5,0,2,2,0,0,1,0,3,1,3,4,3,0,0,2,5,0,1,0,0,1,0,1,1,0,2,0,3,0,1,0,0,1,2,1,2,0,0,3,0,0,0,1,2,0,1,1,1,0,2,1,0,1,0,4,1,2,0,2,2,0,0,1,0,0,1,1,1,3,0,0,0,0,3,0,0,0,1,0,2,0,1,1,0,1,0,1,1,1,0,1,2,0,2,1,0,3,0,0,1,0,2,7,1,0,2,0,0,0,2,0,0,2,0,0,1,1,2,3,0,1,0,1,1,1,1,0,2,0,0,1,0,2,1,0,1,0,0,1,2,1,2,0,2,2,0,2,2,0,1,1,0,0,2,1,1,1,0
"3547852",0,0,0,1,0,0,0,0,2,3,1,0,2,0,1,0,1,1,1,1,2,0,1,4,1,1,0,1,0,4,1,NA,0,0,4,0,0,0,1,1,3,0,3,0,1,0,3,0,4,2,0,2,1,1,0,1,1,0,2,2,0,0,0,0,0,1,2,0,0,1,3,0,0,2,2,0,0,0,0,2,0,1,1,0,2,1,2,1,1,1,3,0,0,2,0,2,0,1,0,0,0,2,0,0,1,1,0,6,1,0,0,1,1,0,1,1,1,1,0,0,4,2,1,1,1,2,1,0,2,0,1,1,0,1,0,1,4,1,1,0,0,0,3,1,3,0,0,2,0,2,1,0,1,1,2,1,1,5,1,1,1,1,2,0,2,2,0,1,0,0,3,2,1,0,1,1,1,2,2,0,3,0,1,1,0,2,0,1,0,6,2,1,1,0,0,0,0
"3706811",2,0,0,0,1,0,0,1,3,1,1,0,2,0,0,0,0,0,0,2,0,0,2,0,0,4,0,1,0,2,2,0,NA,2,0,0,0,0,0,0,0,2,0,0,0,0,1,1,2,0,0,0,0,1,0,0,2,1,1,0,0,0,1,0,1,0,0,0,1,0,2,2,0,1,0,0,0,0,0,0,0,0,0,0,2,1,0,1,1,0,4,0,1,0,1,0,0,1,0,1,0,0,0,0,1,1,0,2,1,0,0,0,1,0,0,0,0,3,1,0,2,0,0,0,0,0,0,3,1,0,0,0,0,1,1,0,0,0,0,0,1,0,1,2,1,0,0,1,0,0,4,1,1,0,1,2,1,1,0,0,0,1,0,0,2,1,0,0,0,1,0,0,0,0,1,0,1,1,0,1,0,1,0,0,0,1,0,1,1,0,0,0,0,0,0,0,0
"3863724",1,0,1,4,1,0,5,2,4,5,0,2,7,2,3,2,0,3,2,1,0,0,1,2,2,3,6,2,0,3,1,0,2,NA,3,3,1,0,3,2,2,0,0,3,1,0,1,1,1,0,0,2,1,1,0,2,1,0,1,1,0,0,0,0,1,0,1,0,3,4,3,4,0,0,2,1,4,2,0,0,2,1,3,2,2,1,3,3,1,0,8,3,0,2,2,1,2,2,1,1,0,1,3,1,0,3,4,4,2,0,1,0,0,0,2,1,0,2,1,0,3,0,1,0,4,1,1,0,0,1,0,0,7,3,3,2,3,2,1,0,1,2,1,0,2,0,1,2,1,1,0,1,2,0,3,3,2,5,0,0,0,1,2,4,2,1,0,1,0,0,0,2,1,1,2,3,0,4,4,3,0,1,4,1,3,2,1,0,2,2,4,2,3,7,1,1,0
"4046217",3,1,2,0,3,2,0,1,3,2,0,0,1,2,0,1,0,1,0,1,2,0,3,3,4,2,6,1,1,4,0,4,0,3,NA,1,1,0,1,1,0,2,0,1,1,3,1,5,3,0,0,0,2,1,1,0,3,0,2,2,1,3,0,0,0,1,0,1,1,0,0,1,0,3,1,0,0,0,2,0,2,1,2,0,4,0,3,6,1,3,4,3,0,3,1,0,1,0,2,2,1,3,1,1,1,1,0,3,2,0,1,2,5,0,0,1,0,5,0,0,5,1,2,0,0,4,0,0,0,0,0,0,0,3,9,0,1,0,2,1,2,2,3,1,0,2,0,0,0,4,1,0,5,1,4,3,1,0,0,0,1,0,7,1,3,2,0,0,0,2,0,1,3,0,3,1,0,2,0,2,0,0,0,0,2,2,2,0,3,1,1,0,4,1,0,2,3
"4189540",1,1,0,2,0,1,1,0,0,4,0,4,1,3,2,0,0,1,1,1,0,0,1,3,6,2,4,1,2,2,0,0,0,3,1,NA,0,1,4,1,1,6,0,1,3,0,0,0,2,2,2,0,0,2,1,0,1,1,3,0,0,2,2,0,0,1,0,2,2,0,0,0,0,4,0,0,4,0,0,1,0,0,2,0,1,1,0,1,3,1,1,2,1,0,2,2,1,2,3,1,0,0,4,1,2,1,1,1,1,1,0,0,0,0,1,1,0,2,3,1,6,0,0,1,0,2,1,0,1,3,1,0,6,1,1,2,3,1,1,1,1,2,2,1,5,0,1,0,1,0,1,0,3,0,1,3,0,3,0,1,1,0,4,1,3,2,1,0,0,1,0,1,4,3,1,2,0,2,3,3,1,0,0,1,1,1,2,0,2,0,1,0,4,3,0,2,2
"4286691",0,0,0,0,0,0,0,0,0,0,0,0,0,0,0,0,2,0,3,0,0,0,1,1,0,1,0,0,0,0,0,0,0,1,1,0,NA,1,1,0,0,2,0,1,0,0,0,0,2,0,0,1,0,1,0,0,0,0,0,0,0,1,0,0,1,0,0,0,1,1,1,0,0,0,0,0,0,0,0,1,0,0,0,0,3,2,0,0,0,0,1,0,0,0,0,0,1,0,1,0,1,0,1,0,1,0,0,0,0,0,1,0,0,1,0,0,0,0,0,0,2,0,1,0,1,0,0,0,0,0,0,0,0,1,1,1,0,0,0,0,0,0,2,0,3,1,1,0,0,2,0,0,4,1,0,2,2,1,0,0,0,0,2,0,0,0,1,0,0,0,0,0,0,1,0,0,1,0,0,1,0,0,0,0,0,1,0,0,1,0,0,0,2,1,1,0,0
"4440078",1,2,0,0,2,0,0,3,2,1,0,0,0,3,2,1,0,0,2,1,0,0,1,2,1,2,1,0,0,0,1,0,0,0,0,1,1,NA,1,0,1,1,0,1,1,3,0,0,3,0,1,0,0,5,0,0,0,0,0,0,0,0,0,0,0,0,1,0,2,0,0,1,0,0,0,0,1,0,0,1,0,0,0,0,1,1,2,4,0,0,2,0,0,1,1,0,0,0,1,0,1,0,0,0,0,1,1,0,0,0,0,1,1,0,0,0,0,1,0,0,2,0,1,0,0,1,1,0,0,0,0,0,7,0,1,0,1,0,0,0,0,0,4,0,0,2,0,0,0,0,1,0,2,1,0,0,0,0,0,0,1,0,2,1,0,2,0,0,1,0,1,1,2,0,1,1,0,1,0,0,0,1,0,0,0,0,1,0,2,0,0,0,4,2,0,0,1
"4513526",1,3,0,3,5,1,0,4,2,3,2,2,6,3,0,1,3,0,2,0,2,0,0,4,0,4,1,2,2,1,5,1,0,3,1,4,1,1,NA,0,1,2,0,4,0,0,1,0,3,2,1,2,0,7,0,0,2,0,1,0,1,3,2,0,1,2,2,1,2,1,3,4,1,2,4,1,1,0,0,0,0,1,1,0,2,1,2,3,0,3,1,1,1,1,0,2,3,3,1,2,1,2,0,0,1,1,1,4,1,0,1,1,4,4,0,1,0,1,0,1,1,1,3,1,4,0,1,4,0,1,2,0,1,1,2,0,0,1,1,0,1,1,1,1,0,1,0,0,1,4,2,0,1,1,0,1,1,0,1,0,2,0,3,1,1,0,0,2,1,0,0,0,0,0,1,1,0,1,1,2,4,1,1,0,0,1,4,0,2,4,1,1,1,0,0,0,0
"4566463",0,4,0,0,0,1,0,0,3,3,0,0,2,0,5,0,0,0,2,0,0,0,1,2,1,0,0,0,2,1,0,1,0,2,1,1,0,0,0,NA,1,2,0,0,1,1,0,1,3,3,0,2,1,4,0,1,0,2,2,0,0,0,0,3,0,0,3,0,1,1,3,1,1,1,0,0,0,1,0,2,0,0,2,1,2,1,1,1,0,0,2,0,0,0,0,1,0,0,1,2,0,0,0,0,2,0,0,0,1,0,0,0,0,1,0,1,1,3,0,1,2,0,1,0,0,1,0,0,0,0,2,1,7,1,0,0,0,1,0,4,3,0,2,0,1,1,0,1,0,1,0,3,4,1,3,3,1,1,0,0,0,1,2,1,4,1,0,1,0,1,0,0,0,0,0,2,1,0,0,0,0,0,0,0,0,0,1,0,1,0,2,1,0,1,2,0,1
"4586738",4,0,1,0,1,0,2,1,2,1,0,6,2,1,1,4,0,1,2,0,1,0,1,1,1,2,1,2,0,0,2,3,0,2,0,1,0,1,1,1,NA,2,1,0,3,1,0,2,4,1,1,0,2,2,1,2,1,1,2,1,1,2,0,0,2,1,6,0,2,1,3,1,0,2,3,2,1,2,0,0,1,0,0,0,3,1,1,1,2,1,3,0,0,0,1,4,1,0,2,0,0,1,1,0,1,4,3,1,1,0,2,2,2,0,0,1,0,1,0,0,3,0,4,1,1,1,1,1,0,1,0,2,3,1,2,1,1,0,0,3,1,1,4,0,2,0,1,0,3,1,2,1,0,1,2,2,2,2,1,1,1,1,0,1,2,3,1,0,0,0,1,0,3,0,0,2,2,0,1,1,1,0,2,0,1,1,2,0,2,1,0,1,0,1,0,1,1
"4735341",3,1,2,0,4,0,0,3,4,0,0,4,3,2,1,2,0,0,3,1,0,0,1,3,3,3,6,1,1,0,2,0,2,0,2,6,2,1,2,2,2,NA,0,2,0,1,0,0,6,0,0,0,0,1,2,0,0,0,0,1,1,0,0,0,0,1,6,0,2,0,0,3,1,0,0,2,7,1,0,0,0,0,0,1,2,0,2,2,1,1,4,0,0,0,2,1,0,2,2,0,0,1,0,0,2,2,2,0,1,1,1,3,5,0,0,1,1,1,4,3,3,0,1,0,0,2,0,0,1,0,2,1,4,8,0,0,0,0,0,1,2,0,2,0,0,1,2,0,1,0,0,0,3,0,1,0,1,2,0,0,1,1,1,0,0,2,0,0,0,2,2,2,4,0,3,1,2,0,2,0,0,2,1,0,1,1,4,1,4,0,4,1,5,2,2,4,0
"4823948",0,1,0,0,0,0,0,0,0,0,0,0,1,0,0,0,0,0,0,0,1,0,1,0,0,0,0,0,0,0,0,3,0,0,0,0,0,0,0,0,1,0,NA,0,0,0,0,2,0,0,0,0,0,0,1,5,0,0,1,0,0,0,0,0,0,0,0,0,0,1,0,0,0,0,0,0,0,0,0,1,0,0,0,0,0,0,2,1,0,0,0,1,0,0,0,0,0,0,0,0,0,1,1,0,0,0,0,0,0,0,0,0,0,0,0,0,0,0,0,0,0,0,0,0,0,0,0,0,0,0,1,0,2,0,0,0,0,0,0,1,1,0,0,0,0,1,0,0,0,0,0,0,0,0,0,0,0,0,0,0,0,0,1,0,3,0,1,0,0,0,0,0,1,0,0,0,0,0,0,1,0,0,0,0,0,0,1,0,1,1,0,0,0,0,1,0,0
"4989204",4,0,1,1,7,0,0,0,1,3,0,0,3,1,1,2,0,0,0,0,0,0,2,2,0,6,4,1,0,0,0,0,0,3,1,1,1,1,4,0,0,2,0,NA,1,0,3,0,1,1,1,2,2,1,0,0,3,0,2,0,0,2,1,0,0,3,0,0,3,2,1,0,0,0,1,2,4,0,0,3,2,3,3,0,2,1,2,5,2,0,3,6,1,2,0,0,0,1,2,2,0,1,0,0,0,2,0,1,2,0,2,0,0,1,1,0,2,1,0,2,2,0,3,0,0,1,1,2,1,1,0,1,4,2,1,2,3,1,2,0,0,1,4,7,3,0,0,1,1,1,2,0,2,1,0,3,1,3,0,0,3,2,2,0,3,1,1,1,0,1,0,2,1,0,5,1,0,4,2,1,0,4,0,1,1,2,1,2,4,0,0,0,0,3,0,2,1
"5258842",1,0,0,0,0,1,2,2,3,3,0,1,1,1,2,1,0,1,0,0,1,0,0,0,0,3,4,2,1,1,1,1,0,1,1,3,0,1,0,1,3,0,0,1,NA,0,0,0,7,1,5,1,0,4,1,0,0,1,0,0,0,2,1,0,1,0,1,0,3,0,2,0,1,0,0,0,0,0,0,0,2,0,0,2,1,1,1,2,2,0,2,0,0,2,3,1,1,1,1,1,2,0,0,0,1,1,0,0,0,1,1,0,1,2,0,2,1,2,1,0,3,0,1,0,0,1,1,1,1,0,1,0,1,1,1,0,1,0,0,1,1,0,1,0,1,0,0,0,1,0,3,1,1,0,1,1,2,5,0,0,1,1,3,0,3,1,1,1,1,0,0,3,1,0,0,0,0,1,0,0,4,1,1,3,1,0,0,1,1,1,0,0,0,1,0,0,0
"5312679",0,0,0,0,0,0,0,0,0,0,0,0,0,1,0,2,0,0,0,0,0,0,0,0,1,0,0,0,0,1,0,0,0,0,3,0,0,3,0,1,1,1,0,0,0,NA,0,0,0,1,0,1,1,0,0,0,1,0,0,0,0,0,0,0,0,0,1,0,0,0,0,0,1,0,0,0,1,0,0,0,1,0,0,0,0,1,0,0,0,0,0,1,0,0,0,0,0,0,1,0,0,0,0,0,0,0,1,0,0,0,0,0,2,0,0,1,0,1,0,0,0,0,0,0,0,1,0,0,0,0,1,0,0,0,1,0,0,0,0,0,0,0,0,0,2,0,1,0,0,0,0,0,1,0,1,0,0,0,0,0,0,1,0,0,2,0,0,0,0,0,0,0,0,0,0,0,0,0,0,0,0,0,0,0,0,0,0,0,0,0,1,0,2,0,0,1,1
"5482776",0,0,0,2,0,0,1,0,3,1,0,0,1,0,0,0,1,1,0,0,0,0,0,0,1,0,12,0,0,2,3,3,1,1,1,0,0,0,1,0,0,0,0,3,0,0,NA,1,4,2,3,0,0,1,1,0,0,0,1,2,0,1,0,0,0,1,0,0,2,0,3,2,0,0,0,2,0,0,0,0,0,0,0,3,0,1,0,4,0,1,5,1,2,0,0,1,2,2,1,0,1,0,0,0,0,1,0,7,1,0,0,0,0,1,0,0,0,1,1,0,2,0,0,0,2,1,0,0,1,2,0,0,2,0,1,3,1,1,0,0,2,0,1,1,1,0,0,1,2,2,1,1,0,0,0,1,0,3,0,1,0,1,1,0,2,0,3,2,0,0,0,0,1,1,4,0,0,0,0,2,2,1,0,0,0,0,0,0,1,0,0,0,0,0,1,0,0
"5670561",1,1,0,1,1,0,0,0,2,0,1,0,3,3,3,0,2,1,0,0,0,0,0,1,1,4,2,1,4,0,1,0,1,1,5,0,0,0,0,1,2,0,2,0,0,0,1,NA,3,3,2,1,1,4,0,1,1,0,1,0,0,0,1,1,0,0,0,0,2,1,2,2,0,3,1,2,2,1,0,1,2,2,5,1,2,0,1,3,6,2,2,1,0,5,0,2,1,2,0,1,1,0,0,0,0,2,0,4,2,0,0,1,1,0,0,1,0,3,1,0,2,1,1,2,2,0,0,1,0,0,2,0,3,1,0,0,6,0,1,1,0,0,2,0,0,0,0,2,0,5,0,1,0,0,2,0,2,1,0,0,2,1,3,1,4,1,2,0,2,0,1,0,2,0,1,5,0,1,2,0,0,1,0,0,1,3,4,1,2,0,0,0,0,1,3,0,0
"5775781",4,0,1,1,1,0,2,3,6,2,1,4,3,3,3,3,2,0,2,0,2,0,4,4,4,2,5,2,0,3,3,4,2,1,3,2,2,3,3,3,4,6,0,1,7,0,4,3,NA,4,1,2,1,1,1,0,3,1,1,2,0,1,2,3,3,0,5,0,4,2,2,0,2,1,1,2,1,1,4,0,0,0,0,2,2,1,1,4,2,2,3,3,1,1,3,6,1,6,1,1,4,0,1,2,2,2,2,0,3,1,2,4,5,5,2,1,3,0,5,2,3,0,3,1,2,2,0,2,1,3,2,0,2,8,1,2,3,3,1,2,4,0,1,2,4,0,3,0,1,5,0,3,4,2,1,2,2,5,1,0,0,5,3,3,2,5,1,3,0,1,3,0,2,1,4,1,2,2,3,4,2,0,3,2,2,6,6,1,2,2,3,1,5,0,1,1,6
"5797364",3,2,1,3,3,0,0,5,0,2,1,2,2,0,4,0,0,0,3,0,0,0,1,1,0,1,1,0,0,1,4,2,0,0,0,2,0,0,2,3,1,0,0,1,1,1,2,3,4,NA,1,0,3,0,0,0,1,0,0,0,2,0,0,1,0,0,1,0,1,2,0,2,1,0,1,0,0,0,1,1,0,1,1,0,2,1,0,1,1,2,2,0,1,2,1,1,0,2,0,0,1,3,2,0,0,1,0,2,2,0,0,1,1,1,0,1,1,0,0,0,0,1,1,0,0,1,0,1,2,0,1,0,1,2,1,0,1,0,4,0,1,3,2,0,3,0,0,0,1,1,1,4,4,1,1,2,1,1,0,0,0,7,0,0,3,0,0,0,0,0,3,0,2,1,0,0,0,0,1,0,0,0,0,0,0,2,5,2,1,1,0,0,2,0,1,0,0
"6197385",6,0,0,0,1,0,0,1,1,3,1,0,4,0,3,0,2,0,0,0,1,0,2,0,1,2,2,1,1,2,3,0,0,0,0,2,0,1,1,0,1,0,0,1,5,0,3,2,1,1,NA,0,1,3,1,0,1,0,0,2,0,1,2,0,1,1,1,0,2,0,1,2,1,0,0,0,0,0,1,0,3,3,1,0,0,0,1,2,1,0,1,3,1,2,1,2,0,1,0,0,0,0,0,0,0,2,2,5,1,0,1,1,2,0,2,1,1,2,1,1,1,1,0,1,3,0,0,0,0,2,0,0,1,0,1,1,2,0,0,0,0,2,1,0,0,1,1,1,3,3,2,0,1,0,0,3,0,1,0,0,1,1,6,1,4,0,0,0,0,0,1,1,0,0,1,0,0,1,0,0,1,0,0,2,0,1,1,1,0,0,1,0,0,2,0,0,1
"6203629",0,1,0,1,1,2,0,0,1,0,0,1,3,0,1,0,0,0,2,1,0,0,1,1,0,1,5,1,0,0,0,2,0,2,0,0,1,0,2,2,0,0,0,2,1,1,0,1,2,0,0,NA,0,1,1,0,0,1,0,0,1,2,4,1,0,0,2,0,0,0,1,0,1,0,1,0,1,0,0,0,0,2,3,0,0,1,3,1,2,2,0,1,1,0,0,0,1,1,0,1,0,0,1,0,0,0,1,1,3,0,0,1,2,1,2,0,0,2,0,0,2,0,2,0,2,1,0,0,0,0,0,0,1,0,1,0,1,0,0,1,0,0,3,1,1,0,1,0,0,3,1,1,0,2,4,0,1,1,1,0,2,0,0,1,1,0,0,0,1,0,0,1,0,0,0,0,0,2,0,1,7,1,0,3,1,1,0,0,0,1,2,0,1,1,0,0,0
"6282837",0,0,0,3,0,0,0,5,1,1,0,0,1,1,0,0,1,0,1,0,0,1,1,3,3,1,5,2,1,0,0,1,0,1,2,0,0,0,0,1,2,0,0,2,0,1,0,1,1,3,1,0,NA,5,0,0,2,0,2,0,0,0,1,2,1,0,3,1,1,3,1,3,1,2,1,1,0,4,0,1,3,1,3,0,3,0,1,2,3,0,1,3,0,0,3,1,0,3,0,0,0,3,0,0,0,1,0,2,1,0,2,1,2,0,1,1,0,1,2,0,0,0,0,0,0,0,0,1,2,0,0,0,1,2,2,0,1,0,0,0,0,4,4,1,0,0,1,3,0,3,0,0,3,1,1,0,0,0,0,0,0,3,2,3,3,0,2,0,1,0,0,0,0,0,1,1,0,0,0,2,0,1,0,0,0,0,1,1,1,1,2,0,0,2,2,0,0
"6341504",3,4,2,4,0,2,2,1,6,1,0,1,7,5,0,0,2,0,3,1,0,0,2,5,3,4,8,4,3,0,2,1,1,1,1,2,1,5,7,4,2,1,0,1,4,0,1,4,1,0,3,1,5,NA,0,1,1,0,2,2,0,2,4,3,4,3,4,0,4,2,3,2,0,4,1,1,0,2,2,0,4,0,4,0,5,1,3,6,4,0,6,2,0,1,1,3,0,3,0,1,1,0,2,0,2,2,2,5,0,1,1,0,0,0,1,0,2,5,2,2,2,1,1,0,0,0,1,1,3,1,5,2,3,1,3,1,0,3,2,0,0,1,5,2,1,5,0,2,5,4,4,1,3,1,4,3,2,0,0,1,1,1,4,2,5,0,3,1,2,4,0,1,1,0,6,1,2,0,1,4,4,0,2,1,1,4,3,0,6,2,3,0,3,2,1,1,0
"6358198",0,0,0,0,0,0,0,0,4,2,0,1,5,0,0,1,0,0,0,0,0,0,0,0,1,2,3,2,1,0,5,0,0,0,1,1,0,0,0,0,1,2,1,0,1,0,1,0,1,0,1,1,0,0,NA,1,1,0,0,0,0,3,0,1,0,0,7,0,0,0,1,0,0,0,0,0,1,0,1,1,0,0,0,0,0,0,0,1,0,0,2,0,0,0,2,0,0,0,0,0,1,0,0,0,0,1,0,0,0,0,0,1,1,0,1,0,0,0,0,0,0,0,0,0,0,2,0,0,1,0,1,0,0,0,1,2,0,0,0,0,1,0,0,0,0,0,1,0,0,0,1,1,0,2,0,0,0,1,0,0,0,0,2,1,0,1,0,0,1,0,2,6,1,0,0,0,0,0,0,0,0,0,0,0,0,0,1,0,0,0,1,0,1,0,1,0,0
"6451200",0,3,0,0,0,0,0,0,0,0,0,0,2,0,0,0,0,0,1,0,0,0,1,0,1,0,0,0,0,0,0,1,0,2,0,0,0,0,0,1,2,0,5,0,0,0,0,1,0,0,0,0,0,1,1,NA,0,0,2,1,0,1,0,1,0,0,0,0,0,1,0,2,0,0,0,0,0,0,0,1,0,0,0,0,0,0,1,1,0,0,0,0,0,0,0,0,0,1,1,0,0,0,0,0,0,0,0,0,0,0,0,0,1,0,0,0,0,0,0,0,0,0,0,0,0,0,0,0,0,0,2,0,2,0,0,0,0,0,0,0,1,0,0,0,0,2,0,0,0,0,0,0,0,0,0,0,0,0,0,0,0,0,1,0,2,0,2,0,0,0,0,0,0,0,2,0,0,0,1,0,0,0,0,0,0,0,1,0,1,1,0,0,0,0,3,0,0
"6871165",0,1,1,2,3,0,2,0,1,1,0,3,3,0,2,1,0,0,0,0,0,0,2,1,2,4,1,0,2,2,1,1,2,1,3,1,0,0,2,0,1,0,0,3,0,1,0,1,3,1,1,0,2,1,1,0,NA,2,5,1,1,0,2,1,1,2,3,1,5,2,1,1,1,1,2,1,1,1,0,1,3,3,1,0,1,1,5,6,5,0,4,4,0,1,3,4,2,3,2,1,0,0,2,0,0,3,0,2,3,0,1,1,1,1,0,0,3,1,1,0,2,0,1,1,3,0,0,2,0,1,0,1,2,2,0,1,1,3,2,0,0,0,2,2,1,0,0,2,3,0,2,2,1,1,3,5,3,2,1,1,0,2,3,4,4,1,0,3,0,0,1,1,1,0,3,4,1,2,0,0,0,1,0,0,2,2,1,3,4,0,0,0,1,2,1,0,1
"6965193",0,0,0,0,0,0,0,0,0,1,0,1,1,0,1,0,0,0,1,1,1,0,2,0,0,0,0,1,0,0,0,0,1,0,0,1,0,0,0,2,1,0,0,0,1,0,0,0,1,0,0,1,0,0,0,0,2,NA,1,0,1,0,0,0,0,0,2,0,0,0,0,0,0,0,0,1,0,0,0,0,0,0,0,1,0,0,0,1,2,0,0,0,0,0,1,1,0,0,0,0,0,0,0,0,0,0,0,0,0,0,1,0,1,0,0,0,0,1,0,0,1,0,0,0,1,0,0,0,0,0,2,0,0,0,0,0,1,0,0,0,0,0,1,1,1,0,0,0,1,1,0,0,1,0,0,1,0,2,0,0,0,0,0,0,0,0,0,0,0,0,0,2,1,1,0,0,0,1,1,0,0,0,0,0,0,0,0,0,3,0,0,0,0,0,0,1,0
"6968626",1,2,0,1,1,0,0,0,2,1,0,2,2,2,0,0,0,1,1,3,0,0,2,1,1,5,4,0,0,1,0,2,1,1,2,3,0,0,1,2,2,0,1,2,0,0,1,1,1,0,0,0,2,2,0,2,5,1,NA,3,0,0,1,2,2,1,3,0,2,0,2,3,0,0,1,0,0,0,0,0,0,0,0,2,3,1,0,1,0,0,1,0,0,0,1,0,0,2,0,0,0,0,1,0,0,2,0,0,0,0,1,0,2,0,1,2,0,0,1,0,1,0,1,0,1,1,2,0,1,2,2,2,1,1,2,2,0,2,2,0,1,0,0,1,2,1,0,0,0,0,2,0,1,0,1,3,1,3,0,1,1,0,2,0,3,2,1,2,0,0,2,0,0,0,1,0,0,1,0,0,2,3,0,1,1,2,2,0,1,0,0,0,3,3,2,2,2
"7024597",2,1,1,2,1,0,0,0,1,1,1,1,3,1,1,1,2,1,0,1,1,0,2,2,2,2,6,1,0,2,1,2,0,1,2,0,0,0,0,0,1,1,0,0,0,0,2,0,2,0,2,0,0,2,0,1,1,0,3,NA,0,1,1,0,1,5,2,1,2,0,0,2,1,3,1,1,1,3,1,1,0,1,2,1,2,1,1,4,4,0,3,0,2,0,2,1,1,1,0,0,0,0,0,1,0,3,1,1,0,1,0,0,1,0,3,1,1,2,2,0,3,1,0,2,1,1,1,0,0,4,2,0,1,2,1,0,3,1,1,1,1,0,4,1,0,0,0,1,1,2,2,4,1,3,1,5,0,5,1,0,1,0,4,0,3,3,2,1,2,0,0,1,2,1,1,1,2,0,2,1,2,0,1,5,0,1,0,0,0,0,0,0,3,1,1,0,1
"8021595",0,0,0,2,1,0,0,0,1,1,1,0,0,0,0,2,0,0,0,1,0,0,0,0,1,0,1,1,0,0,0,0,0,0,1,0,0,0,1,0,1,1,0,0,0,0,0,0,0,2,0,1,0,0,0,0,1,1,0,0,NA,0,0,0,0,0,0,0,2,0,0,0,0,0,0,0,2,0,0,1,0,0,0,1,2,0,0,0,0,0,1,0,0,0,1,0,0,2,0,0,0,0,0,0,0,0,1,0,1,0,0,0,2,0,1,0,0,0,1,0,0,1,0,0,1,0,0,0,1,0,0,0,0,1,0,0,1,0,0,0,0,0,0,0,1,0,0,0,0,0,0,1,0,0,0,0,0,3,0,0,0,0,0,0,2,0,0,0,0,0,0,3,1,0,0,1,0,0,1,1,0,0,0,0,0,1,0,0,0,0,0,0,0,0,1,0,0
"8027026",4,0,0,1,1,1,3,0,1,1,0,1,4,1,1,0,0,1,2,0,0,0,2,2,0,2,4,0,1,0,1,0,0,0,3,2,1,0,3,0,2,0,0,2,2,0,1,0,1,0,1,2,0,2,3,1,0,0,0,1,0,NA,0,0,2,1,5,0,1,0,1,2,1,0,1,0,3,0,0,1,0,1,0,1,3,0,2,0,3,1,1,0,0,3,1,0,0,1,2,0,0,0,0,1,1,0,0,2,1,2,0,1,0,0,0,0,1,0,1,1,3,0,0,0,0,1,0,1,1,2,3,0,2,2,0,1,2,1,1,0,0,1,1,0,2,0,0,1,0,2,2,2,1,0,1,0,0,1,0,0,0,0,0,0,5,1,0,0,0,0,0,1,2,1,4,0,0,0,1,1,4,1,0,2,0,1,5,0,1,4,1,0,1,0,2,0,1
"200203708",0,0,0,0,0,0,1,2,6,1,0,0,1,3,1,0,0,0,0,1,0,0,1,0,0,1,2,0,3,1,1,0,1,0,0,2,0,0,2,0,0,0,0,1,1,0,0,1,2,0,2,4,1,4,0,0,2,0,1,1,0,0,NA,0,1,0,0,0,0,0,4,0,0,2,1,0,1,3,1,0,0,1,0,1,1,0,1,1,1,0,4,1,1,0,1,1,2,2,1,2,1,1,2,0,0,0,0,1,0,0,2,0,1,0,0,1,1,0,0,0,2,0,0,0,1,0,1,0,0,0,0,2,0,0,0,3,0,1,0,1,0,2,2,1,0,0,1,0,1,2,3,0,0,0,1,0,0,2,0,2,2,1,1,0,2,0,3,1,0,2,0,0,1,0,2,0,0,2,1,0,1,0,1,0,1,3,0,0,0,0,1,0,0,1,0,1,0
"200543394",0,0,0,1,0,0,0,1,1,1,0,1,0,0,2,1,0,0,0,0,0,0,2,2,0,1,1,0,1,1,0,0,0,0,0,0,0,0,0,3,0,0,0,0,0,0,0,1,3,1,0,1,2,3,1,1,1,0,2,0,0,0,0,NA,0,0,1,0,0,2,1,0,0,0,0,0,0,1,0,0,2,0,0,0,0,0,1,1,1,0,1,1,1,0,0,1,0,0,0,0,0,0,0,0,0,0,0,1,0,0,0,0,0,1,0,0,0,1,0,0,2,0,0,0,2,0,1,1,0,0,0,0,3,2,1,0,1,0,0,0,0,1,0,2,0,1,0,0,1,4,1,1,1,1,1,2,0,0,0,0,0,0,2,1,0,0,0,0,1,0,0,1,0,0,0,0,1,0,0,0,1,0,0,0,2,0,0,0,0,0,0,0,0,1,0,1,0
"200594011",0,0,1,2,0,2,0,2,2,1,0,1,3,0,0,1,0,1,0,0,0,0,0,1,1,0,3,2,0,3,2,0,1,1,0,0,1,0,1,0,2,0,0,0,1,0,0,0,3,0,1,0,1,4,0,0,1,0,2,1,0,2,1,0,NA,0,1,1,0,0,3,3,0,1,4,0,1,1,0,0,0,1,0,1,0,0,2,3,0,0,0,2,1,1,1,0,1,0,1,1,1,2,0,0,0,0,0,2,2,1,1,0,2,2,1,0,2,2,0,0,3,0,0,1,2,3,0,3,0,1,1,1,2,0,0,2,3,2,1,0,2,0,2,0,1,0,2,1,2,0,0,1,0,0,1,0,0,0,0,1,2,0,1,0,8,2,0,0,2,0,0,0,2,1,0,0,0,0,0,0,2,1,1,0,0,0,0,1,0,3,3,3,0,0,2,0,0
"200621317",1,1,0,0,0,0,1,1,3,0,0,0,1,1,1,0,0,0,0,0,0,0,0,0,2,1,3,3,1,0,0,1,0,0,1,1,0,0,2,0,1,1,0,3,0,0,1,0,0,0,1,0,0,3,0,0,2,0,1,5,0,1,0,0,0,NA,2,0,2,0,3,0,0,3,0,1,0,1,1,0,0,1,0,1,0,0,0,4,2,0,1,1,0,0,0,0,2,1,1,2,0,1,0,0,0,0,0,2,0,1,1,0,3,0,0,0,1,1,0,0,4,0,0,0,1,0,1,0,0,0,0,0,1,0,1,1,2,0,0,0,0,1,0,4,1,1,0,1,0,0,3,0,0,0,0,0,0,1,0,0,0,0,1,1,3,0,0,1,0,0,0,1,4,2,2,0,1,0,2,1,2,2,1,0,0,2,1,0,0,0,0,0,0,1,0,0,0
"200670975",4,1,1,0,1,3,2,1,2,1,1,4,2,1,1,2,2,1,1,2,0,0,1,7,2,1,2,0,3,2,3,2,0,1,0,0,0,1,2,3,6,6,0,0,1,1,0,0,5,1,1,2,3,4,7,0,3,2,3,2,0,5,0,1,1,2,NA,0,3,0,1,3,0,0,0,1,0,0,0,1,0,0,2,0,5,1,2,5,2,2,2,1,2,0,1,3,2,1,1,0,2,0,1,2,0,0,0,2,2,1,1,2,2,2,5,1,2,0,5,1,3,2,2,2,1,1,0,2,2,1,3,0,3,1,0,1,2,1,1,2,1,2,3,2,3,4,0,1,4,1,1,1,2,0,0,2,1,2,0,1,1,2,1,1,6,2,0,0,1,0,2,0,0,3,3,2,0,0,3,0,0,0,1,0,1,4,5,1,3,1,2,0,2,2,0,0,2
"200831019",0,0,0,2,0,0,0,0,2,1,0,0,0,0,1,0,0,1,2,0,0,0,0,0,0,1,0,0,0,0,0,0,0,0,1,2,0,0,1,0,0,0,0,0,0,0,0,0,0,0,0,0,1,0,0,0,1,0,0,1,0,0,0,0,1,0,0,NA,0,0,0,2,0,0,0,0,0,0,0,0,1,0,0,0,0,0,0,0,0,0,0,1,0,0,0,0,0,0,0,0,0,0,0,0,0,0,0,2,0,0,0,0,1,0,0,0,1,0,0,0,0,0,1,0,0,0,0,0,0,0,0,0,0,0,0,1,0,0,0,0,0,0,0,0,0,0,1,0,0,0,1,0,0,0,0,0,0,1,1,0,0,0,1,0,0,1,0,1,0,0,1,1,1,0,0,0,0,0,0,1,0,0,0,0,1,0,0,0,0,0,1,0,1,1,0,0,1
"201009223",2,1,2,0,0,1,0,3,3,2,1,0,0,2,8,1,0,2,0,2,1,1,0,4,1,5,7,1,2,3,1,0,1,3,1,2,1,2,2,1,2,2,0,3,3,0,2,2,4,1,2,0,1,4,0,0,5,0,2,2,2,1,0,0,0,2,3,0,NA,1,3,4,1,2,1,2,0,1,0,1,1,0,3,3,4,5,3,6,3,0,4,1,1,1,0,5,0,1,0,0,1,0,2,1,0,2,1,0,2,0,1,0,2,0,2,0,0,3,2,1,0,1,1,0,3,2,1,0,0,1,1,0,0,1,0,2,2,2,1,1,0,2,6,3,4,1,0,2,2,3,2,0,0,1,0,5,2,2,1,2,0,0,5,0,4,0,0,1,1,0,0,1,5,1,2,2,2,3,3,0,1,0,1,1,0,3,2,1,2,0,1,0,3,3,2,0,0
"201200763",0,0,0,4,0,0,0,5,1,1,0,0,3,2,0,0,0,2,1,0,0,0,1,0,1,0,4,0,0,2,0,1,0,4,0,0,1,0,1,1,1,0,1,2,0,0,0,1,2,2,0,0,3,2,0,1,2,0,0,0,0,0,0,2,0,0,0,0,1,NA,1,0,2,0,3,0,0,1,2,0,2,0,2,1,0,0,1,1,0,0,0,2,4,2,2,0,1,4,1,0,1,1,1,0,0,2,1,4,3,3,0,0,1,0,0,0,0,5,2,0,1,4,0,0,0,1,1,1,0,1,0,0,1,0,2,1,2,0,1,0,0,0,5,1,2,0,0,1,3,2,0,0,3,0,3,3,1,0,0,1,2,2,1,0,1,0,1,1,1,1,1,0,0,0,1,0,1,2,2,0,1,1,0,1,0,1,1,1,0,2,2,0,1,2,0,0,0
"201232698",0,1,1,2,1,0,2,2,7,4,3,0,2,0,2,0,1,0,2,0,1,0,1,2,2,7,5,5,1,4,0,3,2,3,0,0,1,0,3,3,3,0,0,1,2,0,3,2,2,0,1,1,1,3,1,0,1,0,2,0,0,1,4,1,3,3,1,0,3,1,NA,1,1,1,2,2,1,0,4,0,1,4,1,0,2,1,5,6,1,0,6,0,2,2,1,2,1,3,0,2,3,1,0,0,3,0,1,0,3,0,3,0,4,0,1,1,2,5,1,1,1,0,0,1,2,1,2,3,1,3,2,2,0,0,3,2,3,3,0,4,0,2,7,0,0,1,0,1,1,8,5,2,1,0,2,2,0,1,1,1,2,1,1,1,8,0,1,3,0,0,2,1,1,1,1,2,3,1,0,2,4,1,0,1,3,3,1,0,0,1,1,0,0,1,0,0,0
"201236882",1,1,0,1,0,1,0,3,4,0,3,0,0,3,0,0,0,2,0,2,0,0,0,1,1,0,12,0,0,3,1,0,2,4,1,0,0,1,4,1,1,3,0,0,0,0,2,2,0,2,2,0,3,2,0,2,1,0,3,2,0,2,0,0,3,0,3,2,4,0,1,NA,0,1,0,0,0,0,0,0,1,3,0,5,4,2,3,5,0,1,5,4,2,1,0,0,2,1,2,0,1,1,2,1,3,0,1,2,2,0,1,0,1,0,3,0,1,2,2,0,4,0,0,0,1,0,1,1,1,0,1,3,3,2,2,1,0,1,0,0,1,0,2,1,2,0,0,2,1,0,1,0,0,1,1,2,0,1,0,0,0,1,3,0,2,1,1,4,0,0,0,5,2,2,3,3,3,0,2,1,2,2,0,2,2,0,0,2,1,1,1,0,1,5,1,0,1
"201386115",3,0,0,0,2,0,0,1,0,0,0,0,3,0,2,2,0,0,1,4,0,0,0,0,0,3,3,6,0,2,2,0,0,0,0,0,0,0,1,1,0,1,0,0,1,1,0,0,2,1,1,1,1,0,0,0,1,0,0,1,0,1,0,0,0,0,0,0,1,2,1,0,NA,1,0,0,3,0,0,1,0,1,0,3,0,1,1,0,1,0,0,0,0,0,0,0,0,0,1,0,1,1,0,0,0,0,0,3,0,0,1,0,2,0,0,0,1,0,0,0,2,0,0,0,0,0,0,0,0,2,0,1,2,2,0,0,0,1,0,1,0,0,2,2,2,1,1,0,0,0,3,1,0,0,5,0,0,0,0,0,0,3,0,1,0,0,0,3,0,0,0,1,2,0,0,1,0,1,0,0,1,0,0,0,0,0,2,0,0,0,1,0,0,0,0,2,0
"201481153",0,0,1,0,0,1,0,0,3,2,2,2,2,4,3,0,0,3,1,2,1,0,0,0,2,3,3,1,2,1,1,2,1,0,3,4,0,0,2,1,2,0,0,0,0,0,0,3,1,0,0,0,2,4,0,0,1,0,0,3,0,0,2,0,1,3,0,0,2,0,1,1,1,NA,1,0,1,3,0,1,2,1,2,4,1,2,2,1,7,0,3,0,1,0,0,1,1,1,1,2,1,1,2,1,0,1,0,1,5,0,0,3,2,1,0,0,0,2,1,1,2,2,1,2,0,1,0,0,0,1,0,0,6,0,0,1,3,0,0,0,0,0,3,0,2,1,2,1,0,3,2,0,0,2,0,3,1,4,0,0,2,1,2,0,2,1,0,0,0,0,0,2,0,1,3,1,1,1,3,1,1,2,1,0,1,3,3,0,1,0,2,0,0,1,1,1,1
"202001440",0,0,0,1,0,1,4,1,1,0,0,0,5,1,2,0,0,1,0,0,0,0,0,0,0,1,3,0,0,2,2,2,0,2,1,0,0,0,4,0,3,0,0,1,0,0,0,1,1,1,0,1,1,1,0,0,2,0,1,1,0,1,1,0,4,0,0,0,1,3,2,0,0,1,NA,0,0,1,0,0,3,0,0,0,0,0,2,1,0,0,0,1,0,2,2,1,0,1,2,1,0,0,0,0,1,0,0,1,0,0,1,0,2,3,0,0,0,1,2,0,3,0,0,0,0,3,0,1,0,0,0,0,1,2,0,5,1,0,1,1,0,1,2,2,1,0,0,3,1,2,1,0,1,0,1,0,0,1,0,0,0,1,2,0,5,0,1,1,0,0,1,1,0,0,0,0,1,0,1,1,3,0,1,1,1,2,0,0,0,3,0,0,0,1,2,0,0
"202021894",0,1,3,1,0,0,1,0,1,3,0,2,0,1,3,4,0,0,0,2,0,1,1,1,0,1,1,0,0,0,0,0,0,1,0,0,0,0,1,0,2,2,0,2,0,0,2,2,2,0,0,0,1,1,0,0,1,1,0,1,0,0,0,0,0,1,1,0,2,0,2,0,0,0,0,NA,0,1,0,0,1,0,1,0,2,1,1,2,1,0,1,3,0,2,1,3,0,1,0,0,0,0,0,0,0,0,0,0,2,0,0,1,0,1,1,0,1,0,0,0,3,0,0,0,0,0,0,1,0,1,0,0,1,0,0,1,2,0,0,0,0,0,0,0,0,0,0,0,0,0,0,0,5,1,0,3,1,0,0,0,0,2,0,0,0,1,0,0,0,0,0,1,2,0,0,0,0,0,0,1,1,0,0,0,0,1,1,0,1,0,1,1,1,0,0,0,1
"202103602",2,0,0,1,1,0,0,0,1,1,0,2,4,2,0,3,0,0,1,2,0,0,3,2,1,0,3,0,3,0,0,0,0,4,0,4,0,1,1,0,1,7,0,4,0,1,0,2,1,0,0,1,0,0,1,0,1,0,0,1,2,3,1,0,1,0,0,0,0,0,1,0,3,1,0,0,NA,0,0,0,0,2,0,3,1,0,2,3,1,0,2,0,0,0,1,0,0,1,0,0,1,0,0,2,0,2,0,1,1,0,1,0,0,0,1,1,1,1,1,0,1,1,2,0,1,0,0,1,0,0,0,1,4,0,3,0,1,0,0,0,1,2,1,2,1,0,1,0,0,1,0,0,0,0,3,3,0,1,1,0,0,2,3,0,2,3,0,0,0,0,2,4,1,0,1,3,0,0,2,2,0,2,1,2,0,3,3,0,0,0,1,0,0,2,0,2,2
"202561023",0,0,0,0,0,1,0,0,2,0,0,0,3,1,0,0,0,0,1,0,0,0,3,0,0,1,2,0,3,2,3,0,0,2,0,0,0,0,0,1,2,1,0,0,0,0,0,1,1,0,0,0,4,2,0,0,1,0,0,3,0,0,3,1,1,1,0,0,1,1,0,0,0,3,1,1,0,NA,2,2,1,0,0,0,0,1,1,1,2,0,0,1,0,0,0,1,1,1,0,1,1,0,0,0,0,0,0,1,0,0,1,1,0,1,1,0,0,1,0,0,1,1,0,1,2,1,1,0,1,2,0,0,0,1,0,0,0,1,2,0,0,2,1,1,0,0,0,0,1,3,2,0,0,0,0,0,1,0,0,0,0,0,1,1,2,0,0,1,0,1,0,1,0,0,1,0,0,1,1,0,2,1,1,0,2,0,1,0,1,0,0,1,0,2,0,0,0
"202606482",1,0,0,0,0,0,0,1,0,0,0,0,0,1,0,0,0,0,2,0,0,0,1,0,0,3,0,0,1,2,0,0,0,0,2,0,0,0,0,0,0,0,0,0,0,0,0,0,4,1,1,0,0,2,1,0,0,0,0,1,0,0,1,0,0,1,0,0,0,2,4,0,0,0,0,0,0,2,NA,0,4,0,1,1,2,1,0,1,1,0,1,0,1,2,0,1,2,2,0,0,0,0,0,0,0,1,1,0,0,0,0,0,0,0,0,1,1,3,0,0,0,0,0,0,0,1,0,1,0,0,0,0,0,0,1,0,2,0,0,1,0,2,1,0,0,0,0,1,1,0,1,0,0,0,1,1,2,0,0,0,1,2,2,0,4,0,1,0,0,1,0,0,1,1,0,0,0,2,1,0,1,1,1,2,2,2,0,1,0,0,0,0,0,0,0,0,0
"202784392",1,3,1,1,1,1,0,6,4,0,0,0,2,3,0,0,0,0,1,0,0,0,1,1,3,1,3,2,1,3,0,2,0,0,0,1,1,1,0,2,0,0,1,3,0,0,0,1,0,1,0,0,1,0,1,1,1,0,0,1,1,1,0,0,0,0,1,0,1,0,0,0,1,1,0,0,0,2,0,NA,1,0,0,1,0,0,3,3,0,1,1,2,0,4,1,3,1,1,0,0,0,2,0,0,0,1,0,2,2,0,1,0,1,0,0,0,0,1,1,0,0,0,0,0,0,0,0,0,1,0,0,0,0,2,0,0,0,0,0,0,1,0,1,0,2,0,0,0,0,2,0,1,2,0,0,1,0,0,0,0,0,0,1,0,2,1,0,0,0,1,1,0,1,0,3,1,2,0,0,1,0,0,0,0,0,1,3,0,1,0,0,0,0,0,2,0,1
"202937359",2,0,1,1,0,0,0,1,4,1,0,0,1,3,0,2,1,1,3,0,0,1,2,3,0,3,1,3,4,1,0,0,0,2,2,0,0,0,0,0,1,0,0,2,2,1,0,2,0,0,3,0,3,4,0,0,3,0,0,0,0,0,0,2,0,0,0,1,1,2,1,1,0,2,3,1,0,1,4,1,NA,1,2,2,2,0,2,2,4,1,2,2,4,1,0,2,1,0,0,3,0,1,0,0,0,2,0,1,0,0,3,0,1,0,0,2,0,0,1,0,2,0,0,0,0,0,0,1,3,1,0,0,0,2,1,0,0,0,0,0,0,6,4,0,0,0,1,3,0,5,2,0,0,1,1,0,1,0,0,0,3,2,1,2,5,0,4,0,1,1,1,0,0,0,3,1,1,3,0,2,0,2,0,0,1,1,1,1,1,2,2,0,1,2,0,0,0
"203011568",0,0,0,4,0,0,0,0,3,0,0,0,1,1,2,0,0,0,0,0,1,0,0,0,1,0,4,0,0,2,1,1,0,1,1,0,0,0,1,0,0,0,0,3,0,0,0,2,0,1,3,2,1,0,0,0,3,0,0,1,0,1,1,0,1,1,0,0,0,0,4,3,1,1,0,0,2,0,0,0,1,NA,2,0,1,0,1,4,1,1,0,3,1,1,1,1,0,2,1,0,0,2,0,0,1,0,1,3,1,0,1,0,1,0,0,0,0,2,0,0,0,0,0,0,0,0,0,1,0,2,0,0,2,0,1,1,3,0,1,0,0,0,1,1,1,0,0,0,3,0,3,0,0,0,2,2,0,0,1,0,0,0,4,1,1,0,0,1,0,1,0,0,0,0,1,1,0,2,0,3,2,0,2,1,0,0,0,0,0,0,0,0,1,1,0,0,0
"203020098",3,6,0,1,1,1,0,0,2,0,0,0,3,1,2,1,0,0,1,0,0,0,3,3,1,3,3,0,1,3,2,1,0,3,2,2,0,0,1,2,0,0,0,3,0,0,0,5,0,1,1,3,3,4,0,0,1,0,0,2,0,0,0,0,0,0,2,0,3,2,1,0,0,2,0,1,0,0,1,0,2,2,NA,3,3,1,3,4,1,1,2,3,0,2,1,1,0,2,1,2,0,1,1,1,1,0,0,1,1,1,0,1,1,0,1,1,2,7,1,1,3,2,0,0,1,0,0,2,1,0,0,0,2,0,2,0,3,0,2,1,0,2,4,1,0,1,0,0,2,1,0,0,0,0,1,1,1,0,0,0,0,2,4,0,5,0,2,0,1,1,0,1,1,1,1,0,0,1,1,2,0,2,0,0,1,4,2,0,1,0,1,0,1,5,2,1,1
"203073673",7,0,0,1,2,0,0,0,1,1,0,1,5,4,1,1,1,0,1,2,2,0,0,0,0,1,7,0,2,2,0,0,0,2,0,0,0,0,0,1,0,1,0,0,2,0,3,1,2,0,0,0,0,0,0,0,0,1,2,1,1,1,1,0,1,1,0,0,3,1,0,5,3,4,0,0,3,0,1,1,2,0,3,NA,0,0,4,2,4,0,3,2,0,1,2,1,1,0,3,0,4,2,2,0,1,1,1,0,7,2,1,0,2,0,1,0,0,3,0,1,7,0,5,0,2,1,0,1,0,0,1,1,6,1,5,0,1,1,0,0,0,0,5,0,0,0,2,1,2,1,1,0,0,0,3,3,0,1,0,1,0,1,8,0,2,1,0,3,0,0,0,2,3,1,4,4,2,2,0,1,0,1,0,3,0,2,2,1,3,0,1,0,0,2,1,2,1
"203542532",3,1,2,1,1,0,0,1,1,0,1,0,3,1,4,1,0,0,1,0,2,0,3,2,3,1,2,0,0,2,1,2,2,2,4,1,3,1,2,2,3,2,0,2,1,0,0,2,2,2,0,0,3,5,0,0,1,0,3,2,2,3,1,0,0,0,5,0,4,0,2,4,0,1,0,2,1,0,2,0,2,1,3,0,NA,1,2,3,2,3,1,1,0,2,3,3,1,3,1,0,0,0,0,1,1,0,0,1,2,0,0,3,3,0,1,3,1,1,2,2,2,0,3,1,3,3,0,0,1,0,2,0,7,0,1,0,0,1,2,2,1,2,0,1,1,3,1,0,1,4,0,1,1,3,2,5,3,2,3,0,1,5,6,1,1,1,2,0,1,3,2,3,1,0,2,2,1,0,0,0,0,2,1,0,1,1,5,1,2,1,2,1,0,1,0,1,3
"203553813",1,0,0,1,1,0,0,3,1,1,0,0,4,0,1,1,0,0,0,0,0,0,1,1,2,1,0,1,0,1,1,1,1,1,0,1,2,1,1,1,1,0,0,1,1,1,1,0,1,1,0,1,0,1,0,0,1,0,1,1,0,0,0,0,0,0,1,0,5,0,1,2,1,2,0,1,0,1,1,0,0,0,1,0,1,NA,1,0,0,0,0,0,0,1,1,2,0,0,1,2,1,0,0,0,0,3,1,0,0,0,2,1,0,0,0,1,0,1,0,2,3,0,1,0,0,0,2,0,2,2,0,0,3,1,2,1,0,0,1,0,1,0,3,1,3,1,0,0,0,1,0,1,6,1,0,2,2,0,1,0,0,3,0,0,0,4,0,1,0,2,0,2,0,2,1,0,1,0,0,0,0,1,0,0,1,2,1,0,0,1,1,0,3,4,0,0,3
"203769662",1,1,2,3,0,0,2,2,1,3,2,0,5,1,3,0,0,0,2,1,0,0,0,1,4,3,3,2,2,6,1,2,0,3,3,0,0,2,2,1,1,2,2,2,1,0,0,1,1,0,1,3,1,3,0,1,5,0,0,1,0,2,1,1,2,0,2,0,3,1,5,3,1,2,2,1,2,1,0,3,2,1,3,4,2,1,NA,2,3,0,1,2,3,2,5,0,0,2,1,1,3,2,1,1,2,0,2,1,4,1,3,1,6,1,1,0,0,0,0,0,4,4,0,0,2,2,0,1,2,3,2,2,1,0,1,2,5,0,0,0,0,0,3,2,1,2,1,0,2,2,3,1,1,0,0,1,0,4,0,1,2,0,6,0,3,3,1,6,0,0,0,3,2,1,4,1,3,2,1,3,4,0,0,2,0,3,4,2,1,0,1,1,1,1,2,1,3
"203870735",3,2,1,3,2,0,2,5,2,3,1,1,10,1,5,1,1,3,1,2,0,1,4,3,3,4,6,2,2,13,0,1,1,3,6,1,0,4,3,1,1,2,1,5,2,0,4,3,4,1,2,1,2,6,1,1,6,1,1,4,0,0,1,1,3,4,5,0,6,1,6,5,0,1,1,2,3,1,1,3,2,4,4,2,3,0,2,NA,3,1,8,3,1,4,0,0,2,4,0,0,3,1,3,0,3,3,2,3,1,2,3,1,2,0,3,2,0,4,3,1,10,3,2,1,6,0,2,3,2,0,1,1,3,5,8,1,5,2,1,0,1,3,9,4,2,0,0,7,7,3,6,1,2,1,5,4,1,5,0,0,2,5,10,1,13,2,3,3,0,2,0,3,3,0,2,0,4,3,4,1,2,3,0,5,2,4,2,1,2,4,0,1,4,7,1,1,1
"203921694",3,0,1,0,0,1,1,1,2,0,1,3,6,0,3,2,0,1,3,1,0,0,3,1,2,6,4,0,2,3,2,1,1,1,1,3,0,0,0,0,2,1,0,2,2,0,0,6,2,1,1,2,3,4,0,0,5,2,0,4,0,3,1,1,0,2,2,0,3,0,1,0,1,7,0,1,1,2,1,0,4,1,1,4,2,0,3,3,NA,0,9,0,1,0,6,3,0,4,0,2,1,1,0,0,0,2,1,1,0,0,0,0,3,0,0,1,0,0,1,1,1,0,2,2,3,0,0,0,2,1,1,0,1,1,1,1,3,1,4,0,0,2,4,0,1,0,0,1,8,0,1,1,1,0,4,5,0,2,0,1,0,3,5,0,3,0,0,1,0,2,0,2,1,0,2,3,1,4,2,0,0,0,1,0,0,3,1,2,2,0,0,0,0,4,0,0,0
"204024521",1,1,0,1,0,0,1,1,3,0,0,0,3,0,1,0,0,0,2,0,0,0,1,1,1,0,0,1,0,2,1,1,0,0,3,1,0,0,3,0,1,1,0,0,0,0,1,2,2,2,0,2,0,0,0,0,0,0,0,0,0,1,0,0,0,0,2,0,0,0,0,1,0,0,0,0,0,0,0,1,1,1,1,0,3,0,0,1,0,NA,0,0,0,1,0,0,0,2,2,0,0,0,1,0,1,0,0,3,0,0,0,1,1,0,0,0,0,0,1,0,2,0,0,0,0,1,1,1,1,0,0,0,2,1,0,1,0,0,0,0,0,2,1,0,1,0,0,0,0,2,0,0,1,1,1,2,1,0,0,0,0,0,1,0,0,0,0,1,0,2,0,0,1,0,2,0,0,1,0,0,0,0,0,1,2,1,2,0,1,0,0,1,0,0,0,0,0
"204062750",6,0,0,2,0,0,1,5,7,2,2,1,5,2,1,2,2,0,0,2,5,0,3,1,5,6,13,5,1,9,0,3,4,8,4,1,1,2,1,2,3,4,0,3,2,0,5,2,3,2,1,0,1,6,2,0,4,0,1,3,1,1,4,1,0,1,2,0,4,0,6,5,0,3,0,1,2,0,1,1,2,0,2,3,1,0,1,8,9,0,NA,2,4,1,1,2,2,4,1,4,3,0,0,0,3,4,1,8,4,3,1,1,4,1,0,2,2,0,6,1,7,5,4,0,11,0,1,1,4,3,0,2,6,1,7,2,8,3,1,0,0,1,12,3,1,2,1,3,4,4,3,0,2,5,2,4,2,5,3,1,3,4,6,0,7,2,4,3,0,0,1,4,3,3,1,2,6,3,2,1,2,4,0,1,3,1,2,3,4,0,3,1,2,5,2,2,1
"204098604",2,1,1,1,2,0,0,2,2,0,1,1,4,2,2,1,1,1,1,2,0,1,2,3,2,2,2,2,1,2,1,0,0,3,3,2,0,0,1,0,0,0,1,6,0,1,1,1,3,0,3,1,3,2,0,0,4,0,0,0,0,0,1,1,2,1,1,1,1,2,0,4,0,0,1,3,0,1,0,2,2,3,3,2,1,0,2,3,0,0,2,NA,2,2,3,1,2,1,0,1,1,1,2,1,2,2,1,0,2,1,1,1,0,0,2,0,0,4,3,0,4,1,1,2,0,3,0,1,3,0,0,1,8,1,1,0,3,0,1,0,0,1,4,0,0,0,0,5,1,1,3,2,0,0,1,0,0,0,0,0,2,0,3,1,5,0,0,1,0,0,1,1,1,1,5,2,4,2,0,3,1,0,0,2,0,2,3,4,0,2,1,1,0,1,0,0,0
"204167188",1,0,0,2,1,0,1,1,2,0,0,0,2,1,0,0,0,3,0,0,0,0,0,0,0,1,2,0,0,4,0,0,1,0,0,1,0,0,1,0,0,0,0,1,0,0,2,0,1,1,1,1,0,0,0,0,0,0,0,2,0,0,1,1,1,0,2,0,1,4,2,2,0,1,0,0,0,0,1,0,4,1,0,0,0,0,3,1,1,0,4,2,NA,0,2,0,0,0,0,1,1,0,3,0,1,1,2,1,2,0,1,0,0,0,0,0,0,1,1,0,5,0,0,0,1,2,0,0,0,0,0,0,1,1,1,0,3,0,0,0,0,0,4,1,0,0,0,4,0,1,0,0,0,0,0,1,2,0,0,0,0,0,1,1,0,1,0,0,1,0,0,1,1,0,5,1,2,2,4,0,0,0,1,0,1,2,2,0,0,2,0,0,0,2,0,0,0
"204245747",3,1,1,2,1,0,0,3,4,2,1,0,0,2,1,0,0,0,1,1,0,0,1,1,4,2,2,0,0,6,4,2,0,2,3,0,0,1,1,0,0,0,0,2,2,0,0,5,1,2,2,0,0,1,0,0,1,0,0,0,0,3,0,0,1,0,0,0,1,2,2,1,0,0,2,2,0,0,2,4,1,1,2,1,2,1,2,4,0,1,1,2,0,NA,4,2,0,2,1,0,2,0,0,1,1,1,1,3,1,1,0,0,0,0,0,2,0,0,0,0,2,1,1,0,0,2,0,0,0,0,1,0,2,2,2,0,4,0,0,0,0,2,2,3,0,1,1,3,1,2,0,2,1,2,2,2,3,1,0,0,1,0,8,0,4,0,1,0,0,1,0,0,1,0,3,0,1,1,2,1,0,1,0,1,1,2,0,0,3,0,0,0,0,4,2,0,0
"204394141",4,0,0,0,4,0,0,2,0,4,0,2,0,0,3,0,0,0,0,0,0,0,2,0,2,1,3,0,2,0,1,0,1,2,1,2,0,1,0,0,1,2,0,0,3,0,0,0,3,1,1,0,3,1,2,0,3,1,1,2,1,1,1,0,1,0,1,0,0,2,1,0,0,0,2,1,1,0,0,1,0,1,1,2,3,1,5,0,6,0,1,3,2,4,NA,1,1,3,0,0,1,1,0,0,0,2,0,0,2,0,1,1,1,1,1,0,1,1,3,0,7,1,0,0,3,1,2,0,1,0,0,1,2,1,0,3,0,0,0,0,1,1,4,1,1,1,0,1,1,2,2,0,0,1,1,2,1,3,0,0,0,5,3,1,4,1,0,2,0,0,1,0,1,0,1,0,1,2,0,0,3,0,0,0,0,0,0,0,0,2,1,3,0,2,0,2,0
"204531622",6,1,1,1,1,1,0,1,1,2,1,0,1,0,2,0,1,1,2,2,0,0,3,3,1,2,3,0,0,0,2,2,0,1,0,2,0,0,2,1,4,1,0,0,1,0,1,2,6,1,2,0,1,3,0,0,4,1,0,1,0,0,1,1,0,0,3,0,5,0,2,0,0,1,1,3,0,1,1,3,2,1,1,1,3,2,0,0,3,0,2,1,0,2,1,NA,0,2,1,0,0,1,0,1,2,3,1,0,1,0,4,4,1,0,3,1,0,2,2,0,3,0,2,0,0,0,1,2,0,1,1,1,2,1,1,1,1,1,0,1,3,1,1,1,1,2,1,0,3,2,0,2,2,1,1,3,0,1,0,0,0,3,1,1,2,2,1,1,0,1,0,2,1,0,3,2,1,1,2,0,0,1,0,0,1,0,0,0,2,0,0,1,2,0,1,0,3
"204544908",0,0,0,0,2,0,0,0,1,0,2,0,1,1,1,0,0,0,0,0,0,1,1,2,3,2,0,0,0,2,0,0,0,2,1,1,1,0,3,0,1,0,0,0,1,0,2,1,1,0,0,1,0,0,0,0,2,0,0,1,0,0,2,0,1,2,2,0,0,1,1,2,0,1,0,0,0,1,2,1,1,0,0,1,1,0,0,2,0,0,2,2,0,0,1,0,NA,1,0,0,0,0,0,0,0,0,0,3,1,2,0,0,0,0,0,1,2,0,0,1,1,1,0,0,2,1,0,1,0,0,0,1,1,0,0,2,3,0,0,0,2,0,2,0,0,0,1,0,0,2,1,0,1,1,0,1,1,0,1,0,0,0,3,0,2,1,1,0,1,1,1,0,2,0,1,0,0,0,2,2,2,0,0,0,1,1,0,0,1,0,1,0,0,2,0,0,0
"204613894",1,0,0,0,1,0,0,0,2,2,1,0,1,3,0,0,1,5,2,0,1,0,0,1,0,2,2,0,1,2,2,1,1,2,0,2,0,0,3,0,0,2,0,1,1,0,2,2,6,2,1,1,3,3,0,1,3,0,2,1,2,1,2,0,0,1,1,0,1,4,3,1,0,1,1,1,1,1,2,1,0,2,2,0,3,0,2,4,4,2,4,1,0,2,3,2,1,NA,2,2,0,2,0,0,0,1,0,1,3,1,0,0,3,0,1,0,0,3,0,1,6,2,1,0,1,1,0,0,1,0,0,0,3,1,1,4,2,0,1,0,0,0,1,2,2,0,1,2,1,3,2,1,0,0,3,1,0,1,1,0,1,2,1,0,1,1,0,0,1,0,0,1,0,1,3,2,3,2,1,0,2,0,0,0,1,0,1,1,1,1,1,0,1,6,0,1,1
"204672058",2,4,1,0,4,0,0,1,2,0,0,0,1,2,2,0,1,0,0,0,1,0,1,0,1,0,4,0,1,1,2,0,0,1,2,3,1,1,1,1,2,2,0,2,1,1,1,0,1,0,0,0,0,0,0,1,2,0,0,0,0,2,1,0,1,1,1,0,0,1,0,2,1,1,2,0,0,0,0,0,0,1,1,3,1,1,1,0,0,2,1,0,0,1,0,1,0,2,NA,0,2,0,0,1,0,0,0,0,1,0,0,1,0,0,0,1,0,2,0,0,0,0,0,2,0,2,0,0,0,0,0,2,1,0,0,1,0,0,0,0,1,0,0,1,0,3,0,2,1,2,0,0,3,0,0,1,0,1,1,0,0,0,2,0,3,4,1,1,0,0,0,1,1,1,2,1,2,0,0,3,1,0,0,0,1,1,4,0,2,1,0,0,0,1,1,0,1
"205199428",0,1,0,3,1,1,0,1,4,2,0,2,0,4,2,1,0,0,0,0,1,1,0,0,1,3,3,0,0,3,0,0,1,1,2,1,0,0,2,2,0,0,0,2,1,0,0,1,1,0,0,1,0,1,0,0,1,0,0,0,0,0,2,0,1,2,0,0,0,0,2,0,0,2,1,0,0,1,0,0,3,0,2,0,0,2,1,0,2,0,4,1,1,0,0,0,0,2,0,NA,2,0,1,0,0,0,0,0,1,1,0,0,1,1,0,0,1,1,0,0,4,1,1,2,2,0,0,0,0,0,0,1,1,0,2,2,3,0,0,0,0,1,1,1,1,0,0,0,3,1,1,0,0,0,1,0,0,2,1,0,0,1,1,0,3,0,1,1,1,2,1,0,1,1,0,0,1,0,4,0,1,1,3,2,1,1,1,0,2,1,0,0,1,4,0,0,0
"205213320",2,0,0,0,2,0,0,1,0,0,1,2,6,2,1,1,0,0,1,1,0,0,1,0,0,2,1,1,1,0,0,0,0,0,1,0,1,1,1,0,0,0,0,0,2,0,1,1,4,1,0,0,0,1,1,0,0,0,0,0,0,0,1,0,1,0,2,0,1,1,3,1,1,1,0,0,1,1,0,0,0,0,0,4,0,1,3,3,1,0,3,1,1,2,1,0,0,0,2,2,NA,0,1,1,0,4,1,1,4,1,0,1,1,1,0,0,0,1,3,0,2,0,2,0,3,1,0,0,0,0,0,0,2,1,1,1,1,0,2,0,1,0,3,1,0,0,1,1,1,2,2,0,1,1,1,3,0,3,0,2,0,1,2,0,1,0,0,3,1,0,1,0,3,1,0,3,0,2,2,1,0,1,0,1,1,0,3,0,2,1,0,0,0,4,1,1,0
"205248873",0,0,0,0,0,1,0,0,0,2,2,1,2,1,1,2,1,1,1,0,0,0,0,0,0,1,2,1,2,2,1,2,0,1,3,0,0,0,2,0,1,1,1,1,0,0,0,0,0,3,0,0,3,0,0,0,0,0,0,0,0,0,1,0,2,1,0,0,0,1,1,1,1,1,0,0,0,0,0,2,1,2,1,2,0,0,2,1,1,0,0,1,0,0,1,1,0,2,0,0,0,NA,0,0,1,0,0,4,3,0,0,0,1,1,1,0,0,2,1,0,2,0,0,0,0,0,1,0,0,4,0,2,2,0,1,1,2,1,0,2,1,0,0,0,3,1,0,2,0,2,0,0,1,0,3,0,0,1,0,2,0,0,1,0,1,1,1,0,0,0,0,0,0,0,4,1,0,1,0,0,0,0,0,0,2,1,1,0,0,2,0,0,0,0,0,0,1
"205499309",0,0,0,0,1,1,0,1,2,0,1,0,3,0,1,0,0,0,1,1,1,1,2,0,0,1,3,0,3,1,0,0,0,3,1,4,1,0,0,0,1,0,1,0,0,0,0,0,1,2,0,1,0,2,0,0,2,0,1,0,0,0,2,0,0,0,1,0,2,1,0,2,0,2,0,0,0,0,0,0,0,0,1,2,0,0,1,3,0,1,0,2,3,0,0,0,0,0,0,1,1,0,NA,1,1,2,0,0,1,0,1,0,0,0,1,1,0,0,2,0,1,0,1,0,1,1,0,2,0,1,0,0,3,0,2,0,2,0,1,0,1,0,1,1,2,0,0,0,0,1,3,0,0,1,0,0,0,2,0,0,1,0,2,0,3,2,0,0,0,0,1,1,2,0,2,0,1,0,0,1,0,0,0,0,0,0,4,0,0,0,1,0,0,2,0,0,1
"205914660",1,2,0,0,0,0,0,0,0,0,0,1,1,1,1,1,0,0,2,0,0,0,1,1,0,1,0,0,0,0,0,0,0,1,1,1,0,0,0,0,0,0,0,0,0,0,0,0,2,0,0,0,0,0,0,0,0,0,0,1,0,1,0,0,0,0,2,0,1,0,0,1,0,1,0,0,2,0,0,0,0,0,1,0,1,0,1,0,0,0,0,1,0,1,0,1,0,0,1,0,1,0,1,NA,0,0,0,0,0,0,0,0,0,0,0,0,0,0,1,0,1,0,1,0,0,3,0,0,0,0,0,0,1,0,0,0,0,0,1,1,1,0,1,0,0,2,0,0,0,0,1,1,1,2,0,2,0,0,0,0,0,0,0,0,0,0,0,1,0,0,0,1,0,0,3,0,0,0,0,1,0,0,0,0,0,0,1,1,0,0,1,0,0,0,0,0,0
"205923395",1,3,0,0,3,0,1,2,2,0,0,1,5,0,1,3,0,1,0,0,0,0,0,2,0,3,5,1,1,1,1,1,1,0,1,2,1,0,1,2,1,2,0,0,1,0,0,0,2,0,0,0,0,2,0,0,0,0,0,0,0,1,0,0,0,0,0,0,0,0,3,3,0,0,1,0,0,0,0,0,0,1,1,1,1,0,2,3,0,1,3,2,1,1,0,2,0,0,0,0,0,1,1,0,NA,2,0,0,0,1,1,1,1,0,0,0,0,1,0,0,2,0,0,0,0,1,0,0,1,0,0,1,1,1,2,0,2,0,0,0,0,2,1,0,0,0,0,0,3,0,1,0,1,0,0,3,0,1,0,0,1,0,0,1,2,0,0,1,0,0,0,0,2,1,3,0,0,2,1,1,0,0,0,0,0,2,1,0,0,0,0,0,0,0,0,0,0
"206247678",1,0,0,0,1,0,0,0,0,1,0,1,4,3,1,2,0,0,0,2,1,0,0,3,1,3,4,0,1,1,1,1,1,3,1,1,0,1,1,0,4,2,0,2,1,0,1,2,2,1,2,0,1,2,1,0,3,0,2,3,0,0,0,0,0,0,0,0,2,2,0,0,0,1,0,0,2,0,1,1,2,0,0,1,0,3,0,3,2,0,4,2,1,1,2,3,0,1,0,0,4,0,2,0,2,NA,2,0,2,0,1,1,0,1,1,0,0,0,0,0,1,2,0,1,1,2,0,0,3,0,0,0,2,0,3,1,0,0,1,0,2,0,1,1,2,2,0,0,0,2,3,0,1,1,2,1,0,3,1,0,0,5,3,1,4,1,0,0,0,3,1,1,2,0,4,1,1,1,3,0,0,1,0,1,1,1,0,0,1,0,0,1,3,2,0,2,2
"206280171",3,1,0,0,0,2,0,0,0,1,1,2,1,3,2,4,0,2,0,2,0,0,1,1,0,3,4,0,1,3,1,0,0,4,0,1,0,1,1,0,3,2,0,0,0,1,0,0,2,0,2,1,0,2,0,0,0,0,0,1,1,0,0,0,0,0,0,0,1,1,1,1,0,0,0,0,0,0,1,0,0,1,0,1,0,1,2,2,1,0,1,1,2,1,0,1,0,0,0,0,1,0,0,0,0,2,NA,0,1,0,1,0,2,0,0,0,0,0,3,1,2,0,1,0,3,0,0,1,0,0,0,0,2,2,2,1,2,0,1,0,1,1,2,0,1,0,0,0,0,1,2,0,0,1,1,0,1,2,0,0,2,0,0,0,2,0,0,0,1,1,0,0,0,0,1,0,1,2,1,0,0,1,0,0,2,1,0,0,1,0,1,0,2,4,0,0,1
"206358340",0,1,0,0,2,0,2,3,6,1,0,1,7,3,2,1,1,3,1,1,1,2,2,3,0,1,8,6,3,4,3,6,2,4,3,1,0,0,4,0,1,0,0,1,0,0,7,4,0,2,5,1,2,5,0,0,2,0,0,1,0,2,1,1,2,2,2,2,0,4,0,2,3,1,1,0,1,1,0,2,1,3,1,0,1,0,1,3,1,3,8,0,1,3,0,0,3,1,0,0,1,4,0,0,0,0,0,NA,1,0,1,0,1,1,3,1,1,3,4,0,2,1,0,1,2,6,0,3,2,2,1,0,4,1,0,2,4,1,1,2,0,3,2,1,1,1,2,4,2,2,1,1,1,0,1,1,0,1,0,1,2,0,3,1,8,0,0,1,2,0,1,2,1,1,1,0,0,2,0,1,3,2,0,2,0,1,2,1,0,2,1,0,0,1,0,0,0
"206360056",1,0,1,1,1,0,3,0,5,0,1,0,2,1,1,0,2,1,0,0,1,0,0,2,2,6,5,0,0,3,0,1,1,2,2,1,0,0,1,1,1,1,0,2,0,0,1,2,3,2,1,3,1,0,0,0,3,0,0,0,1,1,0,0,2,0,2,0,2,3,3,2,0,5,0,2,1,0,0,2,0,1,1,7,2,0,4,1,0,0,4,2,2,1,2,1,1,3,1,1,4,3,1,0,0,2,1,1,NA,1,1,1,2,0,1,1,1,3,1,1,3,2,0,0,0,1,0,1,0,1,2,0,2,2,0,1,2,1,0,0,2,0,5,0,1,1,0,2,1,0,2,1,0,0,1,3,2,2,2,1,2,2,4,1,2,0,1,1,2,2,2,5,0,1,3,2,0,4,3,2,1,1,1,0,0,1,1,0,0,2,2,0,1,5,2,2,0
"206452044",1,0,0,3,0,0,0,0,0,0,0,0,1,0,0,0,1,1,0,0,2,0,2,0,2,2,1,3,0,2,0,0,0,0,0,1,0,0,0,0,0,1,0,0,1,0,0,0,1,0,0,0,0,1,0,0,0,0,0,1,0,2,0,0,1,1,1,0,0,3,0,0,0,0,0,0,0,0,0,0,0,0,1,2,0,0,1,2,0,0,3,1,0,1,0,0,2,1,0,1,1,0,0,0,1,0,0,0,1,NA,0,0,1,3,0,0,0,1,2,0,0,0,0,0,1,0,0,0,0,0,0,0,0,0,2,1,0,2,0,1,0,0,0,0,0,0,0,0,2,0,0,0,0,0,0,0,1,3,0,0,0,0,0,0,1,0,1,0,0,0,0,0,1,0,1,0,1,0,1,1,0,0,1,0,1,0,1,0,0,1,1,1,0,1,0,0,0
"206491319",1,0,0,1,0,0,1,2,4,0,0,2,0,1,1,0,1,0,1,0,1,0,1,0,1,2,2,0,0,0,0,0,0,1,1,0,1,0,1,0,2,1,0,2,1,0,0,0,2,0,1,0,2,1,0,0,1,1,1,0,0,0,2,0,1,1,1,0,1,0,3,1,1,0,1,0,1,1,0,1,3,1,0,1,0,2,3,3,0,0,1,1,1,0,1,4,0,0,0,0,0,0,1,0,1,1,1,1,1,0,NA,0,1,0,1,1,0,4,0,0,1,1,1,0,2,0,0,0,0,0,0,1,0,1,1,0,2,0,0,0,0,0,4,2,1,1,1,1,3,2,2,0,1,0,1,0,0,2,1,1,3,0,0,0,1,0,0,1,0,0,1,1,1,0,1,0,0,0,0,2,0,1,0,1,3,2,1,0,1,2,1,2,1,1,0,0,0
"206501884",1,0,1,0,0,0,0,3,1,1,0,1,0,1,3,1,0,0,3,0,0,1,3,1,3,1,0,0,1,1,0,1,0,0,2,0,0,1,1,0,2,3,0,0,0,0,0,1,4,1,1,1,1,0,1,0,1,0,0,0,0,1,0,0,0,0,2,0,0,0,0,0,0,3,0,1,0,1,0,0,0,0,1,0,3,1,1,1,0,1,1,1,0,0,1,4,0,0,1,0,1,0,0,0,1,1,0,0,1,0,0,NA,1,0,0,1,0,0,0,0,0,0,0,0,0,0,0,0,0,0,0,0,0,0,0,0,0,0,1,0,0,1,1,0,0,0,0,0,0,1,2,1,0,0,0,0,0,0,0,0,1,2,1,0,3,0,0,1,0,2,0,0,0,0,0,1,1,0,1,0,0,0,0,0,2,0,0,0,0,0,0,1,0,1,0,0,2
"206772826",5,1,1,0,1,2,0,1,5,0,1,0,5,2,2,2,1,2,2,0,2,0,1,2,3,1,5,0,1,2,3,1,1,0,5,0,0,1,4,0,2,5,0,0,1,2,0,1,5,1,2,2,2,0,1,1,1,1,2,1,2,0,1,0,2,3,2,1,2,1,4,1,2,2,2,0,0,0,0,1,1,1,1,2,3,0,6,2,3,1,4,0,0,0,1,1,0,3,0,1,1,1,0,0,1,0,2,1,2,1,1,1,NA,1,1,2,1,3,1,0,5,1,4,0,0,0,0,1,0,1,1,1,8,2,0,0,0,0,0,1,1,0,4,3,2,3,0,0,1,1,3,0,0,2,2,1,1,4,2,1,0,2,4,0,2,2,0,0,0,0,0,2,3,1,3,1,3,1,1,2,4,1,2,1,4,2,2,0,0,1,1,2,6,1,1,5,2
"206897280",4,0,0,0,0,0,0,1,2,4,0,0,3,0,1,0,0,2,0,1,1,0,0,2,0,0,1,1,1,2,0,0,0,0,0,0,1,0,4,1,0,0,0,1,2,0,1,0,5,1,0,1,0,0,0,0,1,0,0,0,0,0,0,1,2,0,2,0,0,0,0,0,0,1,3,1,0,1,0,0,0,0,0,0,0,0,1,0,0,0,1,0,0,0,1,0,0,0,0,1,1,1,0,0,0,1,0,1,0,3,0,0,1,NA,0,0,1,0,0,0,0,0,0,1,2,0,0,0,0,0,0,0,0,2,0,3,1,0,0,0,0,0,0,0,1,0,0,0,0,0,0,0,0,0,0,1,0,0,1,1,0,0,0,0,0,0,0,0,0,0,0,0,0,1,0,0,0,1,2,0,0,1,2,0,0,0,0,0,3,0,0,1,2,0,0,1,0
"206944308",0,0,0,2,4,0,1,2,1,2,0,3,5,1,2,2,0,0,3,1,1,0,0,0,0,4,1,0,1,2,0,1,0,2,0,1,0,0,0,0,0,0,0,1,0,0,0,0,2,0,2,2,1,1,1,0,0,0,1,3,1,0,0,0,1,0,5,0,2,0,1,3,0,0,0,1,1,1,0,0,0,0,1,1,1,0,1,3,0,0,0,2,0,0,1,3,0,1,0,0,0,1,1,0,0,1,0,3,1,0,1,0,1,0,NA,0,0,2,0,1,1,1,0,1,2,0,0,0,1,0,0,2,2,0,1,4,2,2,2,1,0,1,1,0,2,2,1,0,2,2,3,2,1,0,1,2,0,2,0,0,3,2,2,0,0,1,0,2,0,0,0,2,2,0,1,0,2,1,2,1,2,0,2,1,1,1,2,0,0,0,1,1,1,2,0,1,0
"206948172",1,0,1,0,1,1,1,2,1,0,1,0,4,4,1,1,0,0,2,0,0,0,1,2,2,1,0,0,0,0,0,1,0,1,1,1,0,0,1,1,1,1,0,0,2,1,0,1,1,1,1,0,1,0,0,0,0,0,2,1,0,0,1,0,0,0,1,0,0,0,1,0,0,0,0,0,1,0,1,0,2,0,1,0,3,1,0,2,1,0,2,0,0,2,0,1,1,0,1,0,0,0,1,0,0,0,0,1,1,0,1,1,2,0,0,NA,2,0,2,0,3,0,0,0,1,2,0,0,0,1,2,0,1,1,0,0,1,0,2,0,0,0,1,1,1,0,0,0,1,2,1,0,1,0,1,1,1,3,0,0,0,2,0,0,2,1,0,0,0,0,0,0,1,0,1,1,0,0,0,0,0,0,0,0,0,0,1,0,3,0,0,0,1,1,0,1,0
"206966030",0,1,0,0,0,0,1,0,1,0,0,0,0,0,1,0,0,0,0,0,0,0,0,2,0,3,0,1,0,0,1,1,0,0,0,0,0,0,0,1,0,1,0,2,1,0,0,0,3,1,1,0,0,2,0,0,3,0,0,1,0,1,1,0,2,1,2,1,0,0,2,1,1,0,0,1,1,0,1,0,0,0,2,0,1,0,0,0,0,0,2,0,0,0,1,0,2,0,0,1,0,0,0,0,0,0,0,1,1,0,0,0,1,1,0,2,NA,2,0,0,2,0,0,0,0,1,0,0,0,0,1,0,0,0,1,0,1,1,0,0,0,0,2,3,1,0,0,0,1,0,2,2,2,0,0,2,1,1,0,0,0,0,1,0,2,1,1,0,0,0,0,1,0,0,0,0,1,0,0,0,1,0,1,0,0,1,1,1,0,1,0,0,0,0,0,0,1
"207100227",1,1,0,0,0,0,1,1,2,0,1,0,2,0,3,0,4,2,0,0,1,0,0,1,6,1,3,1,2,4,0,1,3,2,5,2,0,1,1,3,1,1,0,1,2,1,1,3,0,0,2,2,1,5,0,0,1,1,0,2,0,0,0,1,2,1,0,0,3,5,5,2,0,2,1,0,1,1,3,1,0,2,7,3,1,1,0,4,0,0,0,4,1,0,1,2,0,3,2,1,1,2,0,0,1,0,0,3,3,1,4,0,3,0,2,0,2,NA,0,0,7,1,2,0,2,3,1,0,2,1,0,1,0,0,2,1,0,0,1,0,0,2,1,2,1,1,0,0,3,1,2,2,2,0,2,3,1,2,0,0,1,3,1,0,6,0,2,1,1,0,0,0,0,0,1,0,1,2,1,1,3,2,0,2,0,3,0,0,1,2,1,1,0,4,0,1,0
"207309342",1,1,0,4,0,0,1,1,4,1,0,0,2,3,2,0,0,1,3,0,0,0,0,5,4,2,1,0,1,2,2,0,1,1,0,3,0,0,0,0,0,4,0,0,1,0,1,1,5,0,1,0,2,2,0,0,1,0,1,2,1,1,0,0,0,0,5,0,2,2,1,2,0,1,2,0,1,0,0,1,1,0,1,0,2,0,0,3,1,1,6,3,1,0,3,2,0,0,0,0,3,1,2,1,0,0,3,4,1,2,0,0,1,0,0,2,0,0,NA,0,1,2,0,0,0,1,0,2,1,2,0,0,2,3,0,3,1,1,0,0,1,1,2,0,1,1,0,1,1,2,1,1,1,0,0,1,0,1,0,0,2,2,1,0,2,3,0,2,0,0,0,1,3,1,0,1,0,6,2,0,2,0,1,1,1,4,5,0,1,0,0,0,3,3,0,3,3
"207332319",0,0,0,0,1,0,0,0,0,1,0,2,1,2,3,0,0,0,1,0,0,0,0,0,1,0,1,0,0,0,0,0,0,0,0,1,0,0,1,1,0,3,0,2,0,0,0,0,2,0,1,0,0,2,0,0,0,0,0,0,0,1,0,0,0,0,1,0,1,0,1,0,0,1,0,0,0,0,0,0,0,0,1,1,2,2,0,1,1,0,1,0,0,0,0,0,1,1,0,0,0,0,0,0,0,0,1,0,1,0,0,0,0,0,1,0,0,0,0,NA,2,0,0,0,1,0,0,0,0,0,0,0,0,1,1,0,0,0,0,0,1,0,0,0,0,0,0,0,1,0,1,1,0,0,1,3,0,0,0,0,0,0,2,0,0,0,0,0,0,0,0,0,3,2,1,0,0,0,0,0,0,0,0,1,0,1,0,0,0,0,0,0,0,0,0,0,0
"207443723",2,1,0,5,2,0,3,2,5,2,1,1,5,2,5,1,1,3,5,2,4,1,1,3,2,7,10,9,1,4,1,4,2,3,5,6,2,2,1,2,3,3,0,2,3,0,2,2,3,0,1,2,0,2,0,0,2,1,1,3,0,3,2,2,3,4,3,0,0,1,1,4,2,2,3,3,1,1,0,0,2,0,3,7,2,3,4,10,1,2,7,4,5,2,7,3,1,6,0,4,2,2,1,1,2,1,2,2,3,0,1,0,5,0,1,3,2,7,1,2,NA,2,3,1,1,6,0,1,1,1,2,1,1,0,1,2,5,0,0,2,1,3,8,3,0,2,0,1,3,4,7,2,0,0,4,3,1,3,1,2,1,3,2,0,7,2,2,2,2,1,0,3,3,0,4,1,1,1,1,4,6,1,1,4,1,5,2,0,2,1,2,2,1,6,1,3,2
"207570975",0,0,1,0,0,1,2,1,0,0,0,0,0,1,0,0,0,1,0,0,0,0,1,0,0,0,0,1,0,1,1,2,0,0,1,0,0,0,1,0,0,0,0,0,0,0,0,1,0,1,1,0,0,1,0,0,0,0,0,1,1,0,0,0,0,0,2,0,1,4,0,0,0,2,0,0,1,1,0,0,0,0,2,0,0,0,4,3,0,0,5,1,0,1,1,0,1,2,0,1,0,0,0,0,0,2,0,1,2,0,1,0,1,0,1,0,0,1,2,0,2,NA,0,0,0,2,0,0,1,0,0,2,0,1,1,0,2,0,0,0,0,4,2,2,1,0,0,1,0,2,0,0,0,0,0,1,0,1,1,0,1,1,1,0,0,0,0,0,0,0,2,0,1,0,1,2,1,0,2,1,0,1,0,0,0,1,2,0,1,0,0,0,0,1,0,0,0
"207629924",1,0,2,1,1,0,0,1,0,1,2,1,2,2,4,1,1,0,0,1,0,0,0,3,1,2,1,2,0,3,0,1,0,1,2,0,1,1,3,1,4,1,0,3,1,0,0,1,3,1,0,2,0,1,0,0,1,0,1,0,0,0,0,0,0,0,2,1,1,0,0,0,0,1,0,0,2,0,0,0,0,0,0,5,3,1,0,2,2,0,4,1,0,1,0,2,0,1,0,1,2,0,1,1,0,0,1,0,0,0,1,0,4,0,0,0,0,2,0,0,3,0,NA,0,3,1,0,3,0,1,2,0,2,1,2,1,4,1,0,3,2,0,1,1,3,1,0,0,1,0,1,1,1,2,0,0,2,0,0,0,0,1,1,1,4,0,0,1,0,2,0,1,3,0,1,0,0,0,3,3,0,0,2,0,3,4,1,1,2,0,3,2,2,3,0,6,1
"207850002",0,0,0,1,2,0,0,0,1,0,1,0,0,0,0,1,1,0,0,0,0,0,1,0,0,1,1,1,0,0,1,1,0,0,0,1,0,0,1,0,1,0,0,0,0,0,0,2,1,0,1,0,0,0,0,0,1,0,0,2,0,0,0,0,1,0,2,0,0,0,1,0,0,2,0,0,0,1,0,0,0,0,0,0,1,0,0,1,2,0,0,2,0,0,0,0,0,0,2,2,0,0,0,0,0,1,0,1,0,0,0,0,0,1,1,0,0,0,0,0,1,0,0,NA,0,0,0,0,1,0,0,0,0,0,0,2,0,1,0,0,0,0,3,1,0,0,0,0,0,0,0,1,0,0,0,0,0,1,0,0,0,0,0,0,0,0,0,0,0,0,1,1,0,0,2,0,0,1,0,0,0,2,0,1,0,0,0,0,1,0,0,0,0,0,0,1,0
"207874718",0,0,0,1,0,0,2,4,1,1,0,0,0,1,4,1,0,0,2,0,0,0,1,1,0,4,4,1,2,1,0,1,0,4,0,0,1,0,4,0,1,0,0,0,0,0,2,2,2,0,3,2,0,0,0,0,3,1,1,1,1,0,1,2,2,1,1,0,3,0,2,1,0,0,0,0,1,2,0,0,0,0,1,2,3,0,2,6,3,0,11,0,1,0,3,0,2,1,0,2,3,0,1,0,0,1,3,2,0,1,2,0,0,2,2,1,0,2,0,1,1,0,3,0,NA,0,0,1,0,0,0,1,3,2,1,4,0,1,0,0,0,1,4,1,3,0,0,0,0,1,3,0,0,0,2,4,4,6,1,0,0,2,2,1,3,0,1,4,1,0,1,7,5,2,0,1,2,3,0,0,1,2,0,0,2,2,1,0,0,0,0,1,1,3,0,2,0
"207884486",0,1,0,1,0,0,0,2,1,3,0,0,1,1,3,2,0,0,1,0,1,0,0,0,1,0,1,0,1,5,1,2,0,1,4,2,0,1,0,1,1,2,0,1,1,1,1,0,2,1,0,1,0,0,2,0,0,0,1,1,0,1,0,0,3,0,1,0,2,1,1,0,0,1,3,0,0,1,1,0,0,0,0,1,3,0,2,0,0,1,0,3,2,2,1,0,1,1,2,0,1,0,1,3,1,2,0,6,1,0,0,0,0,0,0,2,1,3,1,0,6,2,1,0,0,NA,0,1,0,0,0,1,1,1,1,2,1,0,1,2,0,0,1,1,0,1,0,4,1,1,1,0,0,1,1,0,0,0,0,1,0,0,3,0,1,1,1,2,0,2,0,4,1,0,1,0,1,0,1,1,0,0,0,1,0,0,0,0,0,2,0,2,1,0,1,2,1
"207922335",0,0,2,0,1,0,0,1,0,0,1,1,2,0,0,1,0,0,0,0,0,1,1,0,1,1,1,0,0,0,1,1,0,1,0,1,0,1,1,0,1,0,0,1,1,0,0,0,0,0,0,0,0,1,0,0,0,0,2,1,0,0,1,1,0,1,0,0,1,1,2,1,0,0,0,0,0,1,0,0,0,0,0,0,0,2,0,2,0,1,1,0,0,0,2,1,0,0,0,0,0,1,0,0,0,0,0,0,0,0,0,0,0,0,0,0,0,1,0,0,0,0,0,0,0,0,NA,1,0,0,0,0,0,0,0,1,1,0,1,0,0,0,1,1,1,0,0,0,0,2,0,0,0,0,1,2,2,0,1,0,0,0,1,1,1,0,1,0,0,0,0,0,2,1,0,0,0,1,2,1,0,0,0,1,1,1,0,0,0,0,0,2,1,0,0,0,0
"207987339",0,1,0,2,1,0,0,1,5,1,1,0,1,1,2,0,0,2,0,0,0,0,0,0,0,1,2,1,1,1,1,0,3,0,0,0,0,0,4,0,1,0,0,2,1,0,0,1,2,1,0,0,1,1,0,0,2,0,0,0,0,1,0,1,3,0,2,0,0,1,3,1,0,0,1,1,1,0,1,0,1,1,2,1,0,0,1,3,0,1,1,1,0,0,0,2,1,0,0,0,0,0,2,0,0,0,1,3,1,0,0,0,1,0,0,0,0,0,2,0,1,0,3,0,1,1,1,NA,0,0,1,0,3,1,1,3,2,1,1,0,0,1,2,0,2,0,0,0,2,3,1,0,0,0,0,0,0,1,1,0,1,3,0,0,2,1,0,0,1,1,0,1,1,0,1,0,0,0,0,1,1,0,0,0,0,1,0,0,3,0,1,0,1,1,0,0,0
"207991322",1,0,0,0,0,0,0,2,1,0,0,0,4,0,1,0,0,2,0,1,1,0,1,1,1,1,2,2,0,4,0,2,1,0,0,1,0,0,0,0,0,1,0,1,1,0,1,0,1,2,0,0,2,3,1,0,0,0,1,0,1,1,0,0,0,0,2,0,0,0,1,1,0,0,0,0,0,1,0,1,3,0,1,0,1,2,2,2,2,1,4,3,0,0,1,0,0,1,0,0,0,0,0,0,1,3,0,2,0,0,0,0,0,0,1,0,0,2,1,0,1,1,0,1,0,0,0,0,NA,0,0,0,0,0,1,2,2,1,0,0,0,0,1,0,0,1,0,0,1,4,0,1,0,0,0,1,1,5,3,1,0,2,1,1,5,0,0,0,1,2,0,2,2,1,2,2,1,1,1,0,0,2,0,0,2,1,0,0,0,0,0,0,0,2,0,0,0
"208191209",0,0,1,1,0,1,1,0,3,0,2,2,2,0,0,0,1,0,0,0,0,0,1,0,0,4,2,2,0,1,1,0,0,1,0,3,0,0,1,0,1,0,0,1,0,0,2,0,3,0,2,0,0,1,0,0,1,0,2,4,0,2,0,0,1,0,1,0,1,1,3,0,2,1,0,1,0,2,0,0,1,2,0,0,0,2,3,0,1,0,3,0,0,0,0,1,0,0,0,0,0,4,1,0,0,0,0,2,1,0,0,0,1,0,0,1,0,1,2,0,1,0,1,0,0,0,0,0,0,NA,0,0,0,0,0,0,1,0,0,0,1,0,0,0,0,0,0,0,4,0,4,0,0,0,1,2,0,2,0,0,2,0,2,0,3,1,0,1,0,0,0,1,0,1,1,0,0,0,0,0,0,1,0,1,0,1,0,0,2,1,0,0,0,0,0,0,0
"208276269",0,0,0,0,0,1,0,0,0,1,0,1,1,0,1,1,1,0,0,2,1,0,0,0,0,2,1,0,0,1,2,1,0,0,0,1,0,0,2,2,0,2,1,0,1,1,0,2,2,1,0,0,0,5,1,2,0,2,2,2,0,3,0,0,1,0,3,0,1,0,2,1,0,0,0,0,0,0,0,0,0,0,0,1,2,0,2,1,1,0,0,0,0,1,0,1,0,0,0,0,0,0,0,0,0,0,0,1,2,0,0,0,1,0,0,2,1,0,0,0,2,0,2,0,0,0,0,1,0,0,NA,2,3,0,0,0,0,1,0,4,0,0,0,0,0,1,0,0,0,0,1,1,2,1,1,1,1,1,0,0,1,0,1,0,1,0,0,0,0,1,3,0,1,0,1,2,0,0,0,0,0,0,0,0,0,0,3,0,2,1,0,0,0,0,0,0,0
"208357607",2,1,0,0,0,0,0,0,2,0,0,0,1,0,0,0,0,0,2,0,0,0,0,1,2,0,0,1,0,2,0,1,0,0,0,0,0,0,0,1,2,1,0,1,0,0,0,0,0,0,0,0,0,2,0,0,1,0,2,0,0,0,2,0,1,0,0,0,0,0,2,3,1,0,0,0,1,0,0,0,0,0,0,1,0,0,2,1,0,0,2,1,0,0,1,1,1,0,2,1,0,2,0,0,1,0,0,0,0,0,1,0,1,0,2,0,0,1,0,0,1,2,0,0,1,1,0,0,0,0,2,NA,4,1,0,0,1,0,0,1,0,0,2,0,2,0,0,1,0,1,2,0,0,0,0,0,0,3,0,0,0,0,0,0,1,1,1,0,0,0,1,0,1,0,2,1,1,0,0,1,3,0,0,1,0,0,0,0,0,1,0,0,0,0,0,0,0
"208458477",5,3,0,1,4,0,0,1,3,6,0,0,3,2,8,3,0,4,1,2,1,1,2,1,0,2,6,1,5,1,2,0,0,7,0,6,0,7,1,7,3,4,2,4,1,0,2,3,2,1,1,1,1,3,0,2,2,0,1,1,0,2,0,3,2,1,3,0,0,1,0,3,2,6,1,1,4,0,0,0,0,2,2,6,7,3,1,3,1,2,6,8,1,2,2,2,1,3,1,1,2,2,3,1,1,2,2,4,2,0,0,0,8,0,2,1,0,0,2,0,1,0,2,0,3,1,0,3,0,0,3,4,NA,4,1,5,2,1,2,1,4,2,7,2,5,4,2,1,3,2,2,4,4,2,2,3,2,2,1,0,1,2,2,1,3,1,0,1,2,2,3,3,5,1,3,1,1,5,0,1,0,1,0,1,2,2,6,1,3,2,3,0,2,4,1,2,1
"208537812",3,0,0,0,4,1,0,0,4,1,1,0,3,2,2,0,0,4,0,0,0,0,4,3,1,2,4,1,1,2,1,1,1,3,3,1,1,0,1,1,1,8,0,2,1,0,0,1,8,2,0,0,2,1,0,0,2,0,1,2,1,2,0,2,0,0,1,0,1,0,0,2,2,0,2,0,0,1,0,2,2,0,0,1,0,1,0,5,1,1,1,1,1,2,1,1,0,1,0,0,1,0,0,0,1,0,2,1,2,0,1,0,2,2,0,1,0,0,3,1,0,1,1,0,2,1,0,1,0,0,0,1,4,NA,3,0,2,1,0,1,0,0,2,1,1,2,1,0,0,1,0,0,1,0,1,3,0,1,1,0,1,0,8,1,2,6,0,2,1,0,0,0,3,0,2,0,1,0,1,2,0,0,0,0,1,1,1,0,1,0,0,0,3,2,0,2,6
"208670326",5,0,0,0,0,0,1,2,1,1,1,0,1,1,2,1,1,0,1,0,1,0,1,1,0,0,2,2,5,1,0,0,1,3,9,1,1,1,2,0,2,0,0,1,1,1,1,0,1,1,1,1,2,3,1,0,0,0,2,1,0,0,0,1,0,1,0,0,0,2,3,2,0,0,0,0,3,0,1,0,1,1,2,5,1,2,1,8,1,0,7,1,1,2,0,1,0,1,0,2,1,1,2,0,2,3,2,0,0,2,1,0,0,0,1,0,1,2,0,1,1,1,2,0,1,1,0,1,1,0,0,0,1,3,NA,1,2,0,0,0,0,2,1,2,1,0,2,1,0,2,3,0,0,3,4,2,1,1,1,0,0,2,3,0,4,1,0,0,0,1,0,4,1,2,1,4,1,1,0,2,2,0,0,1,4,4,2,0,0,0,0,0,1,2,0,1,0
"208684744",1,0,2,2,1,2,3,1,4,4,2,5,3,2,1,1,0,1,2,0,0,0,3,1,0,5,0,0,2,3,3,1,0,2,0,2,1,0,0,0,1,0,0,2,0,0,3,0,2,0,1,0,0,1,2,0,1,0,2,0,0,1,3,0,2,1,1,1,2,1,2,1,0,1,5,1,0,0,0,0,0,1,0,0,0,1,2,1,1,1,2,0,0,0,3,1,2,4,1,2,1,1,0,0,0,1,1,2,1,1,0,0,0,3,4,0,0,1,3,0,2,0,1,2,4,2,1,3,2,0,0,0,5,0,1,NA,3,1,1,1,1,1,5,0,1,0,0,2,0,1,4,1,0,0,2,0,0,5,0,1,2,0,1,0,0,1,0,2,0,1,1,2,4,1,0,2,0,4,1,0,5,0,3,1,1,1,1,0,0,2,0,2,2,0,0,0,0
"208710504",1,1,0,4,0,1,2,3,7,0,3,1,5,1,1,1,0,2,0,0,2,1,1,1,3,5,6,1,0,7,0,4,0,3,1,3,0,1,0,0,1,0,0,3,1,0,1,6,3,1,2,1,1,0,0,0,1,1,0,3,1,2,0,1,3,2,2,0,2,2,3,0,0,3,1,2,1,0,2,0,0,3,3,1,0,0,5,5,3,0,8,3,3,4,0,1,3,2,0,3,1,2,2,0,2,0,2,4,2,0,2,0,0,1,2,1,1,0,1,0,5,2,4,0,0,1,1,2,2,1,0,1,2,2,2,3,NA,0,3,1,0,2,8,4,3,0,1,4,5,0,7,3,0,1,3,5,2,2,1,1,1,0,5,0,8,1,2,1,0,2,0,2,2,2,4,1,4,0,2,0,2,0,0,1,0,0,3,1,1,1,0,2,0,1,0,0,0
"208714024",1,4,0,0,1,1,0,1,0,2,1,1,3,1,0,0,0,0,0,0,0,0,0,0,0,2,0,0,0,1,0,1,0,2,0,1,0,0,1,1,0,0,0,1,0,0,1,0,3,0,0,0,0,3,0,0,3,0,2,1,0,1,1,0,2,0,1,0,2,0,3,1,1,0,0,0,0,1,0,0,0,0,0,1,1,0,0,2,1,0,3,0,0,0,0,1,0,0,0,0,0,1,0,0,0,0,0,1,1,2,0,0,0,0,2,0,1,0,1,0,0,0,1,1,1,0,0,1,1,0,1,0,1,1,0,1,0,NA,0,0,0,0,4,1,1,1,0,0,0,0,1,0,0,0,0,3,0,2,0,0,0,0,0,0,0,0,0,0,0,0,0,0,0,0,0,1,0,0,1,0,0,0,1,0,1,2,1,1,0,0,0,2,1,0,0,0,0
"208771386",0,0,0,3,0,1,0,1,1,1,0,1,5,1,0,3,1,0,0,0,0,0,0,0,0,1,2,0,0,0,1,1,0,1,2,1,0,0,1,0,0,0,0,2,0,0,0,1,1,4,0,0,0,2,0,0,2,0,2,1,0,1,0,0,1,0,1,0,1,1,0,0,0,0,1,0,0,2,0,0,0,1,2,0,2,1,0,1,4,0,1,1,0,0,0,0,0,1,0,0,2,0,1,1,0,1,1,1,0,0,0,1,0,0,2,2,0,1,0,0,0,0,0,0,0,1,1,1,0,0,0,0,2,0,0,1,3,0,NA,0,3,2,1,2,2,0,0,1,1,1,1,0,0,0,0,2,0,1,1,1,0,2,2,1,1,0,1,0,0,0,0,0,2,1,1,0,0,0,2,5,0,1,1,0,0,1,0,1,2,0,0,0,0,2,1,0,0
"208788053",2,1,0,0,0,0,0,0,0,1,0,0,1,1,2,0,0,0,0,2,0,0,0,1,0,2,0,0,1,1,0,0,0,0,1,1,0,0,0,4,3,1,1,0,1,0,0,1,2,0,0,1,0,0,0,0,0,0,0,1,0,0,1,0,0,0,2,0,1,0,4,0,1,0,1,0,0,0,1,0,0,0,1,0,2,0,0,0,0,0,0,0,0,0,0,1,0,0,0,0,0,2,0,1,0,0,0,2,0,1,0,0,1,0,1,0,0,0,0,0,2,0,3,0,0,2,0,0,0,0,4,1,1,1,0,1,1,0,0,NA,1,0,1,0,0,2,1,0,0,0,0,1,0,1,2,2,0,1,0,1,2,1,0,0,1,1,0,1,0,0,0,1,0,0,0,0,0,0,0,1,0,0,0,1,0,3,1,1,0,0,0,0,0,0,0,1,0
"208975045",0,2,1,0,0,0,1,1,1,3,0,1,1,1,0,1,1,0,2,0,0,0,1,6,1,0,0,0,0,1,2,0,1,1,2,1,0,0,1,3,1,2,1,0,1,0,2,0,4,1,0,0,0,0,1,1,0,0,1,1,0,0,0,0,2,0,1,0,0,0,0,1,0,0,0,0,1,0,0,1,0,0,0,0,1,1,0,1,0,0,0,0,0,0,1,3,2,0,1,0,1,1,1,1,0,2,1,0,2,0,0,0,1,0,0,0,0,0,1,1,1,0,2,0,0,0,0,0,0,1,0,0,4,0,0,1,0,0,3,1,NA,0,0,0,0,1,1,0,0,0,1,0,2,1,2,3,1,1,0,0,1,0,2,0,1,2,0,1,0,1,0,2,1,0,0,1,1,0,0,1,0,1,1,0,1,1,0,0,3,1,1,2,3,2,1,3,1
"209063179",0,0,0,1,1,1,1,1,1,0,0,0,1,1,2,1,1,0,1,0,0,0,0,0,3,1,0,1,0,4,7,0,0,2,2,2,0,0,1,0,1,0,0,1,0,0,0,0,0,3,2,0,4,1,0,0,0,0,0,0,0,1,2,1,0,1,2,0,2,0,2,0,0,0,1,0,2,2,2,0,6,0,2,0,2,0,0,3,2,2,1,1,0,2,1,1,0,0,0,1,0,0,0,0,2,0,1,3,0,0,0,1,0,0,1,0,0,2,1,0,3,4,0,0,1,0,0,1,0,0,0,0,2,0,2,1,2,0,2,0,0,NA,0,0,0,0,0,0,4,1,0,1,0,0,0,2,1,1,0,0,2,1,0,0,4,0,0,0,0,1,0,0,1,0,2,1,1,0,0,0,1,0,0,1,2,0,1,0,2,1,2,0,2,2,1,0,0
"209070922",1,3,1,3,1,0,0,1,7,0,2,0,5,2,4,1,1,0,2,1,0,0,1,1,1,5,7,0,1,4,1,3,1,1,3,2,2,4,1,2,4,2,0,4,1,0,1,2,1,2,1,3,4,5,0,0,2,1,0,4,0,1,2,0,2,0,3,0,6,5,7,2,2,3,2,0,1,1,1,1,4,1,4,5,0,3,3,9,4,1,12,4,4,2,4,1,2,1,0,1,3,0,1,1,1,1,2,2,5,0,4,1,4,0,1,1,2,1,2,0,8,2,1,3,4,1,1,2,1,0,0,2,7,2,1,5,8,4,1,1,0,0,NA,1,0,2,0,8,5,6,4,0,3,3,2,3,1,2,0,0,1,0,2,1,8,1,0,2,2,2,0,1,3,0,2,3,1,2,3,1,2,0,2,2,3,1,2,0,4,0,2,2,3,2,2,1,0
"209084978",2,0,1,2,0,0,0,2,4,1,1,2,1,1,4,1,0,0,0,2,0,0,1,1,1,5,2,3,0,0,0,1,2,0,1,1,0,0,1,0,0,0,0,7,0,0,1,0,2,0,0,1,1,2,0,0,2,1,1,1,0,0,1,2,0,4,2,0,3,1,0,1,2,0,2,0,2,1,0,0,0,1,1,0,1,1,2,4,0,0,3,0,1,3,1,1,0,2,1,1,1,0,1,0,0,1,0,1,0,0,2,0,3,0,0,1,3,2,0,0,3,2,1,1,1,1,1,0,0,0,0,0,2,1,2,0,4,1,2,0,0,0,1,NA,3,0,1,0,0,2,5,0,1,0,0,2,1,1,0,1,0,0,1,0,5,1,2,0,0,0,0,0,0,1,0,1,1,0,1,0,1,1,1,2,0,2,2,1,0,1,1,0,0,1,0,2,1
"209157499",4,1,1,0,0,0,1,0,2,0,2,0,1,1,2,0,0,3,0,4,2,0,2,1,0,1,3,1,0,1,2,3,1,2,0,5,3,0,0,1,2,0,0,3,1,2,1,0,4,3,0,1,0,1,0,0,1,1,2,0,1,2,0,0,1,1,3,0,4,2,0,2,2,2,1,0,1,0,0,2,0,1,0,0,1,3,1,2,1,1,1,0,0,0,1,1,0,2,0,1,0,3,2,0,0,2,1,1,1,0,1,0,2,1,2,1,1,1,1,0,0,1,3,0,3,0,1,2,0,0,0,2,5,1,1,1,3,1,2,0,0,0,0,3,NA,0,0,1,2,1,2,1,2,0,2,2,0,1,0,1,1,4,3,0,5,0,0,2,1,1,0,1,4,3,3,2,0,0,1,0,0,1,0,0,1,1,3,2,2,0,2,1,1,6,0,0,0
"209157896",0,3,0,0,0,1,0,0,0,1,0,0,1,3,2,0,0,0,0,0,2,0,1,1,1,1,0,0,1,0,0,0,0,0,2,0,1,2,1,1,0,1,1,0,0,0,0,0,0,0,1,0,0,5,0,2,0,0,1,0,0,0,0,1,0,1,4,0,1,0,1,0,1,1,0,0,0,0,0,0,0,0,1,0,3,1,2,0,0,0,2,0,0,1,1,2,0,0,3,0,0,1,0,2,0,2,0,1,1,0,1,0,3,0,2,0,0,1,1,0,2,0,1,0,0,1,0,0,1,0,1,0,4,2,0,0,0,1,0,2,1,0,2,0,0,NA,0,0,0,1,0,1,2,0,3,0,0,0,0,0,0,0,0,0,2,1,0,0,0,0,0,0,0,0,0,0,0,0,0,0,1,0,0,0,1,0,3,1,2,1,0,0,0,0,2,0,0
"209161524",1,0,1,0,0,0,0,0,1,3,0,1,2,1,0,0,0,0,1,0,0,0,0,0,1,2,1,0,0,0,0,0,0,1,0,1,1,0,0,0,1,2,0,0,0,1,0,0,3,0,1,1,1,0,1,0,0,0,0,0,0,0,1,0,2,0,0,1,0,0,0,0,1,2,0,0,1,0,0,0,1,0,0,2,1,0,1,0,0,0,1,0,0,1,0,1,1,1,0,0,1,0,0,0,0,0,0,2,0,0,1,0,0,0,1,0,0,0,0,0,0,0,0,0,0,0,0,0,0,0,0,0,2,1,2,0,1,0,0,1,1,0,0,1,0,0,NA,2,0,0,2,0,0,0,0,3,0,0,0,0,0,0,0,0,0,0,0,3,0,0,0,2,0,1,0,1,1,0,0,1,0,0,0,0,1,0,0,1,0,0,0,0,0,0,0,1,0
"209173070",0,0,1,0,1,1,0,1,2,0,1,0,2,2,0,1,0,0,0,0,0,1,1,0,0,1,4,1,1,1,0,2,1,2,0,0,0,0,0,1,0,0,0,1,0,0,1,2,0,0,1,0,3,2,0,0,2,0,0,1,0,1,0,0,1,1,1,0,2,1,1,2,0,1,3,0,0,0,1,0,3,0,0,1,0,0,0,7,1,0,3,5,4,3,1,0,0,2,2,0,1,2,0,0,0,0,0,4,2,0,1,0,0,0,0,0,0,0,1,0,1,1,0,0,0,4,0,0,0,0,0,1,1,0,1,2,4,0,1,0,0,0,8,0,1,0,2,NA,1,0,1,0,0,0,2,2,0,0,0,0,1,2,1,0,0,1,4,1,0,1,0,0,0,0,3,3,2,1,0,0,1,0,0,1,0,3,2,2,1,3,1,1,0,2,2,0,0
"209176499",1,0,1,2,0,0,1,1,4,3,1,1,2,5,0,1,0,0,1,0,1,0,2,1,1,7,2,6,2,5,2,0,0,1,0,1,0,0,1,0,3,1,0,1,1,0,2,0,1,1,3,0,0,5,0,0,3,1,0,1,0,0,1,1,2,0,4,0,2,3,1,1,0,0,1,0,0,1,1,0,0,3,2,2,1,0,2,7,8,0,4,1,0,1,1,3,0,1,1,3,1,0,0,0,3,0,0,2,1,2,3,0,1,0,2,1,1,3,1,1,3,0,1,0,0,1,0,2,1,4,0,0,3,0,0,0,5,0,1,0,0,4,5,0,2,0,0,1,NA,3,4,1,0,1,1,2,1,7,0,2,1,5,3,0,4,1,1,1,0,0,1,1,1,0,0,0,2,5,1,1,0,1,1,0,0,2,1,0,0,0,0,1,0,1,0,1,0
"209230380",0,0,1,0,1,0,1,1,5,1,0,1,7,2,1,1,0,0,1,2,0,1,3,3,3,7,8,0,1,5,0,2,0,1,4,0,2,0,4,1,1,0,0,1,0,0,2,5,5,1,3,3,3,4,0,0,0,1,0,2,0,2,2,4,0,0,1,0,3,2,8,0,0,3,2,0,1,3,0,2,5,0,1,1,4,1,2,3,0,2,4,1,1,2,2,2,2,3,2,1,2,2,1,0,0,2,1,2,0,0,2,1,1,0,2,2,0,1,2,0,4,2,0,0,1,1,2,3,4,0,0,1,2,1,2,1,0,0,1,0,0,1,6,2,1,1,0,0,3,NA,2,0,0,0,2,1,0,0,0,0,0,2,1,0,8,2,2,1,0,1,0,0,2,0,7,3,3,3,1,4,2,1,0,2,2,1,1,1,1,4,3,1,2,0,1,1,2
"209238536",3,0,2,1,1,0,0,1,2,3,2,2,6,1,3,1,2,0,2,1,0,0,2,1,0,8,6,2,2,6,0,1,4,0,1,1,0,1,2,0,2,0,0,2,3,0,1,0,0,1,2,1,0,4,1,0,2,0,2,2,0,2,3,1,0,3,1,1,2,0,5,1,3,2,1,0,0,2,1,0,2,3,0,1,0,0,3,6,1,0,3,3,0,0,2,0,1,2,0,1,2,0,3,1,1,3,2,1,2,0,2,2,3,0,3,1,2,2,1,1,7,0,1,0,3,1,0,1,0,4,1,2,2,0,3,4,7,1,1,0,1,0,4,5,2,0,2,1,4,2,NA,2,0,0,1,3,0,5,1,1,4,3,2,0,4,1,1,1,3,0,1,5,3,0,2,0,1,4,4,1,1,0,3,1,2,2,0,0,0,2,1,1,0,1,0,1,1
"209283868",1,4,1,0,0,0,1,3,3,0,0,1,1,1,0,0,1,0,2,0,0,0,3,0,0,1,2,0,0,1,2,0,1,1,0,0,0,0,0,3,1,0,0,0,1,0,1,1,3,4,0,1,0,1,1,0,2,0,0,4,1,2,0,1,1,0,1,0,0,0,2,0,1,0,0,0,0,0,0,1,0,0,0,0,1,1,1,1,1,0,0,2,0,2,0,2,0,1,0,0,0,0,0,1,0,0,0,1,1,0,0,1,0,0,2,0,2,2,1,1,2,0,1,1,0,0,0,0,1,0,1,0,4,0,0,1,3,0,0,1,0,1,0,0,1,1,0,0,1,0,2,NA,2,2,1,0,0,1,0,0,1,1,3,2,1,4,0,0,0,1,2,0,1,1,2,0,3,1,0,0,0,1,0,1,0,2,1,0,4,0,0,0,0,1,1,2,2
"209292288",1,1,2,1,1,2,0,2,0,2,1,0,3,1,3,1,0,1,1,0,1,1,1,3,0,2,0,0,0,0,0,1,1,2,5,3,4,2,1,4,0,3,0,2,1,1,0,0,4,4,1,0,3,3,0,0,1,1,1,1,0,1,0,1,0,0,2,0,0,3,1,0,0,0,1,5,0,0,0,2,0,0,0,0,1,6,1,2,1,1,2,0,0,1,0,2,1,0,3,0,1,1,0,1,1,1,0,1,0,0,1,0,0,0,1,1,2,2,1,0,0,0,1,0,0,0,0,0,0,0,2,0,4,1,0,0,0,0,0,0,2,0,3,1,2,2,0,0,0,0,0,2,NA,3,1,5,0,0,0,0,2,4,2,1,2,1,1,0,0,0,1,0,1,0,1,0,0,0,0,1,0,1,0,0,0,1,0,0,7,1,0,0,4,0,0,0,0
"209298024",0,0,0,0,0,1,0,1,1,1,0,1,1,2,3,0,0,1,0,1,1,0,1,3,0,0,0,0,0,0,0,1,0,0,1,0,1,1,1,1,1,0,0,1,0,0,0,0,2,1,0,2,1,1,2,0,1,0,0,3,0,0,0,1,0,0,0,0,1,0,0,1,0,2,0,1,0,0,0,0,1,0,0,0,3,1,0,1,0,1,5,0,0,2,1,1,1,0,0,0,1,0,1,2,0,1,1,0,0,0,0,0,2,0,0,0,0,0,0,0,0,0,2,0,0,1,0,0,0,0,1,0,2,0,3,0,1,0,0,1,1,0,3,0,0,0,0,0,1,0,0,2,3,NA,1,2,1,1,0,0,0,0,3,0,1,0,0,0,0,1,0,1,0,0,1,1,0,1,0,1,0,0,0,1,0,1,4,1,4,0,0,0,1,4,0,2,2
"209324581",1,4,0,0,0,0,0,1,1,2,1,1,1,1,0,0,1,0,0,1,0,0,2,0,1,3,5,0,0,8,1,2,1,3,4,1,0,0,0,3,2,1,0,0,1,1,0,2,1,1,0,4,1,4,0,0,3,0,1,1,0,1,1,1,1,0,0,0,0,3,2,1,5,0,1,0,3,0,1,0,1,2,1,3,2,0,0,5,4,1,2,1,0,2,1,1,0,3,0,1,1,3,0,0,0,2,1,1,1,0,1,0,2,0,1,1,0,2,0,1,4,0,0,0,2,1,1,0,0,1,1,0,2,1,4,2,3,0,0,2,2,0,2,0,2,3,0,2,1,2,1,1,1,1,NA,6,2,1,0,2,0,0,1,2,4,1,2,2,0,4,3,0,0,2,0,2,2,1,2,1,1,0,2,0,0,1,1,0,5,2,1,0,1,4,0,1,1
"209333159",1,1,6,2,2,0,1,2,0,2,2,3,3,2,1,2,0,0,2,1,1,0,2,2,2,5,7,4,0,2,1,1,2,3,3,3,2,0,1,3,2,0,0,3,1,0,1,0,2,2,3,0,0,3,0,0,5,1,3,5,0,0,0,2,0,0,2,0,5,3,2,2,0,3,0,3,3,0,1,1,0,2,1,3,5,2,1,4,5,2,4,0,1,2,2,3,1,1,1,0,3,0,0,2,3,1,0,1,3,0,0,0,1,1,2,1,2,3,1,3,3,1,0,0,4,0,2,0,1,2,1,0,3,3,2,0,5,3,2,2,3,2,3,2,2,0,3,2,2,1,3,0,5,2,6,NA,1,2,0,0,0,2,5,1,2,0,2,0,0,0,0,1,3,0,4,0,0,0,2,1,0,0,1,0,1,0,3,0,1,0,2,1,2,1,0,1,0
"209376444",2,1,0,0,1,0,1,1,3,0,0,3,0,1,2,1,0,0,2,0,2,0,2,1,0,1,3,2,1,0,2,1,1,2,1,0,2,0,1,1,2,1,0,1,2,0,0,2,2,1,0,1,0,2,0,0,3,0,1,0,0,0,0,0,0,0,1,0,2,1,0,0,0,1,0,1,0,1,2,0,1,0,1,0,3,2,0,1,0,1,2,0,2,3,1,0,1,0,0,0,0,0,0,0,0,0,1,0,2,1,0,0,1,0,0,1,1,1,0,0,1,0,2,0,4,0,2,0,1,0,1,0,2,0,1,0,2,0,0,0,1,1,1,1,0,0,0,0,1,0,0,0,0,1,2,1,NA,0,1,0,0,5,0,1,1,1,2,0,0,0,0,1,1,0,0,0,0,0,0,3,0,0,0,0,1,0,1,0,1,0,0,0,0,0,0,1,0
"209484553",1,0,0,1,1,0,0,2,2,1,0,1,3,1,3,1,0,0,1,2,1,0,1,0,3,2,2,3,1,1,3,5,1,5,0,3,1,0,0,1,2,2,0,3,5,0,3,1,5,1,1,1,0,0,1,0,2,2,3,5,3,1,2,0,0,1,2,1,2,0,1,1,0,4,1,0,1,0,0,0,0,0,0,1,2,0,4,5,2,0,5,0,0,1,3,1,0,1,1,2,3,1,2,0,1,3,2,1,2,3,2,0,4,0,2,3,1,2,1,0,3,1,0,1,6,0,0,1,5,2,1,3,2,1,1,5,2,2,1,1,1,1,2,1,1,0,0,0,7,0,5,1,0,1,1,2,0,NA,3,1,2,1,0,1,1,1,0,2,0,2,0,2,5,0,1,0,0,1,1,1,2,2,4,0,0,1,2,0,0,1,1,3,2,2,0,0,1
"209533359",1,0,0,0,0,1,0,0,3,3,0,0,1,0,0,0,0,0,0,0,0,0,1,0,0,1,3,2,0,0,0,1,0,0,0,0,0,0,1,0,1,0,0,0,0,0,0,0,1,0,0,1,0,0,0,0,1,0,0,1,0,0,0,0,0,0,0,1,1,0,1,0,0,0,0,0,1,0,0,0,0,1,0,0,3,1,0,0,0,0,3,0,0,0,0,0,1,1,1,1,0,0,0,0,0,1,0,0,2,0,1,0,2,1,0,0,0,0,0,0,1,1,0,0,1,0,1,1,3,0,0,0,1,1,1,0,1,0,1,0,0,0,0,0,0,0,0,0,0,0,1,0,0,0,0,0,1,3,NA,0,0,1,1,0,3,0,0,0,1,0,0,3,0,1,1,0,0,0,0,0,1,0,0,0,1,0,1,0,0,0,0,0,1,2,0,0,0
"209682437",0,0,0,0,0,0,0,0,2,1,0,1,2,0,1,0,0,0,3,0,0,0,2,0,0,1,1,0,0,0,1,1,0,0,0,1,0,0,0,0,1,0,0,0,0,0,1,0,0,0,0,0,0,1,0,0,1,0,1,0,0,0,2,0,1,0,1,0,2,1,1,0,0,0,0,0,0,0,0,0,0,0,0,1,0,0,1,0,1,0,1,0,0,0,0,0,0,0,0,0,2,2,0,0,0,0,0,1,1,0,1,0,1,1,0,0,0,0,0,0,2,0,0,0,0,1,0,0,1,0,0,0,0,0,0,1,1,0,1,1,0,0,0,1,1,0,0,0,2,0,1,0,0,0,2,0,0,1,0,NA,0,0,0,0,1,0,0,0,0,0,0,0,0,0,1,0,0,0,1,1,0,0,0,0,0,0,0,0,0,0,0,0,0,1,0,0,0
"209685625",0,0,0,1,0,0,0,2,1,2,1,0,4,3,2,0,0,0,0,0,0,0,1,1,0,0,1,1,0,2,0,1,0,0,1,1,0,1,2,0,1,1,0,3,1,0,0,2,0,0,1,2,0,1,0,0,0,0,1,1,0,0,2,0,2,0,1,0,0,2,2,0,0,2,0,0,0,0,1,0,3,0,0,0,1,0,2,2,0,0,3,2,0,1,0,0,0,1,0,0,0,0,1,0,1,0,2,2,2,0,3,1,0,0,3,0,0,1,2,0,1,1,0,0,0,0,0,1,0,2,1,0,1,1,0,2,1,0,0,2,1,2,1,0,1,0,0,1,1,0,4,1,2,0,0,0,0,2,0,0,NA,0,0,1,1,1,0,1,1,1,0,2,0,0,3,0,3,0,0,1,3,0,1,3,0,3,2,0,0,0,0,0,0,1,0,0,0
"209692491",0,1,0,0,0,0,0,0,1,2,0,2,2,3,2,2,0,2,2,1,1,0,1,0,0,4,3,0,3,2,1,1,1,1,0,0,0,0,0,1,1,1,0,2,1,1,1,1,5,7,1,0,3,1,0,0,2,0,0,0,0,0,1,0,0,0,2,0,0,2,1,1,3,1,1,2,2,0,2,0,2,0,2,1,5,3,0,5,3,0,4,0,0,0,5,3,0,2,0,1,1,0,0,0,0,5,0,0,2,0,0,2,2,0,2,2,0,3,2,0,3,1,1,0,2,0,0,3,2,0,0,0,2,0,2,0,0,0,2,1,0,1,0,0,4,0,0,2,5,2,3,1,4,0,0,2,5,1,1,0,0,NA,7,1,4,1,0,0,0,0,1,1,1,1,2,3,1,2,0,0,0,1,0,0,2,3,1,0,1,0,2,0,3,2,0,1,0
"209703318",2,1,0,1,1,1,1,1,1,2,0,2,4,4,5,3,0,0,2,1,2,0,5,3,2,6,7,0,1,4,1,2,0,2,7,4,2,2,3,2,0,1,1,2,3,0,1,3,3,0,6,0,2,4,2,1,3,0,2,4,0,0,1,2,1,1,1,1,5,1,1,3,0,2,2,0,3,1,2,1,1,4,4,8,6,0,6,10,5,1,6,3,1,8,3,1,3,1,2,1,2,1,2,0,0,3,0,3,4,0,0,1,4,0,2,0,1,1,1,2,2,1,1,0,2,3,1,0,1,2,1,0,2,8,3,1,5,0,2,0,2,0,2,1,3,0,0,1,3,1,2,3,2,3,1,5,0,0,1,0,0,7,NA,2,3,2,0,1,1,2,0,0,3,0,5,3,3,1,3,1,0,1,0,1,4,0,3,0,4,0,0,1,2,4,0,1,1
"209742739",0,0,0,2,0,1,1,0,2,0,0,1,1,0,1,2,0,1,1,0,0,1,1,0,0,2,4,0,0,0,1,0,0,4,1,1,0,1,1,1,1,0,0,0,0,0,0,1,3,0,1,1,3,2,1,0,4,0,0,0,0,0,0,1,0,1,1,0,0,0,1,0,1,0,0,0,0,1,0,0,2,1,0,0,1,0,0,1,0,0,0,1,1,0,1,1,0,0,0,0,0,0,0,0,1,1,0,1,1,0,0,0,0,0,0,0,0,0,0,0,0,0,1,0,1,0,1,0,1,0,0,0,1,1,0,0,0,0,1,0,0,0,1,0,0,0,0,0,0,0,0,2,1,0,2,1,1,1,0,0,1,1,2,NA,2,0,0,0,0,0,0,0,1,0,0,0,1,1,2,0,0,1,0,1,0,0,0,0,0,1,0,0,0,0,1,1,0
"209785752",3,4,3,4,2,0,0,4,9,0,2,3,6,4,7,1,2,1,1,0,1,0,2,3,3,5,6,0,2,6,1,2,2,2,3,3,0,0,1,4,2,0,3,3,3,2,2,4,2,3,4,1,3,5,0,2,4,0,3,3,2,5,2,0,8,3,6,0,4,1,8,2,0,2,5,0,2,2,4,2,5,1,5,2,1,0,3,13,3,0,7,5,0,4,4,2,2,1,3,3,1,1,3,0,2,4,2,8,2,1,1,3,2,0,0,2,2,6,2,0,7,0,4,0,3,1,1,2,5,3,1,1,3,2,4,0,8,0,1,1,1,4,8,5,5,2,0,0,4,8,4,1,2,1,4,2,1,1,3,1,1,4,3,2,NA,2,0,2,0,0,1,3,5,1,6,1,2,2,1,1,2,2,0,0,0,2,5,0,6,3,3,1,2,5,1,1,2
"209834687",0,0,0,0,1,0,0,1,4,1,0,0,1,1,4,0,0,0,0,0,0,0,0,2,2,0,0,1,1,2,0,2,1,1,2,2,0,2,0,1,3,2,0,1,1,0,0,1,5,0,0,0,0,0,1,0,1,0,2,3,0,1,0,0,2,0,2,1,0,0,0,1,0,1,0,1,3,0,0,1,0,0,0,1,1,4,3,2,0,0,2,0,1,0,1,2,1,1,4,0,0,1,2,0,0,1,0,0,0,0,0,0,2,0,1,1,1,0,3,0,2,0,0,0,0,1,0,1,0,1,0,1,1,6,1,1,1,0,0,1,2,0,1,1,0,1,0,1,1,2,1,4,1,0,1,0,1,1,0,0,1,1,2,0,2,NA,0,1,0,0,1,1,3,0,0,1,3,1,1,1,0,0,1,0,3,3,3,2,1,2,0,0,6,0,0,1,2
"209899057",1,0,0,0,0,0,2,1,2,1,1,0,5,0,0,0,0,0,0,1,0,0,0,0,0,3,1,0,0,0,2,0,0,0,0,1,1,0,0,0,1,0,1,1,1,0,3,2,1,0,0,0,2,3,0,2,0,0,1,2,0,0,3,0,0,0,0,0,0,1,1,1,0,0,1,0,0,0,1,0,4,0,2,0,2,0,1,3,0,0,4,0,0,1,0,1,1,0,1,1,0,1,0,0,0,0,0,0,1,1,0,0,0,0,0,0,1,2,0,0,2,0,0,0,1,1,1,0,0,0,0,1,0,0,0,0,2,0,1,0,0,0,0,2,0,0,0,4,1,2,1,0,1,0,2,2,2,0,0,0,0,0,0,0,0,0,NA,1,0,0,1,1,2,1,0,0,0,0,1,0,1,0,2,0,2,2,1,2,0,0,2,0,1,0,0,0,0
"209992902",1,1,0,0,0,2,1,1,3,2,2,0,1,1,1,0,0,0,0,0,0,0,2,1,1,1,8,0,0,1,0,1,0,1,0,0,0,0,2,1,0,0,0,1,1,0,2,0,3,0,0,0,0,1,0,0,3,0,2,1,0,0,1,0,0,1,0,1,1,1,3,4,3,0,1,0,0,1,0,0,0,1,0,3,0,1,6,3,1,1,3,1,0,0,2,1,0,0,1,1,3,0,0,1,1,0,0,1,1,0,1,1,0,0,2,0,0,1,2,0,2,0,1,0,4,2,0,0,0,1,0,0,1,2,0,2,1,0,0,1,1,0,2,0,2,0,3,1,1,1,1,0,0,0,2,0,0,2,0,0,1,0,1,0,2,1,1,NA,0,0,0,1,2,0,2,1,3,2,0,0,1,0,0,2,0,1,0,1,1,0,2,0,1,1,0,1,2
"210078073",1,0,0,0,0,0,0,0,1,0,0,0,0,0,0,0,0,0,0,0,0,0,0,0,0,1,1,1,0,4,0,0,0,0,0,0,0,1,1,0,0,0,0,0,1,0,0,2,0,0,0,1,1,2,1,0,0,0,0,2,0,0,0,1,2,0,1,0,1,1,0,0,0,0,0,0,0,0,0,0,1,0,1,0,1,0,0,0,0,0,0,0,1,0,0,0,1,1,0,1,1,0,0,0,0,0,1,2,2,0,0,0,0,0,0,0,0,1,0,0,2,0,0,0,1,0,0,1,1,0,0,0,2,1,0,0,0,0,0,0,0,0,2,0,1,0,0,0,0,0,3,0,0,0,0,0,0,0,1,0,1,0,1,0,0,0,0,0,NA,0,2,0,2,1,0,1,1,0,1,1,1,0,0,0,0,0,0,1,0,0,1,0,1,1,0,0,0
"210082154",0,2,1,0,0,1,0,1,1,1,0,0,0,0,3,0,0,0,2,0,0,0,0,0,1,0,0,0,1,0,1,0,1,0,2,1,0,0,0,1,0,2,0,1,0,0,0,0,1,0,0,0,0,4,0,0,0,0,0,0,0,0,2,0,0,0,0,0,0,1,0,0,0,0,0,0,0,1,1,1,1,1,1,0,3,2,0,2,2,2,0,0,0,1,0,1,1,0,0,2,0,0,0,0,0,3,1,0,2,0,0,2,0,0,0,0,0,0,0,0,1,0,2,0,0,2,0,1,2,0,1,0,2,0,1,1,2,0,0,0,1,1,2,0,1,0,0,1,0,1,0,1,0,1,4,0,0,2,0,0,1,0,2,0,0,0,0,0,0,NA,0,0,0,0,0,0,0,0,1,2,0,1,0,0,2,2,1,0,1,0,2,2,0,2,0,0,0
"210160071",0,0,0,1,1,1,0,0,2,0,0,2,0,0,1,0,0,1,1,0,1,1,0,0,1,1,1,0,1,1,0,3,0,0,0,0,0,1,0,0,1,2,0,0,0,0,0,1,3,3,1,0,0,0,2,0,1,0,2,0,0,0,0,0,0,0,2,1,0,1,2,0,0,0,1,0,2,0,0,1,1,0,0,0,2,0,0,0,0,0,1,1,0,0,1,0,1,0,0,1,1,0,1,0,0,1,0,1,2,0,1,0,0,0,0,0,0,0,0,0,0,2,0,1,1,0,0,0,0,0,3,1,3,0,0,1,0,0,0,0,0,0,0,0,0,0,0,0,1,0,1,2,1,0,3,0,0,0,0,0,0,1,0,0,1,1,1,0,2,0,NA,1,1,0,0,0,0,0,0,0,0,1,1,0,0,0,2,0,0,0,0,0,1,0,0,0,0
"210160161",0,0,0,1,2,0,1,2,6,3,1,1,1,2,1,0,1,0,2,6,0,0,2,2,1,6,6,0,0,1,2,2,0,2,1,1,0,1,0,0,0,2,0,2,3,0,0,0,0,0,1,1,0,1,6,0,1,2,0,1,3,1,0,1,0,1,0,1,1,0,1,5,1,2,1,1,4,1,0,0,0,0,1,2,3,2,3,3,2,0,4,1,1,0,0,2,0,1,1,0,0,0,1,1,0,1,0,2,5,0,1,0,2,0,2,0,1,0,1,0,3,0,1,1,7,4,0,1,2,1,0,0,3,0,4,2,2,0,0,1,2,0,1,0,1,0,2,0,1,0,5,0,0,1,0,1,1,2,3,0,2,1,0,0,3,1,1,1,0,0,1,NA,11,1,6,0,1,1,0,1,0,3,1,0,0,1,1,1,0,0,2,2,2,2,0,4,2
"210160163",3,0,2,0,3,1,0,2,3,3,0,2,3,2,1,2,0,1,3,1,1,0,0,0,1,3,4,0,3,2,1,1,0,1,3,4,0,2,0,0,3,4,1,1,1,0,1,2,2,2,0,0,0,1,1,0,1,1,0,2,1,2,1,0,2,4,0,1,5,0,1,2,2,0,0,2,1,0,1,1,0,0,1,3,1,0,2,3,1,1,3,1,1,1,1,1,2,0,1,1,3,0,2,0,2,2,0,1,0,1,1,0,3,0,2,1,0,0,3,3,3,1,3,0,5,1,2,1,2,0,1,1,5,3,1,4,2,0,2,0,1,1,3,0,4,0,0,0,1,2,3,1,1,0,0,3,1,5,0,0,0,1,3,1,5,3,2,2,2,0,1,11,NA,0,0,3,3,0,0,1,1,2,0,3,3,0,0,1,5,2,0,0,1,3,0,6,3
"210167927",0,0,0,0,0,1,1,1,1,0,0,1,3,2,4,0,0,0,1,0,0,0,0,0,1,3,1,0,0,2,0,0,0,1,0,3,1,0,0,0,0,0,0,0,0,0,1,0,1,1,0,0,0,0,0,0,0,1,0,1,0,1,0,0,1,2,3,0,1,0,1,2,0,1,0,0,0,0,1,0,0,0,1,1,0,2,1,0,0,0,3,1,0,0,0,0,0,1,1,1,1,0,0,0,1,0,0,1,1,0,0,0,1,1,0,0,0,0,1,2,0,0,0,0,2,0,1,0,1,1,0,0,1,0,2,1,2,0,1,0,0,0,0,1,3,0,1,0,0,0,0,1,0,0,2,0,0,0,1,0,0,1,0,0,1,0,1,0,1,0,0,1,0,NA,2,0,0,2,0,0,0,1,0,0,1,0,0,1,0,1,0,0,0,2,0,0,0
"210167931",4,3,1,2,1,2,0,2,6,1,2,1,3,5,0,2,3,2,2,1,0,0,2,1,1,5,7,1,1,3,1,1,1,2,3,1,0,1,1,0,0,3,0,5,0,0,4,1,4,0,1,0,1,6,0,2,3,0,1,1,0,4,2,0,0,2,3,0,2,1,1,3,0,3,0,0,1,1,0,3,3,1,1,4,2,1,4,2,2,2,1,5,5,3,1,3,1,3,2,0,0,4,2,3,3,4,1,1,3,1,1,0,3,0,1,1,0,1,0,1,4,1,1,2,0,1,0,1,2,1,1,2,3,2,1,0,4,0,1,0,0,2,2,0,3,0,0,3,0,7,2,2,1,1,0,4,0,1,1,1,3,2,5,0,6,0,0,2,0,0,0,6,0,2,NA,3,1,1,0,9,1,1,0,0,1,1,0,0,3,0,1,0,1,1,1,1,0
"210167935",4,1,1,0,2,0,1,1,1,0,0,0,3,2,3,2,0,0,0,0,0,0,2,2,2,1,3,0,0,2,0,1,0,3,1,2,0,1,1,2,2,1,0,1,0,0,0,5,1,0,0,0,1,1,0,0,4,0,0,1,1,0,0,0,0,0,2,0,2,0,2,3,1,1,0,0,3,0,0,1,1,1,0,4,2,0,1,0,3,0,2,2,1,0,0,2,0,2,1,0,3,1,0,0,0,1,0,0,2,0,0,1,1,0,0,1,0,0,1,0,1,2,0,0,1,0,0,0,2,0,2,1,1,0,4,2,1,1,0,0,1,1,3,1,2,0,1,3,0,3,0,0,0,1,2,0,0,0,0,0,0,3,3,0,1,1,0,1,1,0,0,0,3,0,3,NA,0,1,0,5,0,0,0,0,1,4,0,1,1,1,2,0,1,3,1,1,1
"210167948",0,1,1,0,3,0,0,1,5,1,0,0,1,1,3,0,0,0,2,0,1,0,3,0,1,1,1,0,0,1,0,1,1,0,0,0,1,0,0,1,2,2,0,0,0,0,0,0,2,0,0,0,0,2,0,0,1,0,0,2,0,0,0,1,0,1,0,0,2,1,3,3,0,1,1,0,0,0,0,2,1,0,0,2,1,1,3,4,1,0,6,4,2,1,1,1,0,3,2,1,0,0,1,0,0,1,1,0,0,1,0,1,3,0,2,0,1,1,0,0,1,1,0,0,2,1,0,0,1,0,0,1,1,1,1,0,4,0,0,0,1,1,1,1,0,0,1,2,2,3,1,3,0,0,2,0,0,0,0,0,3,1,3,1,2,3,0,3,1,0,0,1,3,0,1,0,NA,2,1,1,0,2,1,1,0,1,0,0,0,0,0,0,1,1,0,1,0
"210167954",1,0,0,1,0,1,0,0,1,3,0,0,2,3,2,1,0,2,0,1,0,0,1,0,0,2,6,0,1,2,1,2,1,4,2,2,0,1,1,0,0,0,0,4,1,0,0,1,2,0,1,2,0,0,0,0,2,1,1,0,0,0,2,0,0,0,0,0,3,2,1,0,1,1,0,0,0,1,2,0,3,2,1,2,0,0,2,3,4,1,3,2,2,1,2,1,0,2,0,0,2,1,0,0,2,1,2,2,4,0,0,0,1,1,1,0,0,2,6,0,1,0,0,1,3,0,1,0,1,0,0,0,5,0,1,4,0,0,0,0,0,0,2,0,0,0,0,1,5,3,4,1,0,1,1,0,0,1,0,0,0,2,1,1,2,1,0,2,0,0,0,1,0,2,1,1,2,NA,1,3,4,1,1,3,2,0,0,0,0,2,1,1,0,2,0,0,1
"210168020",1,0,1,0,0,2,0,0,2,2,0,1,2,0,1,2,0,1,4,0,0,0,0,0,0,5,3,0,1,4,2,2,0,4,0,3,0,0,1,0,1,2,0,2,0,0,0,2,3,1,0,0,0,1,0,1,0,1,0,2,1,1,1,0,0,2,3,0,3,2,0,2,0,3,1,0,2,1,1,0,0,0,1,0,0,0,1,4,2,0,2,0,4,2,0,2,2,1,0,4,2,0,0,0,1,3,1,0,3,1,0,1,1,2,2,0,0,1,2,0,1,2,3,0,0,1,2,0,1,0,0,0,0,1,0,1,2,1,2,0,0,0,3,1,1,0,0,0,1,1,4,0,0,0,2,2,0,1,0,1,0,0,3,2,1,1,1,0,1,1,0,0,0,0,0,0,1,1,NA,0,1,0,0,2,1,1,0,0,1,2,1,2,0,1,0,0,0
"210168025",4,1,0,0,0,0,0,2,0,1,1,0,4,3,2,1,0,2,1,1,0,0,1,1,2,6,10,1,1,0,1,0,1,3,2,3,1,0,2,0,1,0,1,1,0,0,2,0,4,0,0,1,2,4,0,0,0,0,0,1,1,1,0,0,0,1,0,1,0,0,2,1,0,1,1,1,2,0,0,1,2,3,2,1,0,0,3,1,0,0,1,3,0,1,0,0,2,0,3,0,1,0,1,1,1,0,0,1,2,1,2,0,2,0,1,0,0,1,0,0,4,1,3,0,0,1,1,1,0,0,0,1,1,2,2,0,0,0,5,1,1,0,1,0,0,0,1,0,1,4,1,0,1,1,1,1,3,1,0,1,1,0,1,0,1,1,0,0,1,2,0,1,1,0,9,5,1,3,0,NA,0,0,0,1,7,2,2,1,3,2,0,1,2,3,1,0,0
"210168031",0,0,0,1,2,1,0,0,2,2,0,0,2,2,0,0,0,1,0,1,0,0,0,0,0,1,4,3,0,4,2,3,0,0,0,1,0,0,4,0,1,0,0,0,4,0,2,0,2,0,1,7,0,4,0,0,0,0,2,2,0,4,1,1,2,2,0,0,1,1,4,2,1,1,3,1,0,2,1,0,0,2,0,0,0,0,4,2,0,0,2,1,0,0,3,0,2,2,1,1,0,0,0,0,0,0,0,3,1,0,0,0,4,0,2,0,1,3,2,0,6,0,0,0,1,0,0,1,0,0,0,3,0,0,2,5,2,0,0,0,0,1,2,1,0,1,0,1,0,2,1,0,0,0,1,0,0,2,1,0,3,0,0,0,2,0,1,1,1,0,0,0,1,0,1,0,0,4,1,0,NA,1,0,2,1,7,0,0,0,1,2,0,0,1,0,0,1
"210168045",1,1,0,0,0,0,0,1,2,0,0,0,2,1,1,1,0,1,1,0,0,0,1,0,0,0,1,0,2,2,0,0,1,1,0,0,0,1,1,0,0,2,0,4,1,0,1,1,0,0,0,1,1,0,0,0,1,0,3,0,0,1,0,0,1,2,0,0,0,1,1,2,0,2,0,0,2,1,1,0,2,0,2,1,2,1,0,3,0,0,4,0,0,1,0,1,0,0,0,1,1,0,0,0,0,1,1,2,1,0,1,0,1,1,0,0,0,2,0,0,1,1,0,2,2,0,0,0,2,1,0,0,1,0,0,0,0,0,1,0,1,0,0,1,1,0,0,0,1,1,0,1,1,0,0,0,0,2,0,0,0,1,1,1,2,0,0,0,0,1,1,3,2,1,1,0,2,1,0,0,1,NA,0,2,0,1,0,0,2,1,2,2,4,2,0,1,0
"210168114",1,0,0,0,0,2,2,1,2,1,0,2,4,0,0,0,0,1,4,1,1,0,1,1,0,4,1,0,1,2,2,1,0,4,0,0,0,0,1,0,2,1,0,0,1,0,0,0,3,0,0,0,0,2,0,0,0,0,0,1,0,0,1,0,1,1,1,0,1,0,0,0,0,1,1,0,1,1,1,0,0,2,0,0,1,0,0,0,1,0,0,0,1,0,0,0,0,0,0,3,0,0,0,0,0,0,0,0,1,1,0,0,2,2,2,0,1,0,1,0,1,0,2,0,0,0,0,0,0,0,0,0,0,0,0,3,0,1,1,0,1,0,2,1,0,0,0,0,1,0,3,0,0,0,2,1,0,4,0,0,1,0,0,0,0,1,2,0,0,0,1,1,0,0,0,0,1,1,0,0,0,0,NA,0,1,0,0,0,0,1,0,1,0,1,0,0,0
"210168129",0,0,0,1,0,0,0,1,1,2,0,1,2,4,1,0,0,2,1,0,0,0,0,0,1,1,1,0,2,3,2,1,0,1,0,1,0,0,0,0,0,0,0,1,3,0,0,0,2,0,2,3,0,1,0,0,0,0,1,5,0,2,0,0,0,0,0,0,1,1,1,2,0,0,1,0,2,0,2,0,0,1,0,3,0,0,2,5,0,1,1,2,0,1,0,0,0,0,0,2,1,0,0,0,0,1,0,2,0,0,1,0,1,0,1,0,0,2,1,1,4,0,0,1,0,1,1,0,0,1,0,1,1,0,1,1,1,0,0,1,0,1,2,2,0,0,0,1,0,2,1,1,0,1,0,0,0,0,0,0,3,0,1,1,0,0,0,2,0,0,0,0,3,0,0,0,1,3,2,1,2,2,0,NA,2,1,0,2,1,0,1,0,0,2,0,0,0
"210168209",1,3,2,0,1,2,0,1,0,2,2,0,3,4,3,1,1,4,0,1,0,0,3,3,1,3,6,0,2,0,0,0,0,3,2,1,0,0,0,0,1,1,0,1,1,0,0,1,2,0,0,1,0,1,0,0,2,0,1,0,0,0,1,2,0,0,1,1,0,0,3,2,0,1,1,0,0,2,2,0,1,0,1,0,1,1,0,2,0,2,3,0,1,1,0,1,1,1,1,1,1,2,0,0,0,1,2,0,0,1,3,2,4,0,1,0,0,0,1,0,1,0,3,0,2,0,1,0,2,0,0,0,2,1,4,1,0,1,0,0,1,2,3,0,1,1,1,0,0,2,2,0,0,0,0,1,1,0,1,0,0,2,4,0,0,3,2,0,0,2,0,0,3,1,1,1,0,2,1,7,1,0,1,2,NA,4,0,0,4,0,2,0,0,3,0,0,2
"210249023",2,1,2,0,3,0,0,4,0,1,3,2,3,1,3,2,0,1,4,0,0,0,3,0,1,5,1,1,4,4,2,2,1,2,2,1,1,0,1,0,1,1,0,2,0,0,0,3,6,2,1,1,0,4,0,0,2,0,2,1,1,1,3,0,0,2,4,0,3,1,3,0,0,3,2,1,3,0,2,1,1,0,4,2,1,2,3,4,3,1,1,2,2,2,0,0,1,0,1,1,0,1,0,0,2,1,1,1,1,0,2,0,2,0,1,0,1,3,4,1,5,1,4,0,2,0,1,1,1,1,0,0,2,1,4,1,0,2,1,3,1,0,1,2,1,0,0,3,2,1,2,2,1,1,1,0,0,1,0,0,3,3,0,0,2,3,2,1,0,2,0,1,0,0,1,4,1,0,1,2,7,1,0,1,4,NA,0,0,2,0,0,2,2,6,1,1,1
"210253977",2,4,0,0,2,2,0,0,4,2,1,0,7,0,4,0,1,0,2,1,0,0,1,1,2,2,5,0,1,0,2,0,0,1,2,2,0,1,4,1,2,4,1,1,0,0,0,4,6,5,1,0,1,3,1,1,1,0,2,0,0,5,0,0,0,1,5,0,2,1,1,0,2,3,0,1,3,1,0,3,1,0,2,2,5,1,4,2,1,2,2,3,2,0,0,0,0,1,4,1,3,1,4,1,1,0,0,2,1,1,1,0,2,0,2,1,1,0,5,0,2,2,1,0,1,0,0,0,0,0,3,0,6,1,2,1,3,1,0,1,0,1,2,2,3,3,0,2,1,1,0,1,0,4,1,3,1,2,1,0,2,1,3,0,5,3,1,0,0,1,2,1,0,0,0,0,0,0,0,2,0,0,0,0,0,0,NA,1,4,0,3,2,2,1,1,1,2
"210296071",0,4,1,1,1,1,1,0,0,0,1,0,1,0,0,0,0,1,1,0,0,0,4,2,1,2,3,0,0,0,0,1,1,0,0,0,0,0,0,0,0,1,0,2,1,0,0,1,1,2,1,0,1,0,0,0,3,0,0,0,0,0,0,0,1,0,1,0,1,1,0,2,0,0,0,0,0,0,1,0,1,0,0,1,1,0,2,1,2,0,3,4,0,0,0,0,0,1,0,0,0,0,0,1,0,0,0,1,0,0,0,0,0,0,0,0,1,0,0,0,0,0,1,0,0,0,0,0,0,0,0,0,1,0,0,0,1,1,1,1,0,0,0,1,2,1,1,2,0,1,0,0,0,1,0,0,0,0,0,0,0,0,0,0,0,2,2,1,1,0,0,1,1,1,0,1,0,0,0,1,0,0,0,2,0,0,1,NA,0,0,0,0,0,0,0,0,0
"210406219",0,1,1,0,0,0,0,1,1,0,0,1,3,3,1,0,1,0,1,1,0,0,4,3,4,2,2,0,0,0,1,0,1,2,3,2,1,2,2,1,2,4,1,4,1,0,1,2,2,1,0,0,1,6,0,1,4,3,1,0,0,1,0,0,0,0,3,0,2,0,0,1,0,1,0,1,0,1,0,1,1,0,1,3,2,0,1,2,2,1,4,0,0,3,0,2,1,1,2,2,2,0,0,0,0,1,1,0,0,0,1,0,0,3,0,3,0,1,1,0,2,1,2,1,0,0,0,3,0,2,2,0,3,1,0,0,1,0,2,0,3,2,4,0,2,2,0,1,0,1,0,4,7,4,5,1,1,0,0,0,0,1,4,0,6,1,0,1,0,1,0,0,5,0,3,1,0,0,1,3,0,2,0,1,4,2,4,0,NA,0,1,0,3,2,0,0,3
"210412595",0,0,0,1,0,0,3,2,1,4,0,0,3,1,0,1,0,5,2,0,1,0,0,0,0,1,4,0,0,3,1,6,0,2,1,0,0,0,4,0,1,0,1,0,1,0,0,0,2,1,0,1,1,2,0,1,0,0,0,0,0,4,0,0,3,0,1,0,0,2,1,1,0,0,3,0,0,0,0,0,2,0,0,0,1,1,0,4,0,0,0,2,2,0,2,0,0,1,1,1,1,2,0,0,0,0,0,2,2,1,2,0,1,0,0,0,1,2,0,0,1,0,0,0,0,2,0,0,0,1,1,1,2,0,0,2,1,0,0,0,1,1,0,1,0,1,0,3,0,4,2,0,1,0,2,0,0,1,0,0,0,0,0,1,3,2,0,0,0,0,0,0,2,1,0,1,0,2,2,2,1,1,1,0,0,0,0,0,0,NA,0,1,0,1,0,0,1
"210426282",3,0,3,1,1,1,0,1,1,2,0,1,1,0,1,1,0,1,3,0,1,0,0,0,1,3,3,0,0,3,0,2,0,4,1,1,0,0,1,2,0,4,0,0,0,1,0,0,3,0,1,2,2,3,1,0,0,0,0,0,0,1,1,0,3,0,2,1,1,2,1,1,1,2,0,1,1,0,0,0,2,0,1,1,2,1,1,0,0,0,3,1,0,0,1,0,1,1,0,0,0,0,1,1,0,0,1,1,2,1,1,0,1,0,1,0,0,1,0,0,2,0,3,0,0,0,0,1,0,0,0,0,3,0,0,0,0,0,0,0,1,2,2,1,2,0,0,1,0,3,1,0,0,0,1,2,0,1,0,0,0,2,0,0,3,0,2,2,1,2,0,2,0,0,1,2,0,1,1,0,2,2,0,1,2,0,3,0,1,0,NA,0,1,1,0,0,0
"210429901",1,0,0,0,0,0,0,0,0,0,0,1,3,0,1,2,0,1,1,0,0,0,1,0,1,0,1,1,0,1,0,1,0,2,0,0,0,0,1,1,1,1,0,0,0,0,0,0,1,0,0,0,0,0,0,0,0,0,0,0,0,0,0,0,3,0,0,0,0,0,0,0,0,0,0,1,0,1,0,0,0,0,0,0,1,0,1,1,0,1,1,1,0,0,3,1,0,0,0,0,0,0,0,0,0,1,0,0,0,1,2,1,2,1,1,0,0,1,0,0,2,0,2,0,1,2,2,0,0,0,0,0,0,0,0,2,2,2,0,0,2,0,2,0,1,0,0,1,1,1,1,0,0,0,0,1,0,3,0,0,0,0,1,0,1,0,0,0,0,2,0,2,0,0,0,0,0,1,2,1,0,2,1,0,0,2,2,0,0,1,0,NA,0,0,0,0,0
"210461522",1,0,1,0,2,1,1,4,3,1,0,2,0,1,1,1,2,1,0,0,1,0,3,3,2,1,0,0,0,0,2,1,0,3,4,4,2,4,1,0,0,5,0,0,0,2,0,0,5,2,0,1,0,3,1,0,1,0,3,3,0,1,0,0,0,0,2,1,3,1,0,1,0,0,0,1,0,0,0,0,1,1,1,0,0,3,1,4,0,0,2,0,0,0,0,2,0,1,0,1,0,0,0,0,0,3,2,0,1,0,1,0,6,2,1,1,0,0,3,0,1,0,2,0,1,1,1,1,0,0,0,0,2,3,1,2,0,1,0,0,3,2,3,0,1,0,0,0,0,2,0,0,4,1,1,2,0,2,1,0,0,3,2,0,2,6,1,1,1,0,1,2,1,0,1,1,1,0,0,2,0,4,0,0,0,2,2,0,3,0,1,0,NA,2,0,2,5
"210504307",6,1,1,0,1,2,0,0,3,0,1,3,5,3,2,5,1,0,0,1,2,0,1,2,3,5,2,0,2,2,1,0,0,7,1,3,1,2,0,1,1,2,0,3,1,0,0,1,0,0,2,1,2,2,0,0,2,0,3,1,0,0,1,1,0,1,2,1,3,2,1,5,0,1,1,0,2,2,0,0,2,1,5,2,1,4,1,7,4,0,5,1,2,4,2,0,2,6,1,4,4,0,2,0,0,2,4,1,5,1,1,1,1,0,2,1,0,4,3,0,6,1,3,0,3,0,0,1,2,0,0,0,4,2,2,0,1,0,2,0,2,2,2,1,6,0,0,2,1,0,1,1,0,4,4,1,0,2,2,1,1,2,4,0,5,0,0,1,1,2,0,2,3,2,1,3,1,2,1,3,1,2,1,2,3,6,1,0,2,1,1,0,2,NA,0,2,0
"210515107",0,1,0,0,2,1,0,1,1,2,0,0,0,1,0,0,0,0,1,0,0,0,0,0,1,0,1,0,0,0,1,0,0,1,0,0,1,0,0,2,0,2,1,0,0,0,1,3,1,1,0,0,2,1,1,3,1,0,2,1,1,2,0,0,2,0,0,0,2,0,0,1,0,1,2,0,0,0,0,2,0,0,2,1,0,0,2,1,0,0,2,0,0,2,0,1,0,0,1,0,1,0,0,0,0,0,0,0,2,0,0,0,1,0,0,0,0,0,0,0,1,0,0,0,0,1,0,0,0,0,0,0,1,0,0,0,0,0,1,0,1,1,2,0,0,2,0,2,0,1,0,1,0,0,0,0,0,0,0,0,0,0,0,1,1,0,0,0,0,0,0,0,0,0,1,1,0,0,0,1,0,0,0,0,0,1,1,0,0,0,0,0,0,0,NA,0,0
"210574406",4,1,2,0,2,0,0,0,0,0,0,1,1,4,4,1,0,0,0,2,2,0,3,0,0,0,1,0,1,1,1,0,0,1,2,2,0,0,0,0,1,4,0,2,0,1,0,0,1,0,0,0,0,1,0,0,0,1,2,0,0,0,1,1,0,0,0,0,0,0,0,0,2,1,0,0,2,0,0,0,0,0,1,2,1,0,1,1,0,0,2,0,0,0,2,0,0,1,0,0,1,0,0,0,0,2,0,0,2,0,0,0,5,1,1,1,0,1,3,0,3,0,6,1,2,2,0,0,0,0,0,0,2,2,1,0,0,0,0,1,3,0,1,2,0,0,1,0,1,1,1,2,0,2,1,1,1,0,0,0,0,1,1,1,1,1,0,1,0,0,0,4,6,0,1,1,1,0,0,0,0,1,0,0,0,1,1,0,0,0,0,0,2,2,0,NA,0
"210581300",0,0,1,0,0,0,0,0,3,0,0,0,0,0,3,0,0,0,0,0,0,0,1,1,2,0,1,0,1,0,0,0,0,0,3,2,0,1,0,1,1,0,0,1,0,1,0,0,6,0,1,0,0,0,0,0,1,0,2,1,0,1,0,0,0,0,2,1,0,0,0,1,0,1,0,1,2,0,0,1,0,0,1,1,3,3,3,1,0,0,1,0,0,0,0,3,0,1,1,0,0,1,1,0,0,2,1,0,0,0,0,2,2,0,0,0,1,0,3,0,2,0,1,0,0,1,0,0,0,0,0,0,1,6,0,0,0,0,0,0,1,0,0,1,0,0,0,0,0,2,1,2,0,2,1,0,0,1,0,0,0,0,1,0,2,2,0,2,0,0,0,2,3,0,0,1,0,1,0,0,1,0,0,0,2,1,2,0,3,1,0,0,5,0,0,0,NA
