accountId,summonerName
208788053,귀여운 현우
209533359,누구도 날 모를껄
3386550,귀여운 나무인간
207443723,호잇이
210160163,레이 팬더
4513526,Rainbow22
210253977,중궁인
209484553,17살 원딜러
4440078,chirchri
2871097,잘자 좋은 꿈 꿔
206491319,지현이의빗자루
5312679,숙련자3
1025353,gunwu
6341504,Klmjg
3706811,뉴트 주니어
209682437,띵킹왕
377501,좋은날
209084978,엽북이
208670326,아이러니
2335652,구린내가심하구나
210461522,Nice JG
202784392,noooooooooooom
204531622,EhingXamsi
210160161,DogRabbitCat
203553813,GIorie
205213320,레몬 나무
204024521,aceerfa
2474930,단군의청춘부재
2373709,엔페시아
208537812,wyt0111
204672058,JAG UmTi
3863724,Be proud of me
2915344,페이커 뒷바라지
201236882,SKT T1 ThaI
210515107,Mark Time
202103602,이우진의 개
209157499,Nkachaiby
201386115,1987 Plls
210581300,qquad
210574406,pIease heIp 
206360056,KDM LuBu
206452044,귤수호자 만기
204613894,MVP ADD
209283868,TT 보배
206772826,북쪽의 괴물
210167927,버터난프라운커리
210168045,to my memories
209834687,17살 서폿
200621317,이 차가 식기전에
210168114,페리온 만지
5797364,이흥호
206247678,Muse1
206948172,RBE Malrang
206280171,율천고 최현우
8021595,Sol로랭크2
251709,imp8
209063179,tjudlsawqz
210168209,온실속의감자
208276269,TOLAND
755064,GimGoon
207987339,귀여운안지영
208357607,BBBaby
210167931,허허이러면후후
209992902,롤오브레전드1234
210082154,Woo Xiang 2
209685625,Jin Air Nova
6965193,뽀오뽀오
6871165,NekoL
870355,블러드이블
207922335,너와나의연결Gori
200203708,lookatmy
3141212,센센S2
210168020,커닝시티 천지
6197385,Heart
209176499,HLE Lava
205923395,무서운 뱀 독
8027026,SKT T1 Pirean
207570975,진에어 테디
6451200,lwandy
2099284,검은머리사나이
2525174,Afreeca Kramer
209703318,kimtaem1n
210504307,Taikki
666395,서울카즈아
200594011,SKT T1 M4A1
3516152,마마돈워리
203870735,GabrielCRO
209899057,난 질수없다
210426282,빙 돌아 튕겨서
202001440,오뚜기3분미트볼
251448,aoligei
207991322,진짜잘안죽음
909429,김국어
202937359,KT DEFT
207884486,하얼빈의쟝첸이야
7024597,happy wind man2
208710504,담원 쇼메이커
6282837,pvman
209333159,yiwancibeishang
204245747,이도류
207629924,Deifinu
209324581,뿡 형
200670975,명jhin이
210429901,생뚱맞은앵뚱쌩뚱
209230380,롤스터단합KT
208714024,Levellup
205914660,bully bully
4189540,아름다운 서울
201200763,xiaoqiupup
207874718,keria00
5775781,구마유시
209157896,창 밖의 햇빛
209238536,Killua fans
207332319,jungsanghyun1
210160071,KongBai
202606482,팀운이절실한사람
203921694,HLE Kuzan
3494294,PandaTV51654
210296071,ceIlceIl
205199428,So1o
209785752,아프니까청춘이야
209292288,NOoOB Z
208975045,zlp gj
3547852,KZ Khan
209161524,lbkgnfkgng
207850002,루팡 그냥너
208191209,20 1 1 14
206944308,먹는게즐거워
209692491,서툴러요
209070922,댕 체
5482776,SKT T1 Bang
2866544,Sol로랭크
210078073,퍼플팀 EA
210412595,유노유키
201481153,KDM SSol
210168129,건들면총든다
201009223,6학년4반장용준
204544908,Destiny
4735341,정상적인 심장
4823948,jiang you ping 
210167954,진에어 곰탱이
1309737,Gen G cuvee
208771386,its my day
203769662,JAG Grace
6968626,카페베네설탕도둑
207100227,DWG ShowMaker
204098604,Lehends
4286691,4seidon
1890305,Jin Air SoHwan
2881442,커피물조절장인
4989204,독이 있다
210167948,ABC123D4
206358340,Gen G Ruler
209298024,DoRun
2713769,WE 77
3511615,Gen G CoreJJ
210249023,MAD l3reeze
1785347,AD EZ 15 GG
203020098,bbq seirA
202021894,handcIap
200831019,령 웅
3440481,Hide on bush
4046217,Still love
204394141,커닝시티 피그미
209376444,Sharksinthesea
209742739,승달리
206966030,xiaolongbacc
204062750,Gen G Life
208684744,너희 정말 돼지야
203073673,SKT T1 Le0
205499309,Baby123
5258842,사스갓지지
209173070,MADKlNG
210168031,Deft12345678
1410285,baramgaebi
210168025,아이거또어우
208458477,Never be Carry C
4566463,SeIect1
202561023,Seroum
203542532,남동현
204167188,츠코파이
5670561,IruguN
3454455,cyeol
210167935,MoonLight2
205248873,MVP Ian
206897280,BtC Savage
207309342,See u AG
4586738,칼과 창 방패
200543394,이기자 할수있다
1646013,KDM Roach
203011568,DWG Punch
210406219,yizhiyuyy
206501884,출애굽기15장27절
201232698,DWG BeryL
6203629,Cyberbully
6358198,멘탈과실력을겸비
2855003,NBadL
