"","1","2","3","4","5","6","7","8","9","10","11","12","13","14","15","16","17","18","19","20","21","22","23","24","25","26","27","28","29","30","31","32","33","34","35","36","37","38","39","40","41","42","43","44","45","48","50","51","53","54","55","56","57","58","59","60","61","62","63","64","67","68","69","72","74","75","76","77","78","79","80","81","82","83","84","85","86","89","90","91","92","96","98","99","101","102","103","104","105","106","107","110","111","112","113","114","115","117","119","120","121","122","126","127","131","133","134","136","141","142","143","145","150","154","157","161","163","164","201","202","203","222","223","236","238","240","245","254","266","267","268","412","420","421","427","429","432","497","498","516","555"
"1",NA,1,0,0,4,0,0,3,0,0,1,3,4,0,0,4,0,1,0,0,0,1,0,1,4,0,1,0,0,0,0,0,0,0,0,1,0,0,0,1,1,0,0,0,0,1,1,5,0,0,1,0,0,0,0,1,0,0,0,3,0,0,0,1,0,0,0,0,0,0,0,7,0,0,0,0,0,0,0,0,0,1,0,0,0,0,0,2,0,0,0,0,0,0,0,2,0,0,0,0,5,1,0,0,0,0,0,0,0,0,0,4,1,0,0,0,0,2,2,0,0,0,1,0,0,0,0,0,2,0,0,1,1,2,0,0,0,3,2,1,0
"2",1,NA,9,19,3,4,35,54,8,0,0,94,57,40,7,44,0,24,0,0,2,6,2,45,73,5,46,0,0,10,11,0,0,4,0,25,0,13,65,25,72,7,65,10,2,0,34,85,13,12,13,1,4,16,2,0,5,0,3,3,12,7,37,2,0,4,1,0,17,1,2,165,0,0,0,10,2,10,13,14,3,18,15,2,0,0,5,1,27,1,0,26,8,3,1,33,3,24,9,0,6,21,7,8,0,0,5,20,0,65,10,62,18,1,15,5,24,73,37,78,0,6,49,12,4,2,13,0,10,7,10,32,5,0,0,7,8,91,69,13,1
"3",0,9,NA,0,21,1,0,6,1,0,0,29,0,7,2,12,0,9,0,0,4,3,0,17,25,1,8,4,0,0,4,0,0,0,0,4,0,0,17,12,17,0,20,4,0,10,8,31,2,2,0,2,0,5,6,1,0,0,0,10,5,2,0,9,1,1,7,0,8,1,0,55,0,0,0,5,1,7,0,0,3,5,5,1,0,0,0,27,0,0,1,12,3,0,9,15,0,4,1,0,28,8,4,0,0,1,0,0,5,0,2,22,9,15,3,0,0,62,15,23,0,1,21,0,0,0,0,0,3,3,0,8,1,1,0,1,0,24,24,6,0
"4",0,19,0,NA,25,2,0,7,5,0,0,26,2,5,3,17,0,12,0,1,1,4,3,22,29,0,20,2,1,0,3,0,0,0,0,12,0,0,21,15,24,0,16,4,0,13,3,26,1,2,0,5,1,4,4,2,0,1,1,27,3,5,0,9,0,2,10,0,3,1,2,78,0,1,1,4,2,8,0,0,2,7,9,1,1,0,0,45,0,0,3,3,4,0,1,12,0,6,1,0,21,12,4,1,0,0,0,0,3,0,5,21,5,5,5,0,0,42,21,26,1,3,21,10,0,0,1,1,6,5,0,9,2,9,1,3,4,25,30,8,3
"5",4,3,21,25,NA,7,121,226,29,0,0,225,98,65,22,86,2,52,0,0,7,26,4,103,196,13,130,0,2,30,22,0,0,8,0,88,1,31,178,64,89,6,155,5,3,1,33,169,17,14,15,1,4,43,0,0,9,0,9,0,13,19,46,0,1,6,0,0,33,0,7,418,0,0,2,34,3,35,36,44,18,64,40,0,2,0,5,0,68,3,3,21,27,4,0,43,2,131,18,0,0,57,27,28,1,2,13,38,0,134,20,173,28,0,72,12,47,174,82,158,0,8,113,35,8,8,17,0,45,13,8,76,5,0,0,10,17,188,172,44,7
"6",0,4,1,2,7,NA,8,11,0,0,1,8,6,4,1,2,0,3,0,1,1,0,0,1,21,0,0,3,0,0,0,0,0,1,1,0,0,2,1,3,0,0,4,0,0,5,1,13,3,0,1,1,0,0,2,0,1,0,0,3,0,0,3,5,0,0,7,0,0,0,0,17,0,0,0,0,0,3,1,3,0,5,1,0,0,0,0,14,4,0,0,1,1,0,0,0,0,6,1,0,5,0,1,1,0,0,2,3,1,3,2,11,0,3,2,1,1,6,2,7,0,0,2,2,0,0,1,0,0,1,3,5,0,2,0,2,0,11,8,0,1
"7",0,35,0,0,121,8,NA,45,7,1,3,99,7,37,7,49,0,30,2,1,0,10,2,51,93,1,55,16,2,0,11,2,1,0,0,40,1,0,77,25,54,0,66,3,0,45,6,83,9,12,0,11,1,16,5,7,0,0,5,92,15,5,0,23,0,4,29,1,21,3,1,228,0,2,1,17,1,15,0,0,9,29,24,1,0,2,0,98,0,1,11,16,11,0,6,25,0,16,15,0,78,31,18,1,0,1,0,0,12,0,11,73,11,14,2,1,0,151,52,98,3,5,64,18,0,7,0,0,20,10,0,55,8,30,3,5,10,107,93,31,1
"8",3,54,6,7,226,11,45,NA,23,0,5,230,0,49,18,97,0,60,3,9,2,34,7,104,189,6,90,30,2,12,9,0,3,4,5,54,0,13,194,75,88,2,160,15,2,74,28,177,13,11,11,38,3,31,18,7,1,0,8,135,30,16,26,65,0,5,59,3,29,7,8,424,1,0,1,26,7,28,9,46,7,58,35,2,2,3,2,236,23,1,6,31,16,2,17,40,0,50,16,1,191,61,33,0,0,2,5,20,29,44,13,174,21,22,0,3,18,207,115,187,11,8,129,41,9,6,0,2,22,14,3,92,7,53,8,13,17,213,194,34,4
"9",0,8,1,5,29,0,7,23,NA,0,0,1,15,4,1,0,0,2,0,0,1,2,0,6,2,0,11,0,0,3,0,0,0,2,1,4,0,2,17,0,7,0,5,0,0,8,0,17,0,1,3,4,1,7,2,0,0,0,0,11,2,1,0,6,0,1,1,0,2,1,1,50,0,0,0,2,1,0,1,5,1,3,3,0,1,0,0,15,6,0,2,1,1,1,1,4,0,10,2,0,15,3,1,2,0,0,0,4,1,14,0,9,2,0,8,2,1,18,1,13,0,1,1,5,0,0,2,0,5,1,0,0,2,6,0,1,0,0,8,4,0
"10",0,0,0,0,0,0,1,0,0,NA,0,1,0,0,0,0,0,1,0,0,0,0,0,0,0,0,0,0,0,0,0,0,0,0,0,0,0,0,0,0,0,0,0,0,0,0,0,0,0,0,0,0,0,0,0,0,0,0,0,0,0,0,0,0,0,0,0,0,0,0,0,0,0,0,0,0,0,0,0,0,0,0,0,0,0,0,0,0,0,0,0,0,0,0,0,0,0,0,0,0,1,0,0,0,0,0,0,0,0,0,0,0,0,0,0,0,0,0,0,0,0,0,0,0,0,0,0,0,0,0,0,0,0,0,0,0,0,0,0,0,0
"11",1,0,0,0,0,1,3,5,0,0,NA,4,3,2,0,3,0,2,0,0,0,0,1,1,5,1,7,0,0,0,1,0,0,1,0,1,0,4,4,2,5,0,5,7,0,0,0,7,0,0,1,0,2,0,0,0,0,0,0,0,2,2,1,0,0,0,0,0,0,0,0,12,1,0,0,0,0,1,1,1,0,4,4,0,0,0,0,0,1,0,0,1,0,0,0,0,0,6,1,0,0,2,0,0,0,0,0,2,0,1,0,5,0,0,1,0,1,7,1,4,0,0,1,0,0,1,0,0,1,0,1,3,0,0,0,0,2,4,1,1,0
"12",3,94,29,26,225,8,99,230,1,1,4,NA,139,85,18,0,1,109,2,12,10,18,11,135,0,3,147,42,5,39,22,0,2,7,6,97,0,51,220,0,125,8,62,0,1,103,58,101,0,24,18,21,11,44,15,16,8,1,0,154,32,15,49,59,0,2,109,3,52,7,10,451,1,2,5,33,5,0,28,67,17,49,22,4,7,1,8,207,77,3,11,45,0,1,34,77,1,51,31,1,190,67,34,44,0,0,15,58,21,183,0,304,38,41,104,6,50,320,0,228,12,4,0,37,11,17,46,0,50,0,14,0,12,48,8,23,0,0,157,54,0
"13",4,57,0,2,98,6,7,0,15,0,3,139,NA,43,8,64,1,29,0,5,2,15,5,78,120,2,57,14,2,3,13,2,0,2,1,35,0,1,85,39,76,1,67,6,0,55,18,104,11,8,2,14,3,33,13,5,1,2,3,89,13,10,6,34,1,5,40,3,20,10,4,250,2,2,1,19,5,23,1,11,10,30,20,1,3,1,0,124,9,0,6,26,13,0,18,26,1,34,18,1,92,30,21,0,0,0,3,4,14,8,13,94,18,20,0,1,3,156,58,103,5,17,70,15,3,7,0,0,21,8,0,60,2,32,4,15,15,92,116,24,3
"14",0,40,7,5,65,4,37,49,4,0,2,85,43,NA,4,26,0,28,1,3,1,2,0,19,74,0,16,8,1,10,0,0,0,8,0,14,0,16,0,24,14,2,23,5,1,37,0,71,8,1,7,1,1,5,6,3,5,0,3,46,7,4,19,26,0,0,35,1,6,5,2,130,0,0,0,2,0,18,2,6,2,18,8,0,1,3,2,53,23,0,6,21,6,1,18,14,0,8,10,0,63,9,0,8,0,0,7,12,6,48,3,80,4,10,23,3,27,57,42,52,1,9,43,5,5,0,10,0,7,9,5,40,3,13,2,3,6,77,74,2,0
"15",0,7,2,3,22,1,7,18,1,0,0,18,8,4,NA,13,0,0,0,0,0,0,1,11,10,1,16,2,0,7,2,0,0,1,0,11,0,2,20,9,10,1,21,4,1,9,4,0,2,3,1,4,0,3,2,0,1,0,0,6,0,1,9,7,0,1,6,0,3,0,4,0,0,0,0,6,0,2,4,6,1,0,2,0,1,0,0,24,6,0,1,0,3,0,2,2,1,7,0,0,19,10,2,6,0,0,1,5,1,17,1,0,2,2,2,2,3,34,10,0,1,0,10,0,2,1,1,0,5,2,0,3,1,3,1,0,1,21,0,3,0
"16",4,44,12,17,86,2,49,97,0,0,3,0,64,26,13,NA,1,27,2,3,1,14,1,80,0,5,66,13,1,13,3,0,0,5,4,55,0,19,96,0,65,1,31,0,2,61,27,82,0,6,6,6,0,31,8,8,3,2,0,67,12,9,36,45,0,6,44,1,29,4,7,286,0,1,3,14,0,0,24,26,10,26,17,0,1,1,5,111,44,0,2,22,0,1,15,23,0,31,9,0,69,29,15,14,0,0,10,18,9,71,0,83,16,8,30,1,26,133,0,86,5,1,0,19,5,4,19,0,24,0,4,0,3,20,9,3,0,0,39,22,0
"17",0,0,0,0,2,0,0,0,0,0,0,1,1,0,0,1,NA,0,0,1,0,0,0,1,1,0,0,0,0,0,0,0,0,0,0,1,0,0,1,0,0,0,1,0,0,1,1,3,0,0,0,0,0,0,0,0,0,0,0,1,0,0,0,1,0,0,0,1,1,0,0,3,0,0,0,0,0,0,0,2,0,0,0,0,0,0,0,0,0,0,0,0,0,0,0,0,0,2,0,0,0,0,0,0,0,0,0,0,0,1,0,1,1,0,0,0,0,0,0,2,0,0,1,0,0,0,0,0,0,1,0,2,0,0,0,0,0,0,0,0,0
"18",1,24,9,12,52,3,30,60,2,1,2,109,29,28,0,27,0,NA,2,3,0,0,3,32,26,3,41,9,0,9,5,0,0,0,2,17,0,9,51,18,22,2,33,10,1,16,14,0,9,5,5,2,0,14,3,5,2,1,1,41,0,8,19,18,0,1,20,0,7,5,2,0,0,0,4,9,0,10,11,10,1,0,12,0,3,0,2,37,16,0,5,0,5,2,11,17,1,22,0,1,61,13,7,10,0,1,4,8,6,39,5,0,11,9,17,4,12,76,29,0,1,0,20,2,3,2,7,0,4,3,5,20,5,12,2,0,5,56,0,16,1
"19",0,0,0,0,0,0,2,3,0,0,0,2,0,1,0,2,0,2,NA,0,1,0,0,0,2,0,0,0,0,1,0,0,0,0,0,2,0,2,1,2,0,0,2,0,0,0,0,0,0,1,0,0,0,1,0,0,0,0,0,0,0,1,1,0,0,0,0,0,0,0,0,2,0,0,0,0,0,1,0,1,1,0,0,0,0,0,0,0,0,0,0,1,0,0,0,1,0,1,0,0,0,0,0,0,0,0,1,0,0,1,0,7,0,0,1,0,1,4,2,1,0,0,0,0,0,0,0,0,0,0,0,1,0,0,0,0,0,0,0,0,0
"20",0,0,0,1,0,1,1,9,0,0,0,12,5,3,0,3,1,3,0,NA,0,1,1,18,7,0,5,0,1,2,1,0,0,1,0,6,0,3,5,4,3,0,7,0,0,0,2,10,0,3,0,0,1,2,0,0,1,0,0,0,1,1,2,0,0,0,0,0,0,0,0,14,1,0,0,2,2,1,0,7,0,5,1,0,0,0,1,0,4,0,0,1,2,0,0,3,0,4,2,0,0,5,1,0,0,0,1,2,0,10,0,14,1,0,2,3,1,7,6,6,0,1,5,2,0,0,0,0,2,0,3,7,0,0,0,1,0,13,8,2,0
"21",0,2,4,1,7,1,0,2,1,0,0,10,2,1,0,1,0,0,1,0,NA,0,0,4,4,0,3,1,0,2,0,0,0,0,0,4,0,3,10,2,3,0,6,2,0,4,2,2,3,2,0,2,0,2,1,0,1,0,0,2,0,0,3,1,0,1,1,0,1,0,0,1,0,0,0,0,0,2,2,0,1,0,0,0,1,0,1,7,4,0,0,0,0,0,0,2,0,0,0,0,9,3,0,0,0,0,0,1,1,6,3,0,0,2,3,1,1,8,2,3,0,0,0,0,1,1,0,0,0,0,0,3,0,2,1,0,0,2,0,3,2
"22",1,6,3,4,26,0,10,34,2,0,0,18,15,2,0,14,0,0,0,1,0,NA,0,17,17,1,12,2,0,2,2,0,0,1,0,6,0,1,18,7,9,2,21,0,0,7,3,0,0,2,2,3,3,4,1,2,0,0,5,14,0,1,5,7,0,2,11,0,6,2,1,0,0,0,0,1,1,0,4,8,3,0,5,1,1,0,2,29,4,1,2,0,2,1,2,6,0,10,0,1,20,9,2,2,0,0,1,6,0,20,8,0,6,2,6,0,3,26,9,0,2,0,20,1,0,0,4,0,5,1,2,9,1,6,1,0,1,16,0,3,1
"23",0,2,0,3,4,0,2,7,0,0,1,11,5,0,1,1,0,3,0,1,0,0,NA,2,10,0,0,1,0,1,0,0,0,0,0,0,0,1,0,2,0,1,4,0,0,5,0,8,0,0,0,0,0,0,0,0,2,0,1,7,0,0,4,2,1,0,2,0,0,1,0,12,0,0,0,0,0,1,2,0,0,2,0,0,0,0,1,6,1,0,0,1,0,1,2,0,0,4,1,1,4,0,0,1,0,0,1,1,0,4,0,5,0,1,3,0,3,7,5,6,1,1,1,1,0,0,1,0,0,0,0,3,0,1,0,0,0,10,9,0,0
"24",1,45,17,22,103,1,51,104,6,0,1,135,78,19,11,80,1,32,0,18,4,17,2,NA,101,4,27,23,1,20,6,0,3,5,3,0,0,28,58,51,21,9,86,9,3,59,29,90,10,3,8,10,0,8,8,6,5,0,8,73,12,5,30,43,0,0,38,1,10,6,0,277,0,2,1,4,0,17,18,36,0,43,17,1,2,4,2,108,41,2,5,26,9,1,14,12,3,54,15,0,74,5,10,17,0,0,5,21,9,109,12,111,8,19,29,8,26,0,69,100,3,11,80,15,9,3,28,1,8,10,7,47,3,24,10,13,12,136,112,6,4
"25",4,73,25,29,196,21,93,189,2,0,5,0,120,74,10,0,1,26,2,7,4,17,10,101,NA,3,122,34,0,17,29,2,2,8,4,78,0,35,165,0,121,9,64,0,2,90,46,405,0,22,23,32,5,40,10,12,6,1,1,139,18,22,52,70,0,7,79,2,32,10,6,328,2,2,8,34,4,0,27,53,16,63,19,0,3,2,10,178,79,1,10,34,0,7,24,53,5,60,19,1,128,67,35,25,1,0,17,36,21,135,0,127,34,41,69,7,45,221,0,194,10,10,0,29,10,7,30,2,39,0,16,0,11,61,10,7,0,0,78,64,1
"26",0,5,1,0,13,0,1,6,0,0,1,3,2,0,1,5,0,3,0,0,0,1,0,4,3,NA,8,0,0,1,0,0,0,0,0,5,0,0,4,1,2,0,0,1,0,5,0,4,0,0,0,1,1,1,0,0,0,0,0,2,2,1,0,6,0,0,2,0,3,0,0,15,0,0,0,0,0,2,3,2,1,2,2,1,0,0,0,9,2,0,1,2,0,0,2,7,0,0,2,0,9,5,0,1,0,0,0,1,0,6,0,12,5,0,3,0,3,6,5,8,3,1,3,1,0,0,0,0,5,0,0,1,0,1,1,0,0,6,9,5,0
"27",1,46,8,20,130,0,55,90,11,0,7,147,57,16,16,66,0,41,0,5,3,12,0,27,122,8,NA,11,1,9,0,0,0,3,2,6,1,32,70,53,0,2,102,6,1,64,22,99,6,1,12,16,0,0,10,3,3,0,6,91,14,0,28,27,0,0,30,2,0,2,1,294,0,0,1,0,0,24,20,50,0,46,18,2,5,0,4,107,46,0,7,14,15,0,10,0,0,42,10,1,110,0,5,10,1,0,5,28,15,100,17,110,0,17,62,8,40,125,65,114,3,8,74,31,10,0,14,0,0,8,7,58,0,35,3,10,11,115,96,0,5
"28",0,0,4,2,0,3,16,30,0,0,0,42,14,8,2,13,0,9,0,0,1,2,1,23,34,0,11,NA,0,4,4,0,0,0,0,15,0,5,37,15,26,1,24,1,1,0,6,24,2,4,4,0,1,8,0,0,0,0,1,0,2,0,3,0,0,1,0,0,3,0,0,65,0,0,2,5,2,2,3,41,3,7,5,0,0,0,1,0,9,0,0,3,5,0,0,10,0,8,5,0,0,17,14,6,0,0,0,1,0,27,2,30,2,0,12,0,7,27,14,32,0,1,24,3,6,0,4,0,8,3,3,14,2,0,0,9,2,39,40,4,0
"29",0,0,0,1,2,0,2,2,0,0,0,5,2,1,0,1,0,0,0,1,0,0,0,1,0,0,1,0,NA,0,0,0,0,0,0,3,0,1,1,2,1,1,6,0,0,3,0,0,0,0,0,0,0,2,0,1,0,0,0,2,0,0,0,2,1,0,2,0,0,0,0,1,0,0,0,0,1,1,0,0,0,0,3,0,0,0,1,2,1,0,0,0,0,0,0,2,0,4,0,0,3,0,0,0,0,0,0,1,0,3,1,1,1,0,1,0,0,4,2,0,0,0,2,0,1,0,0,0,0,0,0,0,0,1,0,0,1,3,0,0,0
"30",0,10,0,0,30,0,0,12,3,0,0,39,3,10,7,13,0,9,1,2,2,2,1,20,17,1,9,4,0,NA,5,0,0,0,0,6,0,0,17,12,9,0,15,4,0,8,4,19,2,1,0,4,1,10,4,0,0,0,1,14,1,1,0,12,0,1,9,1,4,0,2,66,0,0,0,2,2,5,0,0,4,4,8,0,0,0,0,25,0,0,1,2,3,0,4,8,0,3,1,0,23,6,5,1,0,0,0,0,1,0,0,30,8,4,10,0,0,34,13,17,2,0,11,5,0,1,0,0,2,1,0,12,2,9,1,1,6,26,25,7,1
"31",0,11,4,3,22,0,11,9,0,0,1,22,13,0,2,3,0,5,0,1,0,2,0,6,29,0,0,4,0,5,NA,0,1,2,1,1,0,7,6,8,0,0,21,1,0,11,7,21,2,0,4,0,0,0,3,0,1,0,0,9,4,0,9,8,0,0,10,0,0,0,0,44,0,0,0,0,0,5,6,13,0,11,2,0,1,0,1,26,7,0,1,6,5,0,3,0,0,7,2,0,18,0,3,4,0,0,1,2,0,17,2,30,0,4,10,1,5,22,13,10,1,3,18,2,2,0,2,0,0,0,3,11,0,9,0,1,3,32,29,0,0
"32",0,0,0,0,0,0,2,0,0,0,0,0,2,0,0,0,0,0,0,0,0,0,0,0,2,0,0,0,0,0,0,NA,0,0,0,0,0,0,1,0,0,0,0,0,0,0,0,1,0,0,0,0,0,0,0,0,0,0,0,0,0,0,0,0,0,0,0,0,0,0,0,0,0,0,0,0,0,0,0,0,0,0,0,0,0,0,0,0,0,0,0,0,0,0,0,0,0,0,0,0,0,0,1,0,0,0,0,0,0,0,0,0,0,0,0,0,0,1,0,1,0,1,1,1,0,1,0,0,0,0,0,1,0,0,0,0,0,0,0,0,0
"33",0,0,0,0,0,0,1,3,0,0,0,2,0,0,0,0,0,0,0,0,0,0,0,3,2,0,0,0,0,0,1,0,NA,0,0,1,0,1,1,1,0,0,1,0,0,0,0,3,0,1,0,1,0,0,0,0,0,0,1,0,2,0,0,0,0,0,0,0,0,0,0,3,0,0,0,0,0,1,1,1,1,0,0,0,0,0,0,0,0,0,0,0,0,0,0,0,0,1,0,0,0,0,0,0,0,0,0,0,0,0,0,0,0,0,1,0,0,2,0,1,0,0,1,0,0,0,1,0,1,0,0,1,0,0,0,0,0,1,2,0,0
"34",0,4,0,0,8,1,0,4,2,0,1,7,2,8,1,5,0,0,0,1,0,1,0,5,8,0,3,0,0,0,2,0,0,NA,0,3,0,0,9,3,10,0,5,0,0,3,2,12,1,0,0,1,0,2,3,0,0,1,0,7,0,1,0,6,0,1,3,0,0,0,0,20,0,0,0,2,0,1,0,0,0,3,3,0,0,0,0,10,0,0,0,4,0,0,3,4,0,1,0,0,11,4,0,0,0,0,0,0,1,0,1,4,0,2,1,0,0,8,11,7,0,2,8,1,0,0,1,0,0,0,0,2,0,1,0,1,1,12,14,0,0
"35",0,0,0,0,0,1,0,5,1,0,0,6,1,0,0,4,0,2,0,0,0,0,0,3,4,0,2,0,0,0,1,0,0,0,NA,2,0,3,4,2,5,0,2,2,0,0,2,4,0,0,0,0,0,4,0,0,0,0,0,0,0,0,3,0,0,0,0,0,0,0,0,15,0,1,0,0,0,1,0,1,0,2,2,0,0,0,1,0,4,0,0,0,1,0,0,1,0,3,1,0,0,0,0,0,0,0,2,3,0,7,4,5,1,0,1,1,3,4,1,3,0,1,3,3,0,1,0,0,2,0,1,1,0,0,0,1,0,4,1,3,0
"36",1,25,4,12,88,0,40,54,4,0,1,97,35,14,11,55,1,17,2,6,4,6,0,0,78,5,6,15,3,6,1,0,1,3,2,NA,0,9,48,20,8,3,62,2,1,52,9,66,11,1,9,7,0,0,4,2,0,0,0,54,6,0,12,20,0,0,34,0,1,1,0,170,0,0,1,0,0,20,14,44,0,26,7,0,0,0,1,100,28,0,7,8,7,0,3,2,1,47,14,1,54,4,2,14,0,0,4,11,9,64,8,96,3,2,25,4,21,0,38,55,6,0,29,18,3,1,10,0,2,10,3,29,0,32,2,9,5,88,63,0,4
"37",0,0,0,0,1,0,1,0,0,0,0,0,0,0,0,0,0,0,0,0,0,0,0,0,0,0,1,0,0,0,0,0,0,0,0,0,NA,0,1,0,1,0,0,0,0,0,0,0,0,0,0,0,0,1,0,0,0,0,0,0,0,0,0,0,0,0,1,0,0,1,0,4,0,0,0,0,0,0,0,0,0,0,0,0,0,0,0,0,0,0,0,0,0,0,0,1,0,0,0,0,0,0,0,0,0,0,0,1,0,0,0,0,0,0,0,0,0,1,0,0,0,0,0,1,0,0,0,0,0,0,0,0,0,0,0,0,0,0,0,0,0
"38",0,13,0,0,31,2,0,13,2,0,4,51,1,16,2,19,0,9,2,3,3,1,1,28,35,0,32,5,1,0,7,0,1,0,3,9,0,NA,24,13,25,0,25,4,0,23,8,37,4,4,0,5,1,13,4,1,0,0,1,35,3,3,0,16,0,1,13,0,4,1,0,74,0,1,0,3,0,10,0,0,2,13,11,0,0,1,0,43,0,0,1,11,4,0,9,14,0,8,5,0,28,9,5,0,0,1,0,0,4,0,2,45,8,7,4,0,0,66,24,38,3,6,25,3,0,4,0,0,5,3,0,19,3,7,7,5,2,43,44,8,0
"39",0,65,17,21,178,1,77,194,17,0,4,220,85,0,20,96,1,51,1,5,10,18,0,58,165,4,70,37,1,17,6,1,1,9,4,48,1,24,NA,86,38,6,75,8,3,87,0,122,14,14,14,15,6,13,7,4,2,0,11,131,27,11,28,53,0,3,83,2,11,7,8,390,4,0,0,24,3,38,24,11,4,69,31,3,4,1,6,167,43,0,7,26,28,0,18,14,2,33,21,0,115,37,0,36,0,0,9,22,15,101,20,157,6,24,34,5,27,203,76,175,11,12,105,25,1,2,29,0,19,22,4,69,6,44,13,13,11,165,161,26,5
"40",1,25,12,15,64,3,25,75,0,0,2,0,39,24,9,0,0,18,2,4,2,7,2,51,0,1,53,15,2,12,8,0,1,3,2,20,0,13,86,NA,36,3,17,0,3,32,19,70,0,9,8,5,1,22,5,2,3,0,0,44,16,12,19,28,0,1,30,0,14,1,3,151,1,4,1,11,4,0,6,31,4,28,13,1,1,0,4,69,20,1,6,11,0,1,16,29,0,27,12,0,50,23,5,15,1,2,5,11,7,55,0,62,15,9,13,3,22,115,0,40,4,11,0,11,0,5,7,0,11,0,6,0,3,13,5,5,0,0,61,18,0
"41",1,72,17,24,89,0,54,88,7,0,5,125,76,14,10,65,0,22,0,3,3,9,0,21,121,2,0,26,1,9,0,0,0,10,5,8,1,25,38,36,NA,5,87,6,2,58,16,99,14,0,9,11,0,0,15,7,6,0,5,71,11,0,39,43,0,0,45,0,0,1,2,237,0,0,1,0,0,24,14,17,1,30,16,2,3,2,7,76,45,0,5,24,7,1,24,0,1,42,10,0,63,0,1,17,0,0,13,16,15,71,6,88,0,31,25,5,22,76,55,99,4,10,75,19,2,0,27,1,0,9,14,53,0,20,7,14,6,114,127,0,3
"42",0,7,0,0,6,0,0,2,0,0,0,8,1,2,1,1,0,2,0,0,0,2,1,9,9,0,2,1,1,0,0,0,0,0,0,3,0,0,6,3,5,NA,5,0,0,2,2,5,0,0,0,0,0,1,1,1,0,0,0,5,0,1,0,0,0,0,1,0,1,0,0,15,0,0,0,0,0,0,0,0,0,6,3,0,0,0,0,3,0,0,1,4,0,0,4,1,0,3,0,0,5,2,1,0,0,0,0,0,1,0,0,1,0,4,0,0,0,8,6,5,1,0,3,1,0,0,0,0,1,0,0,4,1,2,0,0,1,4,6,1,1
"43",0,65,20,16,155,4,66,160,5,0,5,62,67,23,21,31,1,33,2,7,6,21,4,86,64,0,102,24,6,15,21,0,1,5,2,62,0,25,75,17,87,5,NA,7,3,79,18,157,3,13,10,12,4,37,12,5,3,0,0,100,14,16,17,52,0,9,47,2,23,4,2,358,0,1,0,24,7,9,15,30,16,37,23,3,5,2,5,169,54,2,7,15,11,1,23,53,2,0,10,0,129,54,13,18,0,2,7,15,14,107,5,147,17,21,41,4,31,210,38,126,9,7,32,18,3,8,22,1,36,5,7,38,8,37,7,8,5,74,113,40,1
"44",0,10,4,4,5,0,3,15,0,0,7,0,6,5,4,0,0,10,0,0,2,0,0,9,0,1,6,1,0,4,1,0,0,0,2,2,0,4,8,0,6,0,7,NA,0,6,4,7,0,2,1,1,1,3,0,1,0,0,0,4,2,0,3,7,0,1,6,0,1,1,2,28,0,0,0,2,1,0,2,3,1,5,6,0,0,0,1,10,5,1,0,5,0,0,0,5,1,2,0,0,15,2,4,2,0,0,0,0,1,9,0,10,1,6,3,0,4,20,0,12,0,1,0,2,0,1,4,0,2,0,1,0,0,2,0,0,0,0,3,2,0
"45",0,2,0,0,3,0,0,2,0,0,0,1,0,1,1,2,0,1,0,0,0,0,0,3,2,0,1,1,0,0,0,0,0,0,0,1,0,0,3,3,2,0,3,0,NA,2,0,1,0,0,0,1,0,2,0,0,0,0,0,3,1,0,0,2,1,0,2,0,2,0,0,10,0,0,0,0,0,1,0,0,0,1,1,0,0,1,0,2,1,0,0,1,0,0,0,2,0,2,3,0,4,1,1,0,0,0,0,0,1,0,0,4,0,1,0,0,0,2,3,1,0,0,5,1,0,0,0,0,4,0,0,1,0,1,1,0,0,4,3,0,0
"48",1,0,10,13,1,5,45,74,8,0,0,103,55,37,9,61,1,16,0,0,4,7,5,59,90,5,64,0,3,8,11,0,0,3,0,52,0,23,87,32,58,2,79,6,2,NA,24,63,6,13,6,2,1,20,0,0,8,1,6,2,11,11,33,1,0,0,3,0,16,0,4,206,0,0,3,16,6,12,14,22,10,40,23,1,2,0,1,3,35,0,0,19,14,0,1,29,0,35,6,0,2,17,22,17,0,0,4,14,1,85,6,102,14,0,42,7,19,86,53,76,0,6,51,14,3,4,12,0,17,10,6,37,4,1,0,9,8,98,97,25,7
"50",1,34,8,3,33,1,6,28,0,0,0,58,18,0,4,27,1,14,0,2,2,3,0,29,46,0,22,6,0,4,7,0,0,2,2,9,0,8,0,19,16,2,18,4,0,24,NA,60,6,4,6,0,1,5,10,4,1,0,0,37,6,2,5,17,0,1,10,2,5,1,1,95,0,1,0,1,0,5,1,9,1,11,13,0,2,1,1,31,8,1,4,15,10,1,19,18,0,4,8,0,41,13,0,0,0,0,3,6,6,17,5,39,8,22,17,0,9,72,29,56,2,3,42,1,3,2,3,1,8,4,5,25,1,8,0,4,4,53,47,8,0
"51",5,85,31,26,169,13,83,177,17,0,7,101,104,71,0,82,3,0,0,10,2,0,8,90,405,4,99,24,0,19,21,1,3,12,4,66,0,37,122,70,99,5,157,7,1,63,60,NA,8,15,19,21,7,37,14,11,10,1,5,103,0,15,44,58,0,10,70,1,25,5,6,0,2,1,5,19,5,16,28,42,8,0,30,3,2,3,9,157,52,1,6,0,15,3,33,62,1,68,0,0,114,52,22,21,0,1,16,25,21,133,11,0,35,45,49,7,50,242,69,0,7,0,112,3,6,7,22,1,30,12,26,85,9,44,8,0,16,51,0,45,0
"53",0,13,2,1,17,3,9,13,0,0,0,0,11,8,2,0,0,9,0,0,3,0,0,10,0,0,6,2,0,2,2,0,0,1,0,11,0,4,14,0,14,0,3,0,0,6,6,8,NA,1,1,3,1,8,1,1,3,0,0,10,2,1,6,5,0,0,6,0,5,1,0,43,0,0,1,4,0,0,4,4,0,2,1,0,0,0,1,15,4,0,3,2,0,0,2,4,0,5,2,0,13,4,3,3,0,0,1,2,2,16,0,21,2,1,6,1,3,24,0,12,0,1,0,2,0,0,1,0,4,0,3,0,0,3,1,2,0,0,9,8,0
"54",0,12,2,2,14,0,12,11,1,0,0,24,8,1,3,6,0,5,1,3,2,2,0,3,22,0,1,4,0,1,0,0,1,0,0,1,0,4,14,9,0,0,13,2,0,13,4,15,1,NA,2,1,0,1,1,1,1,0,1,9,3,1,9,5,0,0,7,0,2,2,2,34,0,0,0,0,0,4,2,5,0,9,0,0,1,0,1,18,3,0,1,3,2,0,3,1,0,7,4,0,8,0,1,1,0,0,3,4,1,14,2,22,0,2,11,0,4,23,7,12,1,1,10,2,0,0,3,0,0,3,2,8,0,3,0,1,1,18,20,0,1
"55",1,13,0,0,15,1,0,11,3,0,1,18,2,7,1,6,0,5,0,0,0,2,0,8,23,0,12,4,0,0,4,0,0,0,0,9,0,0,14,8,9,0,10,1,0,6,6,19,1,2,NA,1,0,6,2,0,0,0,0,13,4,2,0,5,0,1,2,0,1,0,0,47,0,0,0,0,0,1,0,0,2,3,3,0,0,0,0,28,0,0,1,6,1,0,5,3,0,2,1,0,14,2,2,1,0,0,0,0,1,0,3,20,4,5,4,0,0,29,7,11,0,0,14,2,0,0,0,0,4,6,0,11,1,4,1,2,1,19,15,7,0
"56",0,1,2,5,1,1,11,38,4,0,0,21,14,1,4,6,0,2,0,0,2,3,0,10,32,1,16,0,0,4,0,0,1,1,0,7,0,5,15,5,11,0,12,1,1,2,0,21,3,1,1,NA,1,6,0,0,1,0,1,0,0,2,3,0,0,0,2,0,2,1,0,46,0,1,0,4,0,5,4,10,0,9,5,3,0,0,1,0,8,0,0,1,1,1,0,4,0,3,1,0,0,7,4,4,0,0,1,5,0,24,1,13,1,0,1,2,4,23,11,15,0,1,9,10,0,1,1,0,9,1,2,5,2,0,0,3,2,20,20,5,1
"57",0,4,0,1,4,0,1,3,1,0,2,11,3,1,0,0,0,0,0,1,0,3,0,0,5,1,0,1,0,1,0,0,0,0,0,0,0,1,6,1,0,0,4,1,0,1,1,7,1,0,0,1,NA,0,1,0,0,0,0,0,1,0,2,3,0,0,2,0,0,2,0,8,0,0,0,0,0,0,0,2,0,2,0,0,1,0,1,8,2,0,0,0,0,1,0,0,0,0,2,0,6,0,0,0,0,0,0,1,0,6,1,4,0,0,3,0,3,3,2,5,0,0,1,1,0,0,0,0,0,1,0,3,0,1,0,2,0,7,5,0,0
"58",0,16,5,4,43,0,16,31,7,0,0,44,33,5,3,31,0,14,1,2,2,4,0,8,40,1,0,8,2,10,0,0,0,2,4,0,1,13,13,22,0,1,37,3,2,20,5,37,8,1,6,6,0,NA,5,5,2,1,2,30,5,0,18,11,0,0,26,2,0,0,3,101,0,0,1,0,0,5,2,9,0,17,8,1,1,2,3,41,15,0,0,10,1,2,6,0,0,26,7,0,36,0,1,6,0,0,4,11,4,47,6,38,0,10,15,1,11,41,19,41,1,1,22,9,2,0,8,0,0,3,0,22,0,5,1,2,3,51,44,0,0
"59",0,2,6,4,0,2,5,18,2,0,0,15,13,6,2,8,0,3,0,0,1,1,0,8,10,0,10,0,0,4,3,0,0,3,0,4,0,4,7,5,15,1,12,0,0,0,10,14,1,1,2,0,1,5,NA,0,0,0,0,0,2,2,10,0,0,0,0,0,0,0,0,40,0,0,1,5,0,4,0,3,2,4,3,0,0,0,1,0,5,0,1,3,1,0,0,9,1,5,0,0,0,2,2,2,0,0,1,4,0,8,2,12,0,0,6,2,2,11,11,16,0,2,11,1,1,0,1,0,2,1,2,9,1,0,0,1,1,22,15,5,2
"60",1,0,1,2,0,0,7,7,0,0,0,16,5,3,0,8,0,5,0,0,0,2,0,6,12,0,3,0,1,0,0,0,0,0,0,2,0,1,4,2,7,1,5,1,0,0,4,11,1,1,0,0,0,5,0,NA,0,0,0,0,0,0,0,0,0,0,0,0,2,0,0,15,0,0,0,0,0,0,0,9,2,3,0,0,0,0,0,0,2,0,0,1,2,1,0,4,0,2,2,0,0,6,3,1,0,0,2,0,0,5,3,8,3,0,7,0,2,12,3,10,0,0,7,2,1,0,2,0,1,1,0,3,3,0,0,1,0,7,9,5,0
"61",0,5,0,0,9,1,0,1,0,0,0,8,1,5,1,3,0,2,0,1,1,0,2,5,6,0,3,0,0,0,1,0,0,0,0,0,0,0,2,3,6,0,3,0,0,8,1,10,3,1,0,1,0,2,0,0,NA,0,1,5,0,1,0,6,0,1,0,0,1,0,0,14,0,0,0,4,0,1,0,0,0,1,2,0,0,1,0,6,0,0,0,5,1,0,2,3,0,2,1,0,4,2,3,0,0,0,0,0,0,0,1,5,2,3,0,0,0,8,7,8,0,1,3,1,0,1,0,0,0,0,0,4,1,1,1,1,0,10,6,1,1
"62",0,0,0,1,0,0,0,0,0,0,0,1,2,0,0,2,0,1,0,0,0,0,0,0,1,0,0,0,0,0,0,0,0,1,0,0,0,0,0,0,0,0,0,0,0,1,0,1,0,0,0,0,0,1,0,0,0,NA,0,0,0,0,0,0,0,0,0,0,0,0,0,0,0,0,0,0,0,0,0,0,0,0,0,0,0,0,0,0,1,0,0,0,0,0,0,0,0,0,0,0,4,0,0,0,0,0,0,0,0,1,0,0,0,0,0,0,0,0,1,2,0,1,0,0,0,0,0,0,0,0,0,0,0,0,0,0,0,1,1,0,0
"63",0,3,0,1,9,0,5,8,0,0,0,0,3,3,0,0,0,1,0,0,0,5,1,8,1,0,6,1,0,1,0,0,1,0,0,0,0,1,11,0,5,0,0,0,0,6,0,5,0,1,0,1,0,2,0,0,1,0,NA,2,1,0,3,1,0,0,5,0,1,2,0,20,0,0,0,1,0,0,0,4,1,1,1,0,0,0,0,4,5,0,0,2,0,0,0,4,0,0,0,0,8,0,0,2,0,0,0,1,0,10,0,2,1,0,3,1,2,15,0,11,2,0,1,0,1,0,0,0,0,0,0,0,0,1,1,1,0,0,5,0,0
"64",3,3,10,27,0,3,92,135,11,0,0,154,89,46,6,67,1,41,0,0,2,14,7,73,139,2,91,0,2,14,9,0,0,7,0,54,0,35,131,44,71,5,100,4,3,2,37,103,10,9,13,0,0,30,0,0,5,0,2,NA,13,14,39,0,0,6,0,0,28,0,3,262,0,1,3,19,2,25,22,30,9,35,21,1,3,0,13,0,44,1,1,26,10,3,0,39,1,44,7,0,0,45,13,31,0,0,11,23,0,91,18,138,20,0,46,6,34,89,56,103,0,11,79,23,5,4,19,0,21,11,9,51,4,0,0,14,14,141,133,22,4
"67",0,12,5,3,13,0,15,30,2,0,2,32,13,7,0,12,0,0,0,1,0,0,0,12,18,2,14,2,0,1,4,0,2,0,0,6,0,3,27,16,11,0,14,2,1,11,6,0,2,3,4,0,1,5,2,0,0,0,1,13,NA,1,5,9,0,1,11,0,4,2,1,0,0,0,0,6,0,3,4,2,1,0,8,0,0,0,3,24,8,0,1,0,1,0,3,6,1,8,0,0,24,7,5,4,1,1,1,5,1,14,2,0,2,6,7,0,5,27,14,0,0,0,12,0,0,0,5,0,3,0,4,6,0,8,0,0,3,21,0,8,1
"68",0,7,2,5,19,0,5,16,1,0,2,15,10,4,1,9,0,8,1,1,0,1,0,5,22,1,0,0,0,1,0,0,0,1,0,0,0,3,11,12,0,1,16,0,0,11,2,15,1,1,2,2,0,0,2,0,1,0,0,14,1,NA,2,2,0,0,5,0,0,2,1,39,0,0,0,0,0,3,1,14,0,3,1,0,1,0,0,26,4,0,2,2,6,0,1,0,0,3,4,0,10,0,3,0,0,0,0,4,2,3,3,22,0,0,15,1,5,20,8,13,1,0,8,6,0,0,3,0,0,2,0,10,0,4,0,1,0,21,23,0,2
"69",0,37,0,0,46,3,0,26,0,0,1,49,6,19,9,36,0,19,1,2,3,5,4,30,52,0,28,3,0,0,9,0,0,0,3,12,0,0,28,19,39,0,17,3,0,33,5,44,6,9,0,3,2,18,10,0,0,0,3,39,5,2,NA,22,0,0,16,1,11,0,0,96,0,0,1,4,3,9,0,0,5,16,20,0,1,1,0,45,0,0,2,16,6,0,13,17,0,8,5,0,43,15,10,1,0,0,0,0,2,0,12,44,13,12,3,0,0,71,25,61,2,3,33,9,0,2,2,0,9,3,0,27,2,11,1,4,2,66,50,11,1
"72",1,2,9,9,0,5,23,65,6,0,0,59,34,26,7,45,1,18,0,0,1,7,2,43,70,6,27,0,2,12,8,0,0,6,0,20,0,16,53,28,43,0,52,7,2,1,17,58,5,5,5,0,3,11,0,0,6,0,1,0,9,2,22,NA,1,2,0,0,13,0,0,120,1,0,3,7,1,10,1,13,6,23,17,0,1,0,3,0,28,0,0,16,3,1,0,21,3,28,5,0,0,26,5,11,0,1,10,10,0,56,4,75,19,0,22,1,19,62,35,49,0,3,42,14,2,0,4,0,13,4,8,34,4,0,0,4,6,61,60,15,6
"74",0,0,1,0,1,0,0,0,0,0,0,0,1,0,0,0,0,0,0,0,0,0,1,0,0,0,0,0,1,0,0,0,0,0,0,0,0,0,0,0,0,0,0,0,1,0,0,0,0,0,0,0,0,0,0,0,0,0,0,0,0,0,0,1,NA,0,0,0,0,0,0,2,0,0,0,0,0,0,0,0,0,0,0,0,0,0,0,0,0,0,0,0,1,0,0,0,0,1,0,1,1,1,0,0,0,0,0,0,0,0,1,2,0,0,0,0,0,1,0,0,0,0,1,0,0,0,0,0,0,0,0,0,0,0,0,0,0,1,0,0,0
"75",0,4,1,2,6,0,4,5,1,0,0,2,5,0,1,6,0,1,0,0,1,2,0,0,7,0,0,1,0,1,0,0,0,1,0,0,0,1,3,1,0,0,9,1,0,0,1,10,0,0,1,0,0,0,0,0,1,0,0,6,1,0,0,2,0,NA,2,0,0,1,0,14,0,0,1,0,0,1,0,1,0,1,1,0,0,0,0,11,3,0,1,2,2,0,3,0,0,3,0,0,7,0,0,1,0,0,1,0,1,8,2,7,0,0,2,1,1,7,5,6,0,0,4,1,0,0,1,0,0,1,5,2,0,2,0,0,1,8,7,0,0
"76",0,1,7,10,0,7,29,59,1,0,0,109,40,35,6,44,0,20,0,0,1,11,2,38,79,2,30,0,2,9,10,0,0,3,0,34,1,13,83,30,45,1,47,6,2,3,10,70,6,7,2,2,2,26,0,0,0,0,5,0,11,5,16,0,0,2,NA,0,14,0,3,160,2,1,0,11,1,9,4,46,9,23,15,2,2,0,5,0,28,0,0,10,14,0,0,19,0,32,15,0,0,29,17,6,0,0,7,16,0,72,5,76,18,0,46,1,18,84,35,69,0,4,42,11,6,4,18,0,20,7,9,26,3,0,0,4,8,79,69,18,4
"77",0,0,0,0,0,0,1,3,0,0,0,3,3,1,0,1,1,0,0,0,0,0,0,1,2,0,2,0,0,1,0,0,0,0,0,0,0,0,2,0,0,0,2,0,0,0,2,1,0,0,0,0,0,2,0,0,0,0,0,0,0,0,1,0,0,0,0,NA,1,0,0,2,1,0,0,0,0,1,0,1,0,3,0,0,0,0,0,0,1,0,0,0,0,0,0,0,0,0,0,0,0,0,2,0,0,0,0,1,0,1,0,5,0,0,0,0,0,3,3,1,0,0,1,0,0,0,0,0,0,1,0,0,0,0,0,0,0,3,4,0,0
"78",0,17,8,3,33,0,21,29,2,0,0,52,20,6,3,29,1,7,0,0,1,6,0,10,32,3,0,3,0,4,0,0,0,0,0,1,0,4,11,14,0,1,23,1,2,16,5,25,5,2,1,2,0,0,0,2,1,0,1,28,4,0,11,13,0,0,14,1,NA,1,3,83,0,0,3,0,0,3,6,8,0,8,3,2,2,0,0,41,17,0,1,10,0,0,5,0,0,17,1,0,20,0,1,4,0,0,1,8,4,31,2,32,0,3,13,3,4,35,15,35,2,1,21,10,1,0,7,0,0,1,1,20,0,5,1,3,1,31,31,0,1
"79",0,1,1,1,0,0,3,7,1,0,0,7,10,5,0,4,0,5,0,0,0,2,1,6,10,0,2,0,0,0,0,0,0,0,0,1,1,1,7,1,1,0,4,1,0,0,1,5,1,2,0,1,2,0,0,0,0,0,2,0,2,2,0,0,0,1,0,0,1,NA,0,14,0,0,0,1,0,3,0,3,0,4,0,0,0,0,0,0,1,0,0,0,1,0,0,5,0,4,0,0,0,2,3,1,0,0,1,0,0,3,2,6,3,0,7,0,3,12,4,6,0,1,2,2,2,0,4,0,2,0,2,2,0,0,0,0,0,13,13,1,0
"80",0,2,0,2,7,0,1,8,1,0,0,10,4,2,4,7,0,2,0,0,0,1,0,0,6,0,1,0,0,2,0,0,0,0,0,0,0,0,8,3,2,0,2,2,0,4,1,6,0,2,0,0,0,3,0,0,0,0,0,3,1,1,0,0,0,0,3,0,3,0,NA,12,0,0,1,0,0,3,1,1,0,4,2,0,1,0,0,6,2,0,0,1,0,0,1,1,0,2,0,0,1,2,0,1,0,0,2,1,1,5,0,8,0,0,0,0,3,0,2,4,0,0,2,1,0,0,2,0,2,0,0,2,0,0,0,0,0,6,4,1,0
"81",7,165,55,78,418,17,228,424,50,0,12,451,250,130,0,286,3,0,2,14,1,0,12,277,328,15,294,65,1,66,44,0,3,20,15,170,4,74,390,151,237,15,358,28,10,206,95,0,43,34,47,46,8,101,40,15,14,0,20,262,0,39,96,120,2,14,160,2,83,14,12,NA,3,0,5,68,9,68,58,114,37,0,111,4,11,3,17,382,188,4,22,0,30,6,57,133,4,131,0,2,323,130,74,75,1,2,28,76,34,306,37,0,59,49,137,25,94,517,226,0,22,0,233,9,17,20,73,5,94,41,22,143,22,118,20,0,40,317,0,108,11
"82",0,0,0,0,0,0,0,1,0,0,1,1,2,0,0,0,0,0,0,1,0,0,0,0,2,0,0,0,0,0,0,0,0,0,0,0,0,0,4,1,0,0,0,0,0,0,0,2,0,0,0,0,0,0,0,0,0,0,0,0,0,0,0,1,0,0,2,1,0,0,0,3,NA,0,0,0,0,0,0,0,0,1,0,0,0,0,0,0,0,0,0,0,0,0,0,0,0,0,0,0,1,0,0,0,0,0,0,0,0,1,0,2,0,0,0,0,0,3,2,1,0,0,1,0,0,0,0,0,0,0,0,0,0,0,0,0,2,0,0,0,0
"83",0,0,0,1,0,0,2,0,0,0,0,2,2,0,0,1,0,0,0,0,0,0,0,2,2,0,0,0,0,0,0,0,0,0,1,0,0,1,0,4,0,0,1,0,0,0,1,1,0,0,0,1,0,0,0,0,0,0,0,1,0,0,0,0,0,0,1,0,0,0,0,0,0,NA,0,0,0,1,0,1,0,2,0,0,0,0,0,2,0,0,0,0,0,0,2,0,0,0,1,0,1,0,0,0,0,0,1,1,1,0,0,1,0,0,0,0,1,0,0,5,0,1,2,0,0,0,0,0,0,0,0,0,0,0,0,0,0,0,1,0,0
"84",0,0,0,1,2,0,1,1,0,0,0,5,1,0,0,3,0,4,0,0,0,0,0,1,8,0,1,2,0,0,0,0,0,0,0,1,0,0,0,1,1,0,0,0,0,3,0,5,1,0,0,0,0,1,1,0,0,0,0,3,0,0,1,3,0,1,0,0,3,0,1,5,0,0,NA,0,0,1,0,1,3,0,0,0,1,1,0,5,0,0,0,4,0,0,0,1,0,0,0,0,4,1,0,0,0,0,0,0,0,1,1,3,1,1,2,0,0,5,2,3,0,1,1,0,0,0,0,0,0,0,0,3,0,0,0,1,0,3,3,2,0
"85",0,10,5,4,34,0,17,26,2,0,0,33,19,2,6,14,0,9,0,2,0,1,0,4,34,0,0,5,0,2,0,0,0,2,0,0,0,3,24,11,0,0,24,2,0,16,1,19,4,0,0,4,0,0,5,0,4,0,1,19,6,0,4,7,0,0,11,0,0,1,0,68,0,0,0,NA,0,5,7,14,0,12,5,0,0,0,1,28,4,0,2,5,7,0,2,0,0,14,3,0,24,0,2,4,0,0,0,6,2,18,1,22,0,1,12,2,5,23,10,24,4,1,12,5,5,0,0,0,0,4,0,8,0,6,0,3,0,34,24,0,0
"86",0,2,1,2,3,0,1,7,1,0,0,5,5,0,0,0,0,0,0,2,0,1,0,0,4,0,0,2,1,2,0,0,0,0,0,0,0,0,3,4,0,0,7,1,0,6,0,5,0,0,0,0,0,0,0,0,0,0,0,2,0,0,3,1,0,0,1,0,0,0,0,9,0,0,0,0,NA,1,0,0,1,2,0,0,0,0,0,8,0,0,2,0,1,0,0,0,0,2,0,0,2,0,0,1,0,0,0,0,1,6,1,7,0,1,1,0,2,4,3,5,0,1,3,2,0,0,1,0,0,0,0,2,0,1,0,0,2,3,5,0,0
"89",0,10,7,8,35,3,15,28,0,0,1,0,23,18,2,0,0,10,1,1,2,0,1,17,0,2,24,2,1,5,5,0,1,1,1,20,0,10,38,0,24,0,9,0,1,12,5,16,0,4,1,5,0,5,4,0,1,0,0,25,3,3,9,10,0,1,9,1,3,3,3,68,0,1,1,5,1,NA,6,9,1,5,5,0,1,2,0,32,16,0,2,4,0,2,7,11,1,5,8,0,32,11,6,6,0,0,8,6,2,29,0,61,2,3,13,3,9,48,0,25,1,1,0,0,2,0,7,0,6,0,4,0,1,13,0,3,0,0,37,7,0
"90",0,13,0,0,36,1,0,9,1,0,1,28,1,2,4,24,0,11,0,0,2,4,2,18,27,3,20,3,0,0,6,0,1,0,0,14,0,0,24,6,14,0,15,2,0,14,1,28,4,2,0,4,0,2,0,0,0,0,0,22,4,1,0,1,0,0,4,0,6,0,1,58,0,0,0,7,0,6,NA,0,3,10,1,0,0,1,0,26,0,0,3,3,3,0,3,8,0,5,1,0,29,9,3,0,0,0,0,0,4,0,0,24,5,5,2,0,0,34,11,18,1,2,15,3,0,1,0,0,8,1,0,8,1,12,1,2,1,37,25,8,2
"91",0,14,0,0,44,3,0,46,5,0,1,67,11,6,6,26,2,10,1,7,0,8,0,36,53,2,50,41,0,0,13,0,1,0,1,44,0,0,11,31,17,0,30,3,0,22,9,42,4,5,0,10,2,9,3,9,0,0,4,30,2,14,0,13,0,1,46,1,8,3,1,114,0,1,1,14,0,9,0,NA,3,33,7,1,0,0,0,56,0,1,3,7,4,0,6,17,0,13,7,0,40,16,9,2,0,0,0,0,4,0,11,59,5,6,3,0,0,47,22,49,2,0,31,7,0,2,0,0,10,4,0,24,5,19,3,6,4,63,65,17,0
"92",0,3,3,2,18,0,9,7,1,0,0,17,10,2,1,10,0,1,1,0,1,3,0,0,16,1,0,3,0,4,0,0,1,0,0,0,0,2,4,4,1,0,16,1,0,10,1,8,0,0,2,0,0,0,2,2,0,0,1,9,1,0,5,6,0,0,9,0,0,0,0,37,0,0,3,0,1,1,3,3,NA,6,2,0,0,1,1,17,8,0,0,2,6,0,1,0,1,5,1,0,15,0,0,0,0,0,1,2,2,18,2,14,0,2,2,0,2,0,6,18,0,0,5,2,1,0,2,1,0,0,1,2,0,2,0,2,2,17,10,0,0
"96",1,18,5,7,64,5,29,58,3,0,4,49,30,18,0,26,0,0,0,5,0,0,2,43,63,2,46,7,0,4,11,0,0,3,2,26,0,13,69,28,30,6,37,5,1,40,11,0,2,9,3,9,2,17,4,3,1,0,1,35,0,3,16,23,0,1,23,3,8,4,4,0,1,2,0,12,2,5,10,33,6,NA,9,0,0,1,1,65,19,0,5,0,1,0,4,12,0,115,0,0,41,19,7,11,0,0,2,10,8,50,1,0,18,10,34,3,13,94,55,0,4,0,71,2,2,0,7,0,11,8,1,12,4,20,6,0,3,34,0,17,1
"98",0,15,5,9,40,1,24,35,3,0,4,22,20,8,2,17,0,12,0,1,0,5,0,17,19,2,18,5,3,8,2,0,0,3,2,7,0,11,31,13,16,3,23,6,1,23,13,30,1,0,3,5,0,8,3,0,2,0,1,21,8,1,20,17,0,1,15,0,3,0,2,111,0,0,0,5,0,5,1,7,2,9,NA,1,0,0,0,47,15,0,2,8,2,2,6,12,1,21,3,0,46,1,5,8,0,0,4,8,7,25,4,53,6,9,15,2,12,58,9,29,2,3,11,6,1,0,5,0,7,1,7,16,0,8,0,2,1,24,38,8,1
"99",0,2,1,1,0,0,1,2,0,0,0,4,1,0,0,0,0,0,0,0,0,1,0,1,0,1,2,0,0,0,0,0,0,0,0,0,0,0,3,1,2,0,3,0,0,1,0,3,0,0,0,3,0,1,0,0,0,0,0,1,0,0,0,0,0,0,2,0,2,0,0,4,0,0,0,0,0,0,0,1,0,0,1,NA,0,0,0,3,0,0,0,0,0,0,0,1,0,1,0,0,3,1,0,0,0,0,0,1,1,0,0,2,0,0,1,0,0,2,1,6,0,0,0,0,0,0,0,0,0,0,0,0,0,1,1,1,0,0,1,0,0
"101",0,0,0,1,2,0,0,2,1,0,0,7,3,1,1,1,0,3,0,0,1,1,0,2,3,0,5,0,0,0,1,0,0,0,0,0,0,0,4,1,3,0,5,0,0,2,2,2,0,1,0,0,1,1,0,0,0,0,0,3,0,1,1,1,0,0,2,0,2,0,1,11,0,0,1,0,0,1,0,0,0,0,0,0,NA,0,0,8,1,0,0,2,1,0,1,2,0,0,0,0,4,2,0,0,0,0,0,1,1,0,1,4,2,2,0,0,0,4,1,4,1,1,4,0,0,0,0,0,0,0,0,1,0,2,1,0,0,5,6,1,0
"102",0,0,0,0,0,0,2,3,0,0,0,1,1,3,0,1,0,0,0,0,0,0,0,4,2,0,0,0,0,0,0,0,0,0,0,0,0,1,1,0,2,0,2,0,1,0,1,3,0,0,0,0,0,2,0,0,1,0,0,0,0,0,1,0,0,0,0,0,0,0,0,3,0,0,1,0,0,2,1,0,1,1,0,0,0,NA,0,0,1,0,0,3,1,0,0,0,0,0,0,0,0,0,0,0,0,0,0,0,0,2,0,3,0,0,1,0,0,1,2,1,0,0,4,0,0,0,3,0,0,0,0,1,0,0,0,0,1,3,4,0,0
"103",0,5,0,0,5,0,0,2,0,0,0,8,0,2,0,5,0,2,0,1,1,2,1,2,10,0,4,1,1,0,1,0,0,0,1,1,0,0,6,4,7,0,5,1,0,1,1,9,1,1,0,1,1,3,1,0,0,0,0,13,3,0,0,3,0,0,5,0,0,0,0,17,0,0,0,1,0,0,0,0,1,1,0,0,0,0,NA,3,0,0,0,1,0,0,4,5,0,1,0,0,2,3,1,0,0,0,0,0,1,0,0,7,1,0,1,1,0,7,1,1,1,0,3,0,0,0,0,0,2,2,0,2,1,1,0,0,0,8,7,0,0
"104",2,1,27,45,0,14,98,236,15,0,0,207,124,53,24,111,0,37,0,0,7,29,6,108,178,9,107,0,2,25,26,0,0,10,0,100,0,43,167,69,76,3,169,10,2,3,31,157,15,18,28,0,8,41,0,0,6,0,4,0,24,26,45,0,0,11,0,0,41,0,6,382,0,2,5,28,8,32,26,56,17,65,47,3,8,0,3,NA,71,1,1,29,24,2,0,46,1,92,32,0,0,66,24,43,1,0,19,34,0,135,21,164,22,0,54,8,51,136,101,171,0,8,108,39,4,2,40,0,37,21,7,87,9,0,0,13,17,184,188,65,4
"105",0,27,0,0,68,4,0,23,6,0,1,77,9,23,6,44,0,16,0,4,4,4,1,41,79,2,46,9,1,0,7,0,0,0,4,28,0,0,43,20,45,0,54,5,1,35,8,52,4,3,0,8,2,15,5,2,0,1,5,44,8,4,0,28,0,3,28,1,17,1,2,188,0,0,0,4,0,16,0,0,8,19,15,0,1,1,0,71,NA,0,4,14,6,0,14,24,0,13,3,0,69,23,14,1,0,0,0,0,7,0,6,71,15,5,5,0,0,104,24,50,3,1,36,16,0,3,0,1,21,8,0,27,3,28,2,7,4,75,66,24,2
"106",0,1,0,0,3,0,1,1,0,0,0,3,0,0,0,0,0,0,0,0,0,1,0,2,1,0,0,0,0,0,0,0,0,0,0,0,0,0,0,1,0,0,2,1,0,0,1,1,0,0,0,0,0,0,0,0,0,0,0,1,0,0,0,0,0,0,0,0,0,0,0,4,0,0,0,0,0,0,0,1,0,0,0,0,0,0,0,1,0,NA,1,1,2,0,0,0,0,0,0,0,0,0,0,0,0,0,0,0,0,4,0,1,0,1,1,0,1,1,0,2,0,0,1,0,0,0,1,0,0,0,0,0,0,0,0,0,0,0,1,0,0
"107",0,0,1,3,3,0,11,6,2,0,0,11,6,6,1,2,0,5,0,0,0,2,0,5,10,1,7,0,0,1,1,0,0,0,0,7,0,1,7,6,5,1,7,0,0,0,4,6,3,1,1,0,0,0,1,0,0,0,0,1,1,2,2,0,0,1,0,0,1,0,0,22,0,0,0,2,2,2,3,3,0,5,2,0,0,0,0,1,4,1,NA,5,5,0,1,4,0,2,2,0,2,2,0,2,0,0,0,1,1,9,0,6,1,0,3,0,3,11,2,8,0,0,7,6,1,0,2,0,2,0,0,3,0,0,1,0,2,16,12,5,0
"110",0,26,12,3,21,1,16,31,1,0,1,45,26,21,0,22,0,0,1,1,0,0,1,26,34,2,14,3,0,2,6,0,0,4,0,8,0,11,26,11,24,4,15,5,1,19,15,0,2,3,6,1,0,10,3,1,5,0,2,26,0,2,16,16,0,2,10,0,10,0,1,0,0,0,4,5,0,4,3,7,2,0,8,0,2,3,1,29,14,1,5,NA,2,0,20,17,0,8,0,0,29,13,5,3,0,0,0,6,2,23,8,0,12,6,17,2,15,46,36,0,1,0,31,0,0,1,7,0,5,3,8,19,3,12,0,0,3,15,0,7,0
"111",0,8,3,4,27,1,11,16,1,0,0,0,13,6,3,0,0,5,0,2,0,2,0,9,0,0,15,5,0,3,5,0,0,0,1,7,0,4,28,0,7,0,11,0,0,14,10,15,0,2,1,1,0,1,1,2,1,0,0,10,1,6,6,3,1,2,14,0,0,1,0,30,0,0,0,7,1,0,3,4,6,1,2,0,1,1,0,24,6,2,5,2,NA,0,1,7,0,8,5,0,13,6,5,4,0,0,1,3,1,12,0,51,1,0,12,4,3,28,0,13,2,0,0,6,0,0,5,0,7,0,1,0,1,5,1,0,0,0,24,9,1
"112",0,3,0,0,4,0,0,2,1,0,0,1,0,1,0,1,0,2,0,0,0,1,1,1,7,0,0,0,0,0,0,0,0,0,0,0,0,0,0,1,1,0,1,0,0,0,1,3,0,0,0,1,1,2,0,1,0,0,0,3,0,0,0,1,0,0,0,0,0,0,0,6,0,0,0,0,0,2,0,0,0,0,2,0,0,0,0,2,0,0,0,0,0,NA,0,2,0,1,0,0,1,0,0,0,0,0,0,0,0,0,1,2,2,1,0,0,0,8,1,4,0,2,1,0,0,0,0,0,1,0,0,0,0,1,0,0,0,4,2,1,0
"113",0,1,9,1,0,0,6,17,1,0,0,34,18,18,2,15,0,11,0,0,0,2,2,14,24,2,10,0,0,4,3,0,0,3,0,3,0,9,18,16,24,4,23,0,0,1,19,33,2,3,5,0,0,6,0,0,2,0,0,0,3,1,13,0,0,3,0,0,5,0,1,57,0,2,0,2,0,7,3,6,1,4,6,0,1,0,4,0,14,0,1,20,1,0,NA,27,2,3,2,0,0,8,4,0,0,0,4,5,0,19,5,24,11,0,21,2,21,42,33,36,0,5,28,3,0,4,7,0,2,3,14,18,4,0,0,1,2,23,32,5,0
"114",2,33,15,12,43,0,25,40,4,0,0,77,26,14,2,23,0,17,1,3,2,6,0,12,53,7,0,10,2,8,0,0,0,4,1,2,1,14,14,29,0,1,53,5,2,29,18,62,4,1,3,4,0,0,9,4,3,0,4,39,6,0,17,21,0,0,19,0,0,5,1,133,0,0,1,0,0,11,8,17,0,12,12,1,2,0,5,46,24,0,4,17,7,2,27,NA,1,17,5,0,52,0,0,5,0,0,5,11,5,59,5,61,0,12,15,1,16,41,35,56,5,4,43,8,1,0,13,0,0,3,9,24,0,21,3,5,5,67,58,0,0
"115",0,3,0,0,2,0,0,0,0,0,0,1,1,0,1,0,0,1,0,0,0,0,0,3,5,0,0,0,0,0,0,0,0,0,0,1,0,0,2,0,1,0,2,1,0,0,0,1,0,0,0,0,0,0,1,0,0,0,0,1,1,0,0,3,0,0,0,0,0,0,0,4,0,0,0,0,0,1,0,0,1,0,1,0,0,0,0,1,0,0,0,0,0,0,2,1,NA,0,0,0,0,2,1,0,0,0,0,0,0,0,0,2,0,1,1,0,0,4,1,1,0,1,2,2,0,1,0,0,0,0,0,0,1,0,1,1,0,2,1,0,1
"117",0,24,4,6,131,6,16,50,10,0,6,51,34,8,7,31,2,22,1,4,0,10,4,54,60,0,42,8,4,3,7,0,1,1,3,47,0,8,33,27,42,3,0,2,2,35,4,68,5,7,2,3,0,26,5,2,2,0,0,44,8,3,8,28,1,3,32,0,17,4,2,131,0,0,0,14,2,5,5,13,5,115,21,1,0,0,1,92,13,0,2,8,8,1,3,17,0,NA,10,0,57,25,2,8,0,0,0,4,7,26,8,69,12,10,20,1,12,93,29,32,5,11,28,7,2,0,5,0,20,6,1,16,1,16,6,2,2,46,50,23,4
"119",0,9,1,1,18,1,15,16,2,0,1,31,18,10,0,9,0,0,0,2,0,0,1,15,19,2,10,5,0,1,2,0,0,0,1,14,0,5,21,12,10,0,10,0,3,6,8,0,2,4,1,1,2,7,0,2,1,0,0,7,0,4,5,5,0,0,15,0,1,0,0,0,0,1,0,3,0,8,1,7,1,0,3,0,0,0,0,32,3,0,2,0,5,0,2,5,0,10,NA,0,12,2,1,3,0,0,0,10,5,19,1,0,3,0,11,0,4,32,6,0,3,0,3,0,0,2,2,0,5,10,0,22,1,5,2,0,1,10,0,5,1
"120",0,0,0,0,0,0,0,1,0,0,0,1,1,0,0,0,0,1,0,0,0,1,1,0,1,0,1,0,0,0,0,0,0,0,0,1,0,0,0,0,0,0,0,0,0,0,0,0,0,0,0,0,0,0,0,0,0,0,0,0,0,0,0,0,1,0,0,0,0,0,0,2,0,0,0,0,0,0,0,0,0,0,0,0,0,0,0,0,0,0,0,0,0,0,0,0,0,0,0,NA,0,0,0,0,0,0,0,0,0,0,0,0,0,0,0,0,0,0,0,0,0,0,1,1,0,0,0,0,0,0,0,0,0,0,0,0,0,1,0,1,0
"121",5,6,28,21,0,5,78,191,15,1,0,190,92,63,19,69,0,61,0,0,9,20,4,74,128,9,110,0,3,23,18,0,0,11,0,54,0,28,115,50,63,5,129,15,4,2,41,114,13,8,14,0,6,36,0,0,4,4,8,0,24,10,43,0,1,7,0,0,20,0,1,323,1,1,4,24,2,32,29,40,15,41,46,3,4,0,2,0,69,0,2,29,13,1,0,52,0,57,12,0,NA,40,21,32,0,2,11,36,0,113,11,119,36,0,38,4,44,101,73,146,0,8,92,16,5,7,29,0,27,14,10,68,10,0,0,8,9,152,140,47,1
"122",1,21,8,12,57,0,31,61,3,0,2,67,30,9,10,29,0,13,0,5,3,9,0,5,67,5,0,17,0,6,0,0,0,4,0,4,0,9,37,23,0,2,54,2,1,17,13,52,4,0,2,7,0,0,2,6,2,0,0,45,7,0,15,26,1,0,29,0,0,2,2,130,0,0,1,0,0,11,9,16,0,19,1,1,2,0,3,66,23,0,2,13,6,0,8,0,2,25,2,0,40,NA,1,12,0,0,4,11,2,43,4,47,0,9,15,3,14,48,34,56,6,3,37,7,1,0,8,0,0,5,2,22,0,15,6,1,4,78,79,0,4
"126",0,7,4,4,27,1,18,33,1,0,0,34,21,0,2,15,0,7,0,1,0,2,0,10,35,0,5,14,0,5,3,1,0,0,0,2,0,5,0,5,1,1,13,4,1,22,0,22,3,1,2,4,0,1,2,3,3,0,0,13,5,3,10,5,0,0,17,2,1,3,0,74,0,0,0,2,0,6,3,9,0,7,5,0,0,0,1,24,14,0,0,5,5,0,4,0,1,2,1,0,21,1,NA,3,0,0,1,7,1,19,3,35,0,5,4,2,7,32,13,22,2,1,22,4,0,0,7,0,2,5,4,14,0,4,1,1,4,29,31,1,1
"127",0,8,0,1,28,1,1,0,2,0,0,44,0,8,6,14,0,10,0,0,0,2,1,17,25,1,10,6,0,1,4,0,0,0,0,14,0,0,36,15,17,0,18,2,0,17,0,21,3,1,1,4,0,6,2,1,0,0,2,31,4,0,1,11,0,1,6,0,4,1,1,75,0,0,0,4,1,6,0,2,0,11,8,0,0,0,0,43,1,0,2,3,4,0,0,5,0,8,3,0,32,12,3,NA,0,0,0,0,4,1,3,34,6,3,0,0,0,54,15,25,0,0,17,10,0,1,0,1,12,5,0,19,3,8,0,0,1,26,26,12,1
"131",0,0,0,0,1,0,0,0,0,0,0,0,0,0,0,0,0,0,0,0,0,0,0,0,1,0,1,0,0,0,0,0,0,0,0,0,0,0,0,1,0,0,0,0,0,0,0,0,0,0,0,0,0,0,0,0,0,0,0,0,1,0,0,0,0,0,0,0,0,0,0,1,0,0,0,0,0,0,0,0,0,0,0,0,0,0,0,1,0,0,0,0,0,0,0,0,0,0,0,0,0,0,0,0,NA,1,0,0,0,0,0,0,0,0,0,0,0,0,0,0,0,0,0,0,0,0,0,0,0,0,0,0,0,0,0,0,0,0,0,0,0
"133",0,0,1,0,2,0,1,2,0,0,0,0,0,0,0,0,0,1,0,0,0,0,0,0,0,0,0,0,0,0,0,0,0,0,0,0,0,1,0,2,0,0,2,0,0,0,0,1,0,0,0,0,0,0,0,0,0,0,0,0,1,0,0,1,0,0,0,0,0,0,0,2,0,0,0,0,0,0,0,0,0,0,0,0,0,0,0,0,0,0,0,0,0,0,0,0,0,0,0,0,2,0,0,0,1,NA,0,0,0,0,0,0,0,1,0,0,0,0,0,0,0,0,1,1,0,0,0,0,0,0,0,1,0,0,0,0,0,0,0,0,0
"134",0,5,0,0,13,2,0,5,0,0,0,15,3,7,1,10,0,4,1,1,0,1,1,5,17,0,5,0,0,0,1,0,0,0,2,4,0,0,9,5,13,0,7,0,0,4,3,16,1,3,0,1,0,4,1,2,0,0,0,11,1,0,0,10,0,1,7,0,1,1,2,28,0,1,0,0,0,8,0,0,1,2,4,0,0,0,0,19,0,0,0,0,1,0,4,5,0,0,0,0,11,4,1,0,0,0,NA,0,2,0,0,16,6,0,2,0,0,16,7,15,0,0,8,1,0,0,0,0,4,1,0,6,2,2,0,2,4,14,20,5,0
"136",0,20,0,0,38,3,0,20,4,0,2,58,4,12,5,18,0,8,0,2,1,6,1,21,36,1,28,1,1,0,2,0,0,0,3,11,1,0,22,11,16,0,15,0,0,14,6,25,2,4,0,5,1,11,4,0,0,0,1,23,5,4,0,10,0,0,16,1,8,0,1,76,0,1,0,6,0,6,0,0,2,10,8,1,1,0,0,34,0,0,1,6,3,0,5,11,0,4,10,0,36,11,7,0,0,0,0,NA,1,0,4,25,4,8,5,0,0,49,16,31,1,1,22,10,0,0,0,0,6,1,0,11,0,10,2,7,2,41,37,10,1
"141",0,0,5,3,0,1,12,29,1,0,0,21,14,6,1,9,0,6,0,0,1,0,0,9,21,0,15,0,0,1,0,0,0,1,0,9,0,4,15,7,15,1,14,1,1,1,6,21,2,1,1,0,0,4,0,0,0,0,0,0,1,2,2,0,0,1,0,0,4,0,1,34,0,1,0,2,1,2,4,4,2,8,7,1,1,0,1,0,7,0,1,2,1,0,0,5,0,7,5,0,0,2,1,4,0,0,2,1,NA,22,3,17,1,0,5,0,2,20,10,21,0,1,11,3,0,0,2,0,3,2,1,14,0,0,0,0,1,21,23,9,0
"142",0,65,0,0,134,3,0,44,14,0,1,183,8,48,17,71,1,39,1,10,6,20,4,109,135,6,100,27,3,0,17,0,0,0,7,64,0,0,101,55,71,0,107,9,0,85,17,133,16,14,0,24,6,47,8,5,0,1,10,91,14,3,0,56,0,8,72,1,31,3,5,306,1,0,1,18,6,29,0,0,18,50,25,0,0,2,0,135,0,4,9,23,12,0,19,59,0,26,19,0,113,43,19,1,0,0,0,0,22,NA,10,128,17,19,12,0,0,189,86,144,9,10,90,31,0,7,0,1,40,16,0,60,8,40,8,12,14,120,133,41,5
"143",0,10,2,5,20,2,11,13,0,0,0,0,13,3,1,0,0,5,0,0,3,8,0,12,0,0,17,2,1,0,2,0,0,1,4,8,0,2,20,0,6,0,5,0,0,6,5,11,0,2,3,1,1,6,2,3,1,0,0,18,2,3,12,4,1,2,5,0,2,2,0,37,0,0,1,1,1,0,0,11,2,1,4,0,1,0,0,21,6,0,0,8,0,1,5,5,0,8,1,0,11,4,3,3,0,0,0,4,3,10,NA,13,1,1,8,1,4,36,0,42,0,0,0,2,4,2,2,1,2,0,2,0,1,3,1,1,0,0,4,5,0
"145",4,62,22,21,173,11,73,174,9,0,5,304,94,80,0,83,1,0,7,14,0,0,5,111,127,12,110,30,1,30,30,0,0,4,5,96,0,45,157,62,88,1,147,10,4,102,39,0,21,22,20,13,4,38,12,8,5,0,2,138,0,22,44,75,2,7,76,5,32,6,8,0,2,1,3,22,7,61,24,59,14,0,53,2,4,3,7,164,71,1,6,0,51,2,24,61,2,69,0,0,119,47,35,34,0,0,16,25,17,128,13,NA,20,33,75,5,37,213,111,0,10,0,81,4,17,6,39,0,45,18,17,75,8,37,11,0,13,106,0,51,4
"150",1,18,9,5,28,0,11,21,2,0,0,38,18,4,2,16,1,11,0,1,0,6,0,8,34,5,0,2,1,8,0,0,0,0,1,3,0,8,6,15,0,0,17,1,0,14,8,35,2,0,4,1,0,0,0,3,2,0,1,20,2,0,13,19,0,0,18,0,0,3,0,59,0,0,1,0,0,2,5,5,0,18,6,0,2,0,1,22,15,0,1,12,1,2,11,0,0,12,3,0,36,0,0,6,0,0,6,4,1,17,1,20,NA,7,6,1,13,14,18,22,3,2,28,2,3,0,7,0,0,0,11,16,0,6,1,1,4,37,46,0,1
"154",0,1,15,5,0,3,14,22,0,0,0,41,20,10,2,8,0,9,0,0,2,2,1,19,41,0,17,0,0,4,4,0,0,2,0,2,0,7,24,9,31,4,21,6,1,0,22,45,1,2,5,0,0,10,0,0,3,0,0,0,6,0,12,0,0,0,0,0,3,0,0,49,0,0,1,1,1,3,5,6,2,10,9,0,2,0,0,0,5,1,0,6,0,1,0,12,1,10,0,0,0,9,5,3,0,1,0,8,0,19,1,33,7,NA,21,2,12,31,18,26,0,5,28,3,5,3,3,0,4,2,3,14,2,0,0,1,2,32,30,2,0
"157",0,15,3,5,72,2,2,0,8,0,1,104,0,23,2,30,0,17,1,2,3,6,3,29,69,3,62,12,1,10,10,0,1,1,1,25,0,4,34,13,25,0,41,3,0,42,17,49,6,11,4,1,3,15,6,7,0,0,3,46,7,15,3,22,0,2,46,0,13,7,0,137,0,0,2,12,1,13,2,3,2,34,15,1,0,1,1,54,5,1,3,17,12,0,21,15,1,20,11,0,38,15,4,0,0,0,2,5,5,12,8,75,6,21,NA,0,6,86,28,67,4,3,32,11,0,2,0,0,9,4,1,33,4,20,2,2,4,77,67,25,6
"161",0,5,0,0,12,1,1,3,2,0,0,6,1,3,2,1,0,4,0,3,1,0,0,8,7,0,8,0,0,0,1,0,0,0,1,4,0,0,5,3,5,0,4,0,0,7,0,7,1,0,0,2,0,1,2,0,0,0,1,6,0,1,0,1,0,1,1,0,3,0,0,25,0,0,0,2,0,3,0,0,0,3,2,0,0,0,1,8,0,0,0,2,4,0,2,1,0,1,0,0,4,3,2,0,0,0,0,0,0,0,1,5,1,2,0,NA,0,11,5,1,0,0,4,1,0,0,0,0,2,0,0,3,0,4,0,0,1,13,13,1,0
"163",0,24,0,0,47,1,0,18,1,0,1,50,3,27,3,26,0,12,1,1,1,3,3,26,45,3,40,7,0,0,5,0,0,0,3,21,0,0,27,22,22,0,31,4,0,19,9,50,3,4,0,4,3,11,2,2,0,0,2,34,5,5,0,19,0,1,18,0,4,3,3,94,0,1,0,5,2,9,0,0,2,13,12,0,0,0,0,51,0,1,3,15,3,0,21,16,0,12,4,0,44,14,7,0,0,0,0,0,2,0,4,37,13,12,6,0,NA,74,20,64,2,3,28,7,0,2,0,0,4,4,0,28,1,14,2,5,3,62,51,12,0
"164",2,73,62,42,174,6,151,207,18,0,7,320,156,57,34,133,0,76,4,7,8,26,7,0,221,6,125,27,4,34,22,1,2,8,4,0,1,66,203,115,76,8,210,20,2,86,72,242,24,23,29,23,3,41,11,12,8,0,15,89,27,20,71,62,1,7,84,3,35,12,0,517,3,0,5,23,4,48,34,47,0,94,58,2,4,1,7,136,104,1,11,46,28,8,42,41,4,93,32,0,101,48,32,54,0,0,16,49,20,189,36,213,14,31,86,11,74,NA,128,258,6,21,155,44,5,8,50,1,41,28,15,107,10,33,11,18,23,205,236,63,6
"201",2,37,15,21,82,2,52,115,1,0,1,0,58,42,10,0,0,29,2,6,2,9,5,69,0,5,65,14,2,13,13,0,0,11,1,38,0,24,76,0,55,6,38,0,3,53,29,69,0,7,7,11,2,19,11,3,7,1,0,56,14,8,25,35,0,5,35,3,15,4,2,226,2,0,2,10,3,0,11,22,6,55,9,1,1,2,1,101,24,0,2,36,0,1,33,35,1,29,6,0,73,34,13,15,0,0,7,16,10,86,0,111,18,18,28,5,20,128,NA,28,1,7,0,25,4,5,9,1,26,0,10,0,5,24,7,9,0,0,60,21,0
"202",0,78,23,26,158,7,98,187,13,0,4,228,103,52,0,86,2,0,1,6,3,0,6,100,194,8,114,32,0,17,10,1,1,7,3,55,0,38,175,40,99,5,126,12,1,76,56,0,12,12,11,15,5,41,16,10,8,2,11,103,0,13,61,49,0,6,69,1,35,6,4,0,1,5,3,24,5,25,18,49,18,0,29,6,4,1,1,171,50,2,8,0,13,4,36,56,1,32,0,0,146,56,22,25,0,0,15,31,21,144,42,0,22,26,67,1,64,258,28,NA,10,0,161,7,7,7,25,0,35,12,5,86,9,36,5,0,15,92,0,53,8
"203",0,0,0,1,0,0,3,11,0,0,0,12,5,1,1,5,0,1,0,0,0,2,1,3,10,3,3,0,0,2,1,0,0,0,0,6,0,3,11,4,4,1,9,0,0,0,2,7,0,1,0,0,0,1,0,0,0,0,2,0,0,1,2,0,0,0,0,0,2,0,0,22,0,0,0,4,0,1,1,2,0,4,2,0,1,0,1,0,3,0,0,1,2,0,0,5,0,5,3,0,0,6,2,0,0,0,0,1,0,9,0,10,3,0,4,0,2,6,1,10,NA,0,6,0,0,0,3,0,5,1,0,8,1,0,0,1,0,10,8,4,1
"222",0,6,1,3,8,0,5,8,1,0,0,4,17,9,0,1,0,0,0,1,0,0,1,11,10,1,8,1,0,0,3,1,0,2,1,0,0,6,12,11,10,0,7,1,0,6,3,0,1,1,0,1,0,1,2,0,1,1,0,11,0,0,3,3,0,0,4,0,1,1,0,0,0,1,1,1,1,1,2,0,0,0,3,0,1,0,0,8,1,0,0,0,0,2,5,4,1,11,0,0,8,3,1,0,0,0,0,1,1,10,0,0,2,5,3,0,3,21,7,0,0,NA,19,0,3,1,0,0,1,1,3,13,1,1,1,0,2,0,0,0,0
"223",1,49,21,21,113,2,64,129,1,0,1,0,70,43,10,0,1,20,0,5,0,20,1,80,0,3,74,24,2,11,18,1,1,8,3,29,0,25,105,0,75,3,32,0,5,51,42,112,0,10,14,9,1,22,11,7,3,0,1,79,12,8,33,42,1,4,42,1,21,2,2,233,1,2,1,12,3,0,15,31,5,71,11,0,4,4,3,108,36,1,7,31,0,1,28,43,2,28,3,1,92,37,22,17,0,1,8,22,11,90,0,81,28,28,32,4,28,155,0,161,6,19,NA,16,7,5,15,2,29,0,12,0,9,23,4,5,0,0,43,38,0
"236",0,12,0,10,35,2,18,41,5,0,0,37,15,5,0,19,0,2,0,2,0,1,1,15,29,1,31,3,0,5,2,1,0,1,3,18,1,3,25,11,19,1,18,2,1,14,1,3,2,2,2,10,1,9,1,2,1,0,0,23,0,6,9,14,0,1,11,0,10,2,1,9,0,0,0,5,2,0,3,7,2,2,6,0,0,0,0,39,16,0,6,0,6,0,3,8,2,7,0,1,16,7,4,10,0,1,1,10,3,31,2,4,2,3,11,1,7,44,25,7,0,0,16,NA,1,0,3,0,12,2,0,14,0,4,0,0,2,25,4,10,6
"238",0,4,0,0,8,0,0,9,0,0,0,11,3,5,2,5,0,3,0,0,1,0,0,9,10,0,10,6,1,0,2,0,0,0,0,3,0,0,1,0,2,0,3,0,0,3,3,6,0,0,0,0,0,2,1,1,0,0,1,5,0,0,0,2,0,0,6,0,1,2,0,17,0,0,0,5,0,2,0,0,1,2,1,0,0,0,0,4,0,0,1,0,0,0,0,1,0,2,0,0,5,1,0,0,0,0,0,0,0,0,4,17,3,5,0,0,0,5,4,7,0,3,7,1,NA,0,1,0,0,2,0,6,0,6,0,0,2,4,4,2,0
"240",0,2,0,0,8,0,7,6,0,0,1,17,7,0,1,4,0,2,0,0,1,0,0,3,7,0,0,0,0,1,0,1,0,0,1,1,0,4,2,5,0,0,8,1,0,4,2,7,0,0,0,1,0,0,0,0,1,0,0,4,0,0,2,0,0,0,4,0,0,0,0,20,0,0,0,0,0,0,1,2,0,0,0,0,0,0,0,2,3,0,0,1,0,0,4,0,1,0,2,0,7,0,0,1,0,0,0,0,0,7,2,6,0,3,2,0,2,8,5,7,0,1,5,0,0,NA,2,0,0,0,1,2,0,2,2,0,0,6,10,0,0
"245",0,13,0,1,17,1,0,0,2,0,0,46,0,10,1,19,0,7,0,0,0,4,1,28,30,0,14,4,0,0,2,0,1,1,0,10,0,0,29,7,27,0,22,4,0,12,3,22,1,3,0,1,0,8,1,2,0,0,0,19,5,3,2,4,0,1,18,0,7,4,2,73,0,0,0,0,1,7,0,0,2,7,5,0,0,3,0,40,0,1,2,7,5,0,7,13,0,5,2,0,29,8,7,0,0,0,0,0,2,0,2,39,7,3,0,0,0,50,9,25,3,0,15,3,1,2,NA,0,7,3,0,14,2,5,3,1,1,39,35,9,1
"254",0,0,0,1,0,0,0,2,0,0,0,0,0,0,0,0,0,0,0,0,0,0,0,1,2,0,0,0,0,0,0,0,0,0,0,0,0,0,0,0,1,0,1,0,0,0,1,1,0,0,0,0,0,0,0,0,0,0,0,0,0,0,0,0,0,0,0,0,0,0,0,5,0,0,0,0,0,0,0,0,1,0,0,0,0,0,0,0,1,0,0,0,0,0,0,0,0,0,0,0,0,0,0,1,0,0,0,0,0,1,1,0,0,0,0,0,0,1,1,0,0,0,2,0,0,0,0,NA,0,0,0,0,0,0,0,0,0,0,0,0,0
"266",2,10,3,6,45,0,20,22,5,0,1,50,21,7,5,24,0,4,0,2,0,5,0,8,39,5,0,8,0,2,0,0,1,0,2,2,0,5,19,11,0,1,36,2,4,17,8,30,4,0,4,9,0,0,2,1,0,0,0,21,3,0,9,13,0,0,20,0,0,2,2,94,0,0,0,0,0,6,8,10,0,11,7,0,0,0,2,37,21,0,2,5,7,1,2,0,0,20,5,0,27,0,2,12,0,0,4,6,3,40,2,45,0,4,9,2,4,41,26,35,5,1,29,12,0,0,7,0,NA,5,3,17,0,15,2,0,4,39,49,0,2
"267",0,7,3,5,13,1,10,14,1,0,0,0,8,9,2,0,1,3,0,0,0,1,0,10,0,0,8,3,0,1,0,0,0,0,0,10,0,3,22,0,9,0,5,0,0,10,4,12,0,3,6,1,1,3,1,1,0,0,0,11,0,2,3,4,0,1,7,1,1,0,0,41,0,0,0,4,0,0,1,4,0,8,1,0,0,0,2,21,8,0,0,3,0,0,3,3,0,6,10,0,14,5,5,5,0,0,1,1,2,16,0,18,0,2,4,0,4,28,0,12,1,1,0,2,2,0,3,0,5,NA,1,0,0,7,1,0,0,0,10,6,0
"268",0,10,0,0,8,3,0,3,0,0,1,14,0,5,0,4,0,5,0,3,0,2,0,7,16,0,7,3,0,0,3,0,0,0,1,3,0,0,4,6,14,0,7,1,0,6,5,26,3,2,0,2,0,0,2,0,0,0,0,9,4,0,0,8,0,5,9,0,1,2,0,22,0,0,0,0,0,4,0,0,1,1,7,0,0,0,0,7,0,0,0,8,1,0,14,9,0,1,0,0,10,2,4,0,0,0,0,0,1,0,2,17,11,3,1,0,0,15,10,5,0,3,12,0,0,1,0,0,3,1,NA,4,0,1,1,1,2,17,14,2,0
"412",1,32,8,9,76,5,55,92,0,0,3,0,60,40,3,0,2,20,1,7,3,9,3,47,0,1,58,14,0,12,11,1,1,2,1,29,0,19,69,0,53,4,38,0,1,37,25,85,0,8,11,5,3,22,9,3,4,0,0,51,6,10,27,34,0,2,26,0,20,2,2,143,0,0,3,8,2,0,8,24,2,12,16,0,1,1,2,87,27,0,3,19,0,0,18,24,0,16,22,0,68,22,14,19,0,1,6,11,14,60,0,75,16,14,33,3,28,107,0,86,8,13,0,14,6,2,14,0,17,0,4,NA,3,27,3,22,0,0,76,22,0
"420",1,5,1,2,5,0,8,7,2,0,0,12,2,3,1,3,0,5,0,0,0,1,0,3,11,0,0,2,0,2,0,0,0,0,0,0,0,3,6,3,0,1,8,0,0,4,1,9,0,0,1,2,0,0,1,3,1,0,0,4,0,0,2,4,0,0,3,0,0,0,0,22,0,0,0,0,0,1,1,5,0,4,0,0,0,0,1,9,3,0,0,3,1,0,4,0,1,1,1,0,10,0,0,3,0,0,2,0,0,8,1,8,0,2,4,0,1,10,5,9,1,1,9,0,0,0,2,0,0,0,0,3,NA,3,0,3,1,17,8,0,0
"421",2,0,1,9,0,2,30,53,6,0,0,48,32,13,3,20,0,12,0,0,2,6,1,24,61,1,35,0,1,9,9,0,0,1,0,32,0,7,44,13,20,2,37,2,1,1,8,44,3,3,4,0,1,5,0,0,1,0,1,0,8,4,11,0,0,2,0,0,5,0,0,118,0,0,0,6,1,13,12,19,2,20,8,1,2,0,1,0,28,0,0,12,5,1,0,21,0,16,5,0,0,15,4,8,0,0,2,10,0,40,3,37,6,0,20,4,14,33,24,36,0,1,23,4,6,2,5,0,15,7,1,27,3,NA,0,2,3,52,37,13,0
"427",0,0,0,1,0,0,3,8,0,0,0,8,4,2,1,9,0,2,0,0,1,1,0,10,10,1,3,0,0,1,0,0,0,0,0,2,0,7,13,5,7,0,7,0,1,0,0,8,1,0,1,0,0,1,0,0,1,0,1,0,0,0,1,0,0,0,0,0,1,0,0,20,0,0,0,0,0,0,1,3,0,6,0,1,1,0,0,0,2,0,1,0,1,0,0,3,1,6,2,0,0,6,1,0,0,0,0,2,0,8,1,11,1,0,2,0,2,11,7,5,0,1,4,0,0,2,3,0,2,1,1,3,0,0,NA,1,0,2,4,0,1
"429",0,7,1,3,10,2,5,13,1,0,0,23,15,3,0,3,0,0,0,1,0,0,0,13,7,0,10,9,0,1,1,0,0,1,1,9,0,5,13,5,14,0,8,0,0,9,4,0,2,1,2,3,2,2,1,1,1,0,1,14,0,1,4,4,0,0,4,0,3,0,0,0,0,0,1,3,0,3,2,6,2,0,2,1,0,0,0,13,7,0,0,0,0,0,1,5,1,2,0,0,8,1,1,0,0,0,2,7,0,12,1,0,1,1,2,0,5,18,9,0,1,0,5,0,0,0,1,0,0,0,1,22,3,2,1,NA,1,17,0,2,0
"432",0,8,0,4,17,0,10,17,0,0,2,0,15,6,1,0,0,5,0,0,0,1,0,12,0,0,11,2,1,6,3,0,0,1,0,5,0,2,11,0,6,1,5,0,0,8,4,16,0,1,1,2,0,3,1,0,0,0,0,14,3,0,2,6,0,1,8,0,1,0,0,40,2,0,0,0,2,0,1,4,2,3,1,0,0,1,0,17,4,0,2,3,0,0,2,5,0,2,1,0,9,4,4,1,0,0,4,2,1,14,0,13,4,2,4,1,3,23,0,15,0,2,0,2,2,0,1,0,4,0,2,0,1,3,0,1,NA,0,6,1,0
"497",3,91,24,25,188,11,107,213,0,0,4,0,92,77,21,0,0,56,0,13,2,16,10,136,0,6,115,39,3,26,32,0,1,12,4,88,0,43,165,0,114,4,74,0,4,98,53,51,0,18,19,20,7,51,22,7,10,1,0,141,21,21,66,61,1,8,79,3,31,13,6,317,0,0,3,34,3,0,37,63,17,34,24,0,5,3,8,184,75,0,16,15,0,4,23,67,2,46,10,1,152,78,29,26,0,0,14,41,21,120,0,106,37,32,77,13,62,205,0,92,10,0,0,25,4,6,39,0,39,0,17,0,17,52,2,17,0,NA,630,63,0
"498",2,69,24,30,172,8,93,194,8,0,1,157,116,74,0,39,0,0,0,8,0,0,9,112,78,9,96,40,0,25,29,0,2,14,1,63,0,44,161,61,127,6,113,3,3,97,47,0,9,20,15,20,5,44,15,9,6,1,5,133,0,23,50,60,0,7,69,4,31,13,4,0,0,1,3,24,5,37,25,65,10,0,38,1,6,4,7,188,66,1,12,0,24,2,32,58,1,50,0,0,140,79,31,26,0,0,20,37,23,133,4,0,46,30,67,13,51,236,60,0,8,0,43,4,4,10,35,0,49,10,14,76,8,37,4,0,6,630,NA,55,5
"516",1,13,6,8,44,0,31,34,4,0,1,54,24,2,3,22,0,16,0,2,3,3,0,6,64,5,0,4,0,7,0,0,0,0,3,0,0,8,26,18,0,1,40,2,0,25,8,45,8,0,7,5,0,0,5,5,1,0,0,22,8,0,11,15,0,0,18,0,0,1,1,108,0,0,2,0,0,7,8,17,0,17,8,0,1,0,0,65,24,0,5,7,9,1,5,0,0,23,5,1,47,0,1,12,0,0,5,10,9,41,5,51,0,2,25,1,12,63,21,53,4,0,38,10,2,0,9,0,0,6,2,22,0,13,0,2,1,63,55,NA,2
"555",0,1,0,3,7,1,1,4,0,0,0,0,3,0,0,0,0,1,0,0,2,1,0,4,1,0,5,0,0,1,0,0,0,0,0,4,0,0,5,0,3,1,1,0,0,7,0,0,0,1,0,1,0,0,2,0,1,0,0,4,1,2,1,6,0,0,4,0,1,0,0,11,0,0,0,0,0,0,2,0,0,1,1,0,0,0,0,4,2,0,0,0,1,0,0,0,1,4,1,0,1,4,1,1,0,0,0,1,0,5,0,4,1,0,6,0,0,6,0,8,1,0,0,6,0,0,1,0,2,0,0,0,0,0,1,0,0,0,5,2,NA
