,1,2,3,4,5,6,7,8,9,10,11,12,13,14,15,16,17,18,19,20,21,22,23,24,25,26,27,28,29,30,31,32,33,34,35,36,37,38,39,40,41,42,43,44,45,48,50,51,53,54,55,56,57,58,59,60,61,62,63,64,67,68,69,72,74,75,76,77,78,79,80,81,82,83,84,85,86,89,90,91,92,96,98,99,101,102,103,104,105,106,107,110,111,112,113,114,115,117,119,120,121,122,126,127,131,133,134,136,141,142,143,145,150,154,157,161,163,164,201,202,203,222,223,236,238,240,245,254,266,267,268,412,420,421,427,429,432,497,498,516,555
1,NA,1,0,0,0,0,0,-1,0,0,-1,1,-2,0,0,-4,0,-1,0,0,0,1,0,-1,0,0,-1,0,0,0,0,0,0,0,0,1,0,0,0,-1,1,0,0,0,0,-1,1,-1,0,0,1,0,0,0,0,-1,0,0,0,1,0,0,0,1,0,0,0,0,0,0,0,-5,0,0,0,0,0,0,0,0,0,1,0,0,0,0,0,-2,0,0,0,0,0,0,0,-2,0,0,0,0,-1,-1,0,0,0,0,0,0,0,0,0,2,1,0,0,0,0,0,-2,0,0,0,-1,0,0,0,0,0,0,0,0,1,-1,-2,0,0,0,1,-2,-1,0
2,1,NA,-3,5,1,0,7,-4,4,0,0,2,5,0,1,12,0,0,0,0,0,-4,2,-7,5,-3,12,0,0,-2,-1,0,0,-2,0,-1,0,3,21,3,-6,-3,-13,4,0,0,6,11,1,2,5,1,-2,2,-2,0,3,0,3,-1,-2,3,-1,-2,0,2,-1,0,1,-1,0,-5,0,0,0,0,2,-2,3,6,1,-8,3,-2,0,0,-3,1,1,-1,0,10,0,-1,-1,-13,1,0,-5,0,2,5,-5,0,0,0,1,-2,0,1,0,18,4,-1,1,1,10,9,1,2,0,2,3,10,2,2,1,0,-2,-1,0,-10,1,0,0,-1,2,-1,-1,-1,1
3,0,-3,NA,0,1,1,0,-2,-1,0,0,-7,0,5,0,-2,0,-3,0,0,0,1,0,3,7,1,4,2,0,0,2,0,0,0,0,2,0,0,-9,4,-9,0,-6,0,0,-6,0,-1,-2,2,0,0,0,3,0,1,0,0,0,0,1,-2,0,3,1,-1,-1,0,0,-1,0,-11,0,0,0,3,-1,3,0,0,-1,1,1,-1,0,0,0,1,0,0,1,0,-3,0,-5,-3,0,0,1,0,4,0,0,0,0,-1,0,0,-5,0,0,10,-7,1,-1,0,0,2,3,-1,0,-1,-3,0,0,0,0,0,1,1,0,-2,-1,-1,0,-1,0,0,-4,0,0
4,0,5,0,NA,-1,-2,0,1,1,0,0,-6,-2,-1,-1,1,0,0,0,-1,-1,0,1,-10,9,0,0,-2,1,0,3,0,0,0,0,-4,0,0,5,-1,-12,0,-10,0,0,-1,-1,6,-1,2,0,3,-1,0,-4,0,0,1,1,-9,-1,3,0,-1,0,0,-2,0,1,-1,-2,4,0,1,1,4,-2,-4,0,0,-2,1,-1,-1,-1,0,0,5,0,0,-3,-1,2,0,-1,2,0,2,1,0,3,0,0,1,0,0,0,0,-1,0,1,1,-3,-1,3,0,0,4,1,-2,-1,1,-1,-4,0,0,1,1,2,3,0,-3,0,-1,1,-1,0,-1,-14,-2,-1
5,0,1,1,-1,NA,-7,29,-2,-5,0,0,33,-4,7,-4,12,-2,4,0,0,5,-2,0,11,24,1,34,0,-2,-4,4,0,0,-2,0,24,-1,11,36,4,3,-2,-3,1,-3,1,-1,23,-5,6,5,-1,-2,13,0,0,-1,0,1,0,5,-3,12,0,1,0,0,0,5,0,7,24,0,0,0,12,-1,-7,6,6,-6,-4,2,0,0,0,-1,0,20,1,-1,-3,7,-2,0,-3,2,23,6,0,0,7,7,8,-1,-2,1,10,0,18,10,41,4,0,4,6,-3,26,2,36,0,2,9,-11,0,0,5,0,1,5,-4,8,1,0,0,-4,3,40,30,-6,-1
6,0,0,1,-2,-7,NA,2,1,0,0,-1,2,0,4,-1,2,0,1,0,-1,-1,0,0,1,-5,0,0,1,0,0,0,0,0,-1,-1,0,0,0,-1,3,0,0,2,0,0,-1,1,-3,-3,0,1,-1,0,0,-2,0,-1,0,0,1,0,0,-3,3,0,0,-1,0,0,0,0,-3,0,0,0,0,0,-3,1,-1,0,-1,1,0,0,0,0,-2,-2,0,0,1,1,0,0,0,0,0,1,0,3,0,-1,1,0,0,-2,1,-1,-3,-2,1,0,-1,-2,-1,-1,2,2,1,0,0,-2,0,0,0,1,0,0,-1,-1,-3,0,2,0,2,0,3,-4,0,-1
7,0,7,0,0,29,2,NA,13,5,1,-1,-5,1,-11,1,17,0,4,0,1,0,2,2,-11,13,1,15,0,0,0,3,0,-1,0,0,0,-1,0,11,3,4,0,12,-1,0,1,0,13,-3,0,0,1,1,2,-3,-3,0,0,-1,-6,-1,-1,0,-3,0,4,-1,1,3,1,1,4,0,-2,-1,-1,-1,1,0,0,-3,-9,0,-1,0,0,0,16,0,-1,-1,-6,-1,0,-2,3,0,0,1,0,26,-7,-10,1,0,-1,0,0,4,0,-1,9,7,-2,0,-1,0,9,-6,18,3,-3,0,0,0,7,0,0,0,2,0,15,6,2,-1,1,-2,13,25,3,1
8,-1,-4,-2,1,-2,1,13,NA,-1,0,-1,-18,0,7,-6,-19,0,-10,-1,1,-2,6,-5,-8,5,4,-18,8,-2,2,-1,0,-3,2,-3,6,0,-9,-18,1,2,2,-12,3,0,-8,-4,3,-3,3,1,-6,-1,-3,-2,3,1,0,-2,-9,-12,2,2,-5,0,-1,-1,-3,1,-1,2,-2,-1,0,1,-6,1,-4,5,-4,3,-14,1,-2,0,3,-2,-6,1,1,-2,-11,4,0,-9,-10,0,-4,2,1,-15,-1,-7,0,0,0,-5,0,-7,0,1,0,-5,-4,0,-1,-4,3,-23,-27,-3,-2,-27,-5,5,2,0,0,-8,2,1,-6,1,1,2,-7,5,9,8,-4,-4
9,0,4,-1,1,-5,0,5,-1,NA,0,0,-1,-7,0,1,0,0,0,0,0,-1,0,0,4,0,0,-1,0,0,-1,0,0,0,-2,1,-2,0,0,-3,0,1,0,1,0,0,-2,0,1,0,1,-3,0,1,-1,-2,0,0,0,0,-3,0,1,0,-2,0,-1,1,0,0,1,1,0,0,0,0,2,1,0,-1,3,-1,-1,1,0,-1,0,0,3,-2,0,2,1,-1,-1,-1,-2,0,-6,0,0,-1,-1,1,2,0,0,0,2,-1,2,0,-3,-2,0,-4,0,-1,-2,1,-3,0,-1,1,-1,0,0,0,0,-1,-1,0,0,0,-2,0,-1,0,0,0,-2,0
10,0,0,0,0,0,0,1,0,0,NA,0,1,0,0,0,0,0,1,0,0,0,0,0,0,0,0,0,0,0,0,0,0,0,0,0,0,0,0,0,0,0,0,0,0,0,0,0,0,0,0,0,0,0,0,0,0,0,0,0,0,0,0,0,0,0,0,0,0,0,0,0,0,0,0,0,0,0,0,0,0,0,0,0,0,0,0,0,0,0,0,0,0,0,0,0,0,0,0,0,0,1,0,0,0,0,0,0,0,0,0,0,0,0,0,0,0,0,0,0,0,0,0,0,0,0,0,0,0,0,0,0,0,0,0,0,0,0,0,0,0,0
11,-1,0,0,0,0,-1,-1,-1,0,0,NA,-2,-1,0,0,1,0,-2,0,0,0,0,-1,-1,-1,-1,-3,0,0,0,-1,0,0,-1,0,-1,0,0,-2,-2,-3,0,-3,-3,0,0,0,-1,0,0,-1,0,0,0,0,0,0,0,0,0,-2,0,1,0,0,0,0,0,0,0,0,-2,-1,0,0,0,0,-1,-1,-1,0,-4,0,0,0,0,0,0,1,0,0,1,0,0,0,0,0,-2,1,0,0,0,0,0,0,0,0,0,0,-1,0,-1,0,0,-1,0,-1,1,-1,-4,0,0,-1,0,0,-1,0,0,-1,0,-1,-1,0,0,0,0,-2,0,-1,-1,0
12,1,2,-7,-6,33,2,-5,-18,-1,1,-2,NA,-13,-5,0,0,1,-7,0,0,-2,0,1,5,0,-3,25,-22,1,9,0,0,-2,1,-4,-5,0,-5,8,0,-1,2,-12,0,-1,-27,2,9,0,8,0,11,-1,-4,-1,2,4,-1,0,-2,-10,-1,3,-7,0,2,-3,-1,-2,-1,2,23,1,-2,1,1,1,0,4,-11,-3,-3,0,0,-5,1,2,17,23,-1,-3,-9,0,1,-4,-7,-1,15,7,1,28,5,-4,0,0,0,3,10,1,31,0,30,-6,1,-12,2,-8,14,0,0,-2,-4,0,-7,1,-3,4,0,14,0,-6,0,6,-6,6,-3,0,0,-17,-20,0
13,-2,5,0,-2,-4,0,1,0,-7,0,-1,-13,NA,5,-4,12,-1,11,0,-3,0,-1,-1,4,2,2,-1,-6,0,-1,1,-2,0,0,1,-5,0,-1,5,-3,0,1,-11,4,0,-9,-2,-14,-7,-4,0,-6,-1,3,1,3,1,0,3,19,-3,2,0,2,-1,-5,4,-3,2,2,0,-6,0,-2,-1,3,-1,3,1,-3,2,0,-4,-1,-1,-1,0,2,5,0,2,0,-1,0,0,0,-1,18,4,1,20,-4,3,0,0,0,3,2,-8,0,-1,6,2,-6,0,1,-1,-16,-4,-11,1,1,6,-5,-1,-3,0,0,-1,-4,0,-12,-2,-6,2,-1,-5,16,12,-4,-3
14,0,0,5,-1,7,4,-11,7,0,0,0,-5,5,NA,2,-4,0,10,-1,1,1,-2,0,-3,-4,0,0,0,-1,0,0,0,0,0,0,0,0,4,0,10,10,0,1,-1,-1,-11,0,-5,-2,1,-1,1,-1,1,-4,1,1,0,1,-16,-3,2,1,2,0,0,5,1,0,-3,0,2,0,0,0,0,0,2,0,-2,0,-4,4,0,-1,-3,-2,9,-3,0,2,-5,-2,1,2,-6,0,-2,0,0,23,1,0,0,0,0,3,2,2,2,-1,-8,-2,-4,-5,1,-11,7,-8,14,1,3,9,-1,-1,0,2,0,-1,-3,3,2,3,-5,2,-3,-2,21,12,-2,0
15,0,1,0,-1,-4,-1,1,-6,1,0,0,0,-4,2,NA,1,0,0,0,0,0,0,-1,-5,-4,-1,4,0,0,1,-2,0,0,-1,0,3,0,0,6,-3,-2,-1,-1,2,-1,-3,-2,0,0,-1,-1,-2,0,-1,0,0,1,0,0,0,0,1,1,-1,0,1,0,0,1,0,0,0,0,0,0,2,0,2,-2,2,-1,0,0,0,1,0,0,0,0,0,1,0,1,0,2,0,1,1,0,0,1,-2,-2,0,0,0,-1,-1,1,3,1,0,0,0,0,2,-1,-2,0,0,-1,0,-4,0,0,1,1,0,5,2,0,1,-1,3,1,0,-1,-3,0,-3,0
16,-4,12,-2,1,12,2,17,-19,0,0,1,0,12,-4,1,NA,-1,-1,-2,-1,1,-2,1,12,0,-1,20,-3,1,5,3,0,0,-1,2,-3,0,-1,0,0,3,-1,1,0,0,-13,-3,6,0,-4,-2,-2,0,3,-2,4,3,2,0,1,0,-3,2,-5,0,-4,0,1,1,-2,1,4,0,-1,-1,-2,0,0,-2,-8,0,-2,1,0,1,1,-1,-15,-4,0,0,-4,0,-1,-1,-1,0,-1,-5,0,3,5,5,0,0,0,-4,6,-3,11,0,7,-6,0,-2,1,-14,9,0,0,1,1,0,1,-1,-2,-3,0,2,0,-2,0,-1,0,3,-1,0,0,-3,4,0
17,0,0,0,0,-2,0,0,0,0,0,0,1,-1,0,0,-1,NA,0,0,1,0,0,0,-1,-1,0,0,0,0,0,0,0,0,0,0,-1,0,0,-1,0,0,0,-1,0,0,-1,1,-1,0,0,0,0,0,0,0,0,0,0,0,1,0,0,0,-1,0,0,0,-1,-1,0,0,-1,0,0,0,0,0,0,0,0,0,0,0,0,0,0,0,0,0,0,0,0,0,0,0,0,0,-2,0,0,0,0,0,0,0,0,0,0,0,-1,0,-1,-1,0,0,0,0,0,0,-2,0,0,-1,0,0,0,0,0,0,-1,0,0,0,0,0,0,0,0,0,0,0
18,-1,0,-3,0,4,1,4,-10,0,1,-2,-7,11,10,0,-1,0,NA,0,-1,0,0,1,-6,0,-3,3,-3,0,1,-3,0,0,0,-2,5,0,-3,-3,4,-6,0,-1,-2,1,0,2,0,-1,-1,3,-2,0,2,1,-1,-2,1,1,7,0,-2,1,-4,0,1,-2,0,-1,-1,2,0,0,0,-2,-1,0,0,-1,0,-1,0,-4,0,-3,0,0,3,4,0,1,0,-5,0,-1,5,-1,0,0,1,1,1,3,2,0,-1,0,-2,-2,-3,5,0,-5,-1,-5,2,0,-2,1,0,1,0,-6,0,1,2,-3,0,-2,3,-3,-8,-1,-4,2,0,1,6,0,-14,-1
19,0,0,0,0,0,0,0,-1,0,0,0,0,0,-1,0,-2,0,0,NA,0,-1,0,0,0,2,0,0,0,0,1,0,0,0,0,0,-2,0,0,1,2,0,0,-2,0,0,0,0,0,0,-1,0,0,0,-1,0,0,0,0,0,0,0,1,1,0,0,0,0,0,0,0,0,-2,0,0,0,0,0,-1,0,1,1,0,0,0,0,0,0,0,0,0,0,-1,0,0,0,1,0,-1,0,0,0,0,0,0,0,0,-1,0,0,-1,0,5,0,0,1,0,-1,2,2,-1,0,0,0,0,0,0,0,0,0,0,0,-1,0,0,0,0,0,0,0,0,0
20,0,0,0,-1,0,-1,1,1,0,0,0,0,-3,1,0,-1,1,-1,0,NA,0,1,1,-2,-1,0,3,0,1,2,-1,0,0,1,0,0,0,-1,1,0,-1,0,-1,0,0,0,2,2,0,-1,0,0,1,2,0,0,1,0,0,0,-1,-1,0,0,0,0,0,0,0,0,0,-2,1,0,0,-2,0,1,0,-1,0,-1,1,0,0,0,-1,0,-2,0,0,1,0,0,0,3,0,-2,2,0,0,-5,-1,0,0,0,1,2,0,0,0,6,1,0,2,-1,1,-1,4,-2,0,-1,-1,0,0,0,0,0,2,0,3,1,0,0,0,-1,0,3,0,0,0
21,0,0,0,-1,5,-1,0,-2,-1,0,0,-2,0,1,0,1,0,0,-1,0,NA,0,0,2,-4,0,-1,-1,0,0,0,0,0,0,0,0,0,3,-2,0,-3,0,0,2,0,-4,0,0,1,0,0,-2,0,-2,1,0,-1,0,0,0,0,0,1,1,0,-1,-1,0,-1,0,0,-1,0,0,0,0,0,0,-2,0,-1,0,0,0,1,0,1,1,0,0,0,0,0,0,0,2,0,0,0,0,1,1,0,0,0,0,0,-1,1,2,1,0,0,-2,-3,1,-1,2,0,-1,0,0,0,0,-1,1,0,0,0,0,0,1,0,0,-1,0,0,0,0,-3,-2
22,1,-4,1,0,-2,0,2,6,0,0,0,0,-1,-2,0,-2,0,0,0,1,0,NA,0,-5,1,-1,-6,0,0,0,2,0,0,1,0,0,0,-1,4,1,3,0,-3,0,0,-1,1,0,0,0,0,1,-1,2,1,2,0,0,3,-6,0,1,3,1,0,0,-1,0,2,0,1,0,0,0,0,1,1,0,-2,2,-1,0,3,1,-1,0,0,-7,4,1,0,0,0,-1,-2,0,0,-2,0,1,8,-3,-2,0,0,0,1,2,0,-8,-2,0,-2,2,0,0,-3,-2,3,0,0,0,4,-1,0,0,0,0,1,-1,0,-3,1,2,-1,0,1,-4,0,1,-1
23,0,2,0,1,0,0,2,-5,0,0,-1,1,-1,0,-1,1,0,1,0,1,0,0,NA,2,0,0,0,-1,0,-1,0,0,0,0,0,0,0,1,0,0,0,1,-2,0,0,3,0,0,0,0,0,0,0,0,0,0,0,0,1,-1,0,0,0,-2,-1,0,-2,0,0,1,0,-6,0,0,0,0,0,1,0,0,0,2,0,0,0,0,1,0,-1,0,0,1,0,1,0,0,0,4,-1,-1,0,0,0,-1,0,0,1,-1,0,0,0,1,0,1,1,0,3,1,-1,2,-1,1,-1,-1,0,0,-1,0,0,0,0,-1,0,1,0,0,0,0,3,0,0
24,-1,-7,3,-10,11,1,-11,-8,4,0,-1,5,4,-3,-5,12,-1,-6,0,-2,2,-5,2,NA,-1,0,5,-3,1,-2,2,0,-3,-1,1,0,0,-2,0,3,11,1,2,5,-3,-5,-3,12,-4,-1,0,2,0,2,-2,0,3,0,-2,-7,-4,-1,-8,3,0,0,-6,1,-2,-2,0,27,0,0,-1,0,0,-3,-2,-4,0,-1,-1,-1,0,0,2,-6,11,-2,-1,-2,3,-1,-4,0,1,12,3,0,14,-3,4,1,0,0,1,7,1,1,2,-3,2,-3,-5,-2,2,0,-13,-8,-1,-7,-4,-3,-3,-1,-4,1,-4,-2,1,-21,-1,-4,2,-3,2,-4,-18,-4,-2
25,0,5,7,9,24,-5,13,5,0,0,-1,0,2,-4,-4,0,-1,0,2,-1,-4,1,0,-1,NA,-1,0,8,0,-7,-9,0,-2,0,0,-2,0,1,21,0,-5,-1,-8,0,0,2,-6,15,0,-6,-1,0,-1,6,0,-2,0,-1,1,-15,-2,6,10,0,0,-3,-5,2,8,2,2,14,2,-2,0,6,0,0,5,7,4,-7,1,0,-3,2,-2,22,1,1,-8,2,0,-5,-2,-15,3,8,1,1,24,1,1,9,-1,0,7,4,-5,-9,0,25,-4,-9,-9,3,-7,19,0,6,4,-4,0,1,0,-3,-4,2,5,0,2,0,5,-3,6,-1,0,0,-8,-2,-1
26,0,-3,1,0,1,0,1,4,0,0,-1,-3,2,0,-1,-1,0,-3,0,0,0,-1,0,0,-1,NA,-2,0,0,-1,0,0,0,0,0,-3,0,0,0,1,-2,0,0,-1,0,-3,0,2,0,0,0,1,-1,1,0,0,0,0,0,0,2,1,0,0,0,0,-2,0,1,0,0,-1,0,0,0,0,0,0,-1,2,-1,0,0,-1,0,0,0,3,-2,0,1,2,0,0,0,3,0,0,0,0,-1,-3,0,1,0,0,0,1,0,-4,0,-2,1,0,-3,0,-3,4,1,-4,-1,-1,3,1,0,0,0,0,-3,0,0,-1,0,-1,1,0,0,0,1,-1,0
27,-1,12,4,0,34,0,15,-18,-1,0,-3,25,-1,0,4,20,0,3,0,3,-1,-6,0,5,0,-2,NA,-1,1,5,0,0,0,3,0,-4,1,6,8,-5,0,0,0,-2,1,2,2,11,-2,1,6,-6,0,0,0,3,1,0,-2,15,-2,0,8,3,0,0,2,2,0,0,1,46,0,0,1,0,0,0,0,16,0,-4,8,-2,-3,0,0,27,8,0,-1,4,-1,0,0,0,0,6,4,1,6,0,-1,4,-1,0,1,8,-5,28,3,24,0,-1,18,2,10,21,5,4,-1,2,4,13,-2,0,0,0,0,4,-3,10,0,7,-1,0,1,41,16,0,-1
28,0,0,2,-2,0,1,0,8,0,0,0,-22,-6,0,0,-3,0,-3,0,0,-1,0,-1,-3,8,0,-1,NA,0,0,-2,0,0,0,0,3,0,3,5,7,-4,1,-6,1,-1,0,0,6,-2,0,0,0,1,-2,0,0,0,0,-1,0,-2,0,1,0,0,1,0,0,3,0,0,-3,0,0,0,3,0,-2,1,-9,-3,-3,3,0,0,0,-1,0,-1,0,0,1,-1,0,0,-2,0,-2,3,0,0,-5,0,-2,0,0,0,-1,0,-5,2,-2,-2,0,-2,0,1,-3,0,-2,0,-1,-2,-1,2,0,-2,0,-2,1,-1,-2,-2,0,0,-1,0,3,-8,0,0
29,0,0,0,1,-2,0,0,-2,0,0,0,1,0,-1,0,1,0,0,0,1,0,0,0,1,0,0,1,0,NA,0,0,0,0,0,0,-1,0,1,1,0,-1,1,-4,0,0,1,0,0,0,0,0,0,0,0,0,-1,0,0,0,2,0,0,0,2,-1,0,0,0,0,0,0,-1,0,0,0,0,-1,1,0,0,0,0,1,0,0,0,-1,0,1,0,0,0,0,0,0,0,0,4,0,0,1,0,0,0,0,0,0,-1,0,1,-1,-1,1,0,-1,0,0,2,2,0,0,0,2,0,-1,0,0,0,0,0,0,0,0,1,0,0,-1,-1,0,0,0
30,0,-2,0,0,-4,0,0,2,-1,0,0,9,-1,0,1,5,0,1,1,2,0,0,-1,-2,-7,-1,5,0,0,NA,-1,0,0,0,0,2,0,0,1,-2,1,0,-3,0,0,0,2,-1,2,-1,0,0,-1,0,0,0,0,0,-1,-6,-1,-1,0,-2,0,1,-1,1,0,0,2,18,0,0,0,0,0,3,0,0,0,-4,0,0,0,0,0,3,0,0,1,2,1,0,2,0,0,-3,1,0,1,-2,3,1,0,0,0,0,1,0,0,2,0,2,2,0,0,8,5,-3,2,0,5,-1,0,1,0,0,2,1,0,0,2,5,1,1,0,4,-1,-3,-1
31,0,-1,2,3,4,0,3,-1,0,0,-1,0,1,0,-2,3,0,-3,0,-1,0,2,0,2,-9,0,0,-2,0,-1,NA,0,-1,-2,1,1,0,-3,4,-2,0,0,-11,1,0,-1,-1,-3,2,0,2,0,0,0,-3,0,-1,0,0,-1,-2,0,-1,0,0,0,-2,0,0,0,0,0,0,0,0,0,0,-3,4,-1,0,-1,0,0,-1,0,-1,-6,1,0,-1,0,-3,0,-1,0,0,1,0,0,2,0,-1,0,0,0,-1,-2,0,3,2,-8,0,-2,-10,1,-1,4,13,-2,1,3,0,0,-2,0,-2,0,0,0,3,-5,0,3,0,1,-1,4,9,0,0
32,0,0,0,0,0,0,0,0,0,0,0,0,-2,0,0,0,0,0,0,0,0,0,0,0,0,0,0,0,0,0,0,NA,0,0,0,0,0,0,-1,0,0,0,0,0,0,0,0,-1,0,0,0,0,0,0,0,0,0,0,0,0,0,0,0,0,0,0,0,0,0,0,0,0,0,0,0,0,0,0,0,0,0,0,0,0,0,0,0,0,0,0,0,0,0,0,0,0,0,0,0,0,0,0,-1,0,0,0,0,0,0,0,0,0,0,0,0,0,0,-1,0,-1,0,1,-1,-1,0,1,0,0,0,0,0,-1,0,0,0,0,0,0,0,0,0
33,0,0,0,0,0,0,-1,-3,0,0,0,-2,0,0,0,0,0,0,0,0,0,0,0,-3,-2,0,0,0,0,0,-1,0,NA,0,0,-1,0,-1,-1,1,0,0,-1,0,0,0,0,-3,0,-1,0,-1,0,0,0,0,0,0,-1,0,0,0,0,0,0,0,0,0,0,0,0,-3,0,0,0,0,0,-1,1,1,1,0,0,0,0,0,0,0,0,0,0,0,0,0,0,0,0,-1,0,0,0,0,0,0,0,0,0,0,0,0,0,0,0,0,-1,0,0,0,0,-1,0,0,-1,0,0,0,-1,0,-1,0,0,1,0,0,0,0,0,-1,0,0,0
34,0,-2,0,0,-2,-1,0,2,-2,0,-1,1,0,0,-1,-1,0,0,0,1,0,1,0,-1,0,0,3,0,0,0,-2,0,0,NA,0,-3,0,0,-3,-3,-4,0,1,0,0,-3,2,2,1,0,0,-1,0,0,-3,0,0,1,0,1,0,-1,0,-2,0,1,-1,0,0,0,0,-4,0,0,0,0,0,-1,0,0,0,-3,-1,0,0,0,0,0,0,0,0,-2,0,0,3,0,0,-1,0,0,1,0,0,0,0,0,0,0,-1,0,-1,0,0,2,-1,0,0,-6,-5,1,0,-2,0,-1,0,0,-1,0,0,0,0,0,0,-1,0,1,-1,0,-4,0,0
35,0,0,0,0,0,-1,0,-3,1,0,0,-4,1,0,0,2,0,-2,0,0,0,0,0,1,0,0,0,0,0,0,1,0,0,0,NA,0,0,-1,-2,2,3,0,-2,2,0,0,0,0,0,0,0,0,0,0,0,0,0,0,0,0,0,0,-1,0,0,0,0,0,0,0,0,-3,0,-1,0,0,0,-1,0,-1,0,0,0,0,0,0,1,0,2,0,0,0,-1,0,0,-1,0,-1,-1,0,0,0,0,0,0,0,-2,1,0,1,0,-3,-1,0,1,1,-1,2,-1,1,0,1,1,3,0,1,0,0,-2,0,-1,-1,0,0,0,1,0,0,1,-1,0
36,1,-1,2,-4,24,0,0,6,-2,0,-1,-5,-5,0,3,-3,-1,5,-2,0,0,0,0,0,-2,-3,-4,3,-1,2,1,0,-1,-3,0,NA,0,-1,2,6,0,1,-8,-2,1,-14,1,-12,-3,-1,1,1,0,0,0,0,0,0,0,-2,0,0,-2,2,0,0,-8,0,1,-1,0,-16,0,0,1,0,0,0,2,-4,0,0,3,0,0,0,1,14,-12,0,-1,-4,-5,0,-3,2,1,15,-4,1,0,-2,-2,0,0,0,-2,-3,-3,12,-2,12,-3,-2,-7,4,1,0,10,11,2,0,-5,2,1,-1,-2,0,2,6,-3,7,0,-2,2,3,1,6,-1,0,0
37,0,0,0,0,-1,0,-1,0,0,0,0,0,0,0,0,0,0,0,0,0,0,0,0,0,0,0,1,0,0,0,0,0,0,0,0,0,NA,0,-1,0,-1,0,0,0,0,0,0,0,0,0,0,0,0,-1,0,0,0,0,0,0,0,0,0,0,0,0,-1,0,0,-1,0,-2,0,0,0,0,0,0,0,0,0,0,0,0,0,0,0,0,0,0,0,0,0,0,0,-1,0,0,0,0,0,0,0,0,0,0,0,1,0,0,0,0,0,0,0,0,0,1,0,0,0,0,0,-1,0,0,0,0,0,0,0,0,0,0,0,0,0,0,0,0,0
38,0,3,0,0,11,0,0,-9,0,0,0,-5,-1,4,0,-1,0,-3,0,-1,3,-1,1,-2,1,0,6,3,1,0,-3,0,-1,0,-1,-1,0,NA,-6,-3,-5,0,-7,-2,0,-5,0,-9,0,0,0,-1,-1,-5,0,-1,0,0,-1,-13,-1,1,0,-6,0,-1,-1,0,-4,-1,0,-4,0,-1,0,3,0,4,0,0,0,-3,1,0,0,-1,0,1,0,0,-1,5,0,0,3,6,0,-6,-3,0,2,5,1,0,0,-1,0,0,0,0,0,9,2,-1,2,0,0,6,-4,-6,-1,0,-5,1,0,-2,0,0,-3,1,0,-1,1,3,-5,-3,0,13,0,-6,0
39,0,21,-9,5,36,-1,11,-18,-3,0,-2,8,5,0,6,0,-1,-3,1,1,-2,4,0,0,21,0,8,5,1,1,4,-1,-1,-3,-2,2,-1,-6,NA,4,0,-2,7,0,1,-3,0,16,0,0,-6,-5,4,-1,-3,2,0,0,-3,-31,-13,3,14,5,0,-1,15,2,9,-1,4,24,4,0,0,2,1,0,-2,3,-2,-5,1,-1,0,1,2,-7,-7,0,-1,-10,6,0,-4,-4,0,-5,-1,0,-9,-1,0,4,0,0,1,-6,-5,5,2,11,0,-2,-2,1,-9,13,-8,-7,1,0,-9,-3,-1,-2,5,0,3,8,0,-3,2,4,1,-5,5,-1,7,0,-3
40,-1,3,4,-1,4,3,3,1,0,0,-2,0,-3,10,-3,0,0,4,2,0,0,1,0,3,0,1,-5,7,0,-2,-2,0,1,-3,2,6,0,-3,4,NA,0,1,-5,0,-1,0,5,8,0,-5,4,-5,1,0,-1,2,1,0,0,-8,-4,6,5,10,0,-1,8,0,0,-1,-1,-5,-1,-2,-1,-3,-4,0,0,1,2,-6,7,1,-1,0,0,-1,0,1,-2,-5,0,1,0,-5,0,7,6,0,-14,-5,-3,-7,-1,0,-3,9,-3,-1,0,2,-3,1,-5,3,2,5,0,0,2,3,0,1,0,1,-1,0,3,0,0,0,-1,-5,-1,3,0,0,1,-2,0
41,1,-6,-9,-12,3,0,4,2,1,0,-3,-1,0,10,-2,3,0,-6,0,-1,-3,3,0,11,-5,-2,0,-4,-1,1,0,0,0,-4,3,0,-1,-5,0,0,NA,-1,-1,2,2,-6,-2,-9,-4,0,3,-3,0,0,5,-1,0,0,-1,-3,-3,0,5,5,0,0,-9,0,0,-1,0,9,0,0,-1,0,0,-10,-2,3,-1,-8,2,-2,1,2,-1,2,3,0,-1,6,-3,-1,-6,0,-1,-10,-2,0,-9,0,-1,-1,0,0,-3,2,-11,3,2,8,0,-1,-7,-1,0,0,-11,-11,-2,2,-1,-5,0,0,-7,1,0,1,-4,-9,0,-6,5,-6,2,0,-11,0,-1
42,0,-3,0,0,-2,0,0,2,0,0,0,2,1,0,-1,-1,0,0,0,0,0,0,1,1,-1,0,0,1,1,0,0,0,0,0,0,1,0,0,-2,1,-1,NA,-3,0,0,2,0,-1,0,0,0,0,0,-1,-1,1,0,0,0,-1,0,-1,0,0,0,0,-1,0,-1,0,0,-3,0,0,0,0,0,0,0,0,0,2,-1,0,0,0,0,1,0,0,-1,2,0,0,0,-1,0,1,0,0,1,2,1,0,0,0,0,0,-1,0,0,-1,0,-2,0,0,0,-6,2,-3,1,0,-1,-1,0,0,0,0,-1,0,0,-2,1,0,0,0,-1,0,0,-1,-1
43,0,-13,-6,-10,-3,2,12,-12,1,0,-3,-12,-11,1,-1,1,-1,-1,-2,-1,0,-3,-2,2,-8,0,0,-6,-4,-3,-11,0,-1,1,-2,-8,0,-7,7,-5,-1,-3,NA,-1,-1,-15,2,-1,-1,-7,2,2,-2,-3,4,-3,1,0,0,-18,-6,-4,3,0,0,1,-7,-2,-7,2,2,-40,0,-1,0,-2,-1,-5,3,0,-10,-13,-3,-1,1,0,-3,-23,4,0,5,1,3,1,-9,-7,-2,0,-2,0,11,-6,1,4,0,-2,-3,1,2,-15,3,1,-9,-1,-15,0,1,-4,-8,-2,-1,1,-4,2,-3,-2,-2,-1,-2,-3,1,-10,0,1,-5,-6,-1,-12,-23,0,-1
44,0,4,0,0,1,0,-1,3,0,0,-3,0,4,-1,2,0,0,-2,0,0,2,0,0,5,0,-1,-2,1,0,0,1,0,0,0,2,-2,0,-2,0,0,2,0,-1,NA,0,0,-4,-1,0,0,1,-1,1,1,0,-1,0,0,0,0,0,0,1,5,0,1,-2,0,-1,-1,0,2,0,0,0,0,1,0,0,-1,1,-1,-4,0,0,0,1,2,5,1,0,5,0,0,0,-3,1,-2,0,0,-3,-2,2,0,0,0,0,0,-1,-3,0,0,1,0,-3,0,2,4,0,-2,0,-1,0,-2,0,1,2,0,2,0,-1,0,0,-2,0,0,0,0,1,-2,0
45,0,0,0,0,-3,0,0,0,0,0,0,-1,0,-1,-1,0,0,1,0,0,0,0,0,-3,0,0,1,-1,0,0,0,0,0,0,0,1,0,0,1,-1,2,0,-1,0,NA,0,0,-1,0,0,0,-1,0,0,0,0,0,0,0,1,-1,0,0,0,-1,0,0,0,0,0,0,-4,0,0,0,0,0,1,0,0,0,1,1,0,0,-1,0,-2,-1,0,0,-1,0,0,0,-2,0,0,-1,0,0,-1,-1,0,0,0,0,0,1,0,0,4,0,1,0,0,0,0,-3,1,0,0,-3,-1,0,0,0,0,-2,0,0,1,0,1,1,0,0,4,-1,0,0
48,-1,0,-6,-1,1,-1,1,-8,-2,0,0,-27,-9,-11,-3,-13,-1,0,0,0,-4,-1,3,-5,2,-3,2,0,1,0,-1,0,0,-3,0,-14,0,-5,-3,0,-6,2,-15,0,0,NA,-8,-7,-2,-1,0,0,-1,-6,0,0,0,1,-2,-2,-5,-3,3,1,0,0,-1,0,0,0,-4,-22,0,0,1,0,4,-2,2,-2,-2,-8,-7,-1,-2,0,1,-3,11,0,0,-7,-4,0,1,-7,0,-9,-2,0,-2,-5,-8,-7,0,0,-2,4,-1,5,0,-12,-8,0,-14,-1,-3,-8,-7,2,0,0,-11,-8,-3,0,-2,0,3,0,-6,9,4,1,0,-1,-2,0,-1,-3,1
50,1,6,0,-1,-1,1,0,-4,0,0,0,2,-2,0,-2,-3,1,2,0,2,0,1,0,-3,-6,0,2,0,0,2,-1,0,0,2,0,1,0,0,0,5,-2,0,2,-4,0,-8,NA,-12,-6,0,0,0,1,-1,0,0,-1,0,0,5,4,-2,-1,1,0,-1,0,2,3,-1,1,-5,0,-1,0,-1,0,-1,1,1,1,-3,-1,0,2,-1,-1,11,0,1,0,1,0,-1,-1,-2,0,-2,0,0,-9,-1,0,0,0,0,1,0,0,1,1,-1,2,-4,-5,0,3,4,1,4,2,3,-6,-1,1,2,1,-1,4,0,-3,5,-1,2,0,0,2,9,11,-2,0
51,-1,11,-1,6,23,-3,13,3,1,0,-1,9,-14,-5,0,6,-1,0,0,2,0,0,0,12,15,2,11,6,0,-1,-3,-1,-3,2,0,-12,0,-9,16,8,-9,-1,-1,-1,-1,-7,-12,NA,2,3,-3,-3,-1,7,0,-1,2,-1,-1,-7,0,11,4,-8,0,-2,-4,-1,5,-3,-2,0,2,-1,1,1,1,-6,6,4,-4,0,6,-3,-2,1,-3,-5,-8,1,2,0,-3,-1,-1,-16,1,2,0,0,18,4,2,1,0,-1,-4,1,-5,-13,-1,0,-1,-9,-13,3,0,28,-7,0,-3,0,-2,-1,0,-3,-6,1,-10,-2,6,3,-1,-6,2,0,4,-7,0,-9,0
53,0,1,-2,-1,-5,-3,-3,-3,0,0,0,0,-7,-2,0,0,0,-1,0,0,1,0,0,-4,0,0,-2,-2,0,2,2,0,0,1,0,-3,0,0,0,0,-4,0,-1,0,0,-2,-6,2,NA,1,1,-3,1,2,1,1,-1,0,0,-2,2,-1,2,1,0,0,-2,0,3,1,0,-7,0,0,-1,4,0,0,0,0,0,-2,-1,0,0,0,1,5,-2,0,1,-2,0,0,0,0,0,-1,0,0,-1,-2,-3,1,0,0,1,2,2,0,0,1,0,-1,4,1,-1,-6,0,-10,0,1,0,0,0,0,1,0,0,0,-1,0,0,-1,1,0,0,0,1,-6,0
54,0,2,2,2,6,0,0,3,1,0,0,8,-4,1,-1,-4,0,-1,-1,-1,0,0,0,-1,-6,0,1,0,0,-1,0,0,-1,0,0,-1,0,0,0,-5,0,0,-7,0,0,-1,0,3,1,NA,-2,1,0,-1,-1,-1,-1,0,-1,-5,1,-1,3,-5,0,0,-1,0,2,-2,-2,-10,0,0,0,0,0,-2,0,1,0,-3,0,0,-1,0,-1,4,-1,0,-1,3,0,0,-1,1,0,5,2,0,4,0,1,-1,0,0,-3,0,1,-4,0,2,0,0,-3,0,-2,-5,-3,0,-1,1,4,-2,0,0,-1,0,0,-1,0,-2,0,1,0,-1,-1,-6,-8,0,-1
55,1,5,0,0,5,1,0,1,-3,0,-1,0,0,-1,-1,-2,0,3,0,0,0,0,0,0,-1,0,6,0,0,0,2,0,0,0,0,1,0,0,-6,4,3,0,2,1,0,0,0,-3,1,-2,NA,-1,0,0,0,0,0,0,0,1,0,-2,0,-5,0,1,0,0,1,0,0,7,0,0,0,0,0,1,0,0,-2,1,-1,0,0,0,0,8,0,0,1,-2,1,0,-1,-3,0,0,-1,0,4,0,-2,-1,0,0,0,0,-1,0,-1,2,2,-3,2,0,0,7,5,1,0,0,-4,-2,0,0,0,0,-2,-4,0,7,1,0,1,2,1,-1,1,-3,0
56,0,1,0,3,-1,-1,1,-6,0,0,0,11,-6,1,-2,-2,0,-2,0,0,-2,1,0,2,0,1,-6,0,0,0,0,0,-1,-1,0,1,0,-1,-5,-5,-3,0,2,-1,-1,0,0,-3,-3,1,-1,NA,-1,0,0,0,-1,0,-1,0,0,0,1,0,0,0,0,0,0,1,0,2,0,-1,0,2,0,-5,-2,-4,0,3,3,-1,0,0,1,0,4,0,0,-1,-1,-1,0,-2,0,3,-1,0,0,-1,2,-2,0,0,-1,3,0,-6,-1,-1,1,0,1,0,2,-3,-1,1,0,-1,1,0,0,1,1,0,1,-1,0,-3,0,0,0,-1,0,-8,-8,-1,-1
57,0,-2,0,-1,-2,0,1,-1,1,0,0,-1,-1,-1,0,0,0,0,0,1,0,-1,0,0,-1,-1,0,1,0,-1,0,0,0,0,0,0,0,-1,4,1,0,0,-2,1,0,-1,1,-1,1,0,0,-1,NA,0,-1,0,0,0,0,0,-1,0,0,-3,0,0,0,0,0,0,0,4,0,0,0,0,0,0,0,0,0,0,0,0,-1,0,-1,-2,0,0,0,0,0,-1,0,0,0,0,0,0,-2,0,0,0,0,0,0,-1,0,-2,1,-2,0,0,-1,0,-1,3,0,-1,0,0,-1,-1,0,0,0,0,0,-1,0,1,0,1,0,-2,0,-7,-3,0,0
58,0,2,3,0,13,0,2,-3,-1,0,0,-4,3,1,-1,3,0,2,-1,2,-2,2,0,2,6,1,0,-2,0,0,0,0,0,0,0,0,-1,-5,-1,0,0,-1,-3,1,0,-6,-1,7,2,-1,0,0,0,NA,-1,3,-2,-1,0,-18,-1,0,-2,-1,0,0,-4,2,0,0,-3,3,0,0,1,0,0,-3,-2,3,0,-9,4,-1,1,0,-1,-1,3,0,0,-4,-1,0,-2,0,0,-2,1,0,10,0,-1,-2,0,0,2,-5,-2,7,-6,2,0,0,-7,1,1,-1,-3,-7,1,1,0,5,-2,0,-2,0,0,-1,0,0,0,-3,-1,-2,1,-7,-8,0,0
59,0,-2,0,-4,0,-2,-3,-2,-2,0,0,-1,1,-4,0,-2,0,1,0,0,1,1,0,-2,0,0,0,0,0,0,-3,0,0,-3,0,0,0,0,-3,-1,5,-1,4,0,0,0,0,0,1,-1,0,0,-1,-1,NA,0,0,0,0,0,0,2,-2,0,0,0,0,0,0,0,0,4,0,0,1,3,0,2,0,1,2,0,-1,0,0,0,-1,0,-1,0,1,1,1,0,0,3,-1,-3,0,0,0,-2,2,-2,0,0,1,0,0,2,2,-6,0,0,0,0,0,-5,-3,-8,0,0,-3,-1,1,0,-1,0,0,-1,-2,-1,1,0,0,-1,1,-2,-5,-5,-2
60,-1,0,1,0,0,0,-3,3,0,0,0,2,3,1,0,4,0,-1,0,0,0,2,0,0,-2,0,3,0,-1,0,0,0,0,0,0,0,0,-1,2,2,-1,1,-3,-1,0,0,0,-1,1,-1,0,0,0,3,0,NA,0,0,0,0,0,0,0,0,0,0,0,0,-2,0,0,5,0,0,0,0,0,0,0,-1,0,1,0,0,0,0,0,0,-2,0,0,1,0,-1,0,-2,0,-2,-2,0,0,-4,-1,1,0,0,0,0,0,-1,-3,-4,-1,0,3,0,0,2,-1,2,0,0,-1,0,-1,0,0,0,1,1,0,1,3,0,0,-1,0,-1,-1,-5,0
61,0,3,0,0,-1,-1,0,1,0,0,0,4,1,1,1,3,0,-2,0,1,-1,0,0,3,0,0,1,0,0,0,-1,0,0,0,0,0,0,0,0,1,0,0,1,0,0,0,-1,2,-1,-1,0,-1,0,-2,0,0,NA,0,-1,1,0,-1,0,2,0,1,0,0,1,0,0,2,0,0,0,-2,0,1,0,0,0,-1,0,0,0,1,0,0,0,0,0,1,-1,0,0,1,0,0,1,0,0,0,-1,0,0,0,0,0,0,0,1,1,0,1,0,0,0,-2,1,2,0,1,-3,-1,0,-1,0,0,0,0,0,2,1,-1,1,-1,0,-4,-2,1,-1
62,0,0,0,1,0,0,0,0,0,0,0,-1,0,0,0,2,0,1,0,0,0,0,0,0,-1,0,0,0,0,0,0,0,0,1,0,0,0,0,0,0,0,0,0,0,0,1,0,-1,0,0,0,0,0,-1,0,0,0,NA,0,0,0,0,0,0,0,0,0,0,0,0,0,0,0,0,0,0,0,0,0,0,0,0,0,0,0,0,0,0,-1,0,0,0,0,0,0,0,0,0,0,0,0,0,0,0,0,0,0,0,0,-1,0,0,0,0,0,0,0,0,1,0,0,1,0,0,0,0,0,0,0,0,0,0,0,0,0,0,0,-1,-1,0,0
63,0,3,0,1,1,0,-1,-2,0,0,0,0,3,1,0,0,0,1,0,0,0,3,1,-2,1,0,-2,-1,0,-1,0,0,-1,0,0,0,0,-1,-3,0,-1,0,0,0,0,-2,0,-1,0,-1,0,-1,0,0,0,0,-1,0,NA,-2,-1,0,-1,1,0,0,1,0,-1,0,0,-4,0,0,0,1,0,0,0,0,-1,-1,1,0,0,0,0,-4,1,0,0,0,0,0,0,0,0,0,0,0,-2,0,0,-2,0,0,0,-1,0,-4,0,-2,1,0,1,1,0,-3,0,-3,0,0,-1,0,-1,0,0,0,0,0,0,0,0,1,-1,-1,0,0,1,0,0
64,1,-1,0,-9,0,1,-6,-9,-3,0,0,-2,19,-16,0,1,1,7,0,0,0,-6,-1,-7,-15,0,15,0,2,-6,-1,0,0,1,0,-2,0,-13,-31,-8,-3,-1,-18,0,1,-2,5,-7,-2,-5,1,0,0,-18,0,0,1,0,-2,NA,-1,4,-1,0,0,-2,0,0,-6,0,3,-38,0,-1,1,3,0,-1,-4,-4,-3,3,-5,-1,-1,0,1,0,-2,-1,-1,-4,0,1,0,-15,-1,14,1,0,0,-3,3,-1,0,0,-5,-5,0,-9,2,-10,2,0,-6,0,0,15,-12,-7,0,5,-13,-11,1,0,-5,0,-7,5,-5,-9,2,0,0,-2,0,-11,-9,-2,0
67,0,-2,1,-1,5,0,-1,-12,0,0,-2,-10,-3,-3,0,0,0,0,0,-1,0,0,0,-4,-2,2,-2,-2,0,-1,-2,0,0,0,0,0,0,-1,-13,-4,-3,0,-6,0,-1,-5,4,0,2,1,0,0,-1,-1,0,0,0,0,-1,-1,NA,-1,3,-3,0,1,-1,0,2,0,1,0,0,0,0,4,0,-1,-2,0,1,0,0,0,0,0,-3,-6,0,0,-1,0,1,0,-1,-2,-1,2,0,0,-4,-5,-3,-2,-1,-1,-1,-3,-1,2,0,0,0,2,-3,0,-1,-3,-4,0,0,0,0,0,0,0,1,0,-3,0,0,-6,0,-2,0,0,-1,-7,0,-4,-1
68,0,3,-2,3,-3,0,-1,2,1,0,0,-1,2,2,1,-3,0,-2,1,-1,0,1,0,-1,6,1,0,0,0,-1,0,0,0,-1,0,0,0,1,3,6,0,-1,-4,0,0,-3,-2,11,-1,-1,-2,0,0,0,2,0,-1,0,0,4,-1,NA,-2,0,0,0,-1,0,0,2,-1,-13,0,0,0,0,0,-1,-1,2,0,3,-1,0,-1,0,0,2,0,0,-2,-2,0,0,-1,0,0,-3,2,0,-6,0,3,0,0,0,0,2,0,1,1,0,0,0,-9,-1,-1,-4,2,3,1,0,0,-4,0,0,1,0,0,-2,0,0,0,0,0,1,0,-3,-7,0,-2
69,0,-1,0,0,12,-3,0,2,0,0,1,3,0,1,1,2,0,1,1,0,1,3,0,-8,10,0,8,1,0,0,-1,0,0,0,-1,-2,0,0,14,5,5,0,3,1,0,3,-1,4,2,3,0,1,0,-2,-2,0,0,0,-1,-1,3,-2,NA,2,0,0,2,-1,-1,0,0,-2,0,0,1,0,1,-3,0,0,-3,-4,6,0,-1,1,0,-3,0,0,2,4,-4,0,-1,-3,0,-4,1,0,13,7,8,-1,0,0,0,0,2,0,2,4,1,-2,-1,0,0,3,-1,9,-2,1,-3,1,0,2,0,0,1,1,0,5,0,1,1,0,2,10,4,-1,1
72,1,-2,3,-1,0,3,-3,-5,-2,0,0,-7,2,2,-1,-5,-1,-4,0,0,1,1,-2,3,0,0,3,0,2,-2,0,0,0,-2,0,2,0,-6,5,10,5,0,0,5,0,1,1,-8,1,-5,-5,0,-3,-1,0,0,2,0,1,0,-3,0,2,NA,-1,0,0,0,-3,0,0,16,1,0,1,-3,1,-4,1,5,0,5,-1,0,1,0,1,0,-2,0,0,0,-3,1,0,9,-1,8,1,0,0,2,3,7,0,-1,4,0,0,12,4,5,-1,0,-8,-1,-3,2,5,3,0,1,-4,0,2,0,2,0,-1,4,2,6,4,0,0,0,2,3,-2,-1,0
74,0,0,1,0,1,0,0,0,0,0,0,0,-1,0,0,0,0,0,0,0,0,0,-1,0,0,0,0,0,-1,0,0,0,0,0,0,0,0,0,0,0,0,0,0,0,-1,0,0,0,0,0,0,0,0,0,0,0,0,0,0,0,0,0,0,-1,NA,0,0,0,0,0,0,-2,0,0,0,0,0,0,0,0,0,0,0,0,0,0,0,0,0,0,0,0,-1,0,0,0,0,-1,0,-1,-1,-1,0,0,0,0,0,0,0,0,-1,0,0,0,0,0,0,-1,0,0,0,0,1,0,0,0,0,0,0,0,0,0,0,0,0,0,0,-1,0,0,0
75,0,2,-1,0,0,0,4,-1,-1,0,0,2,-5,0,1,-4,0,1,0,0,-1,0,0,0,-3,0,0,1,0,1,0,0,0,1,0,0,0,-1,-1,-1,0,0,1,1,0,0,-1,-2,0,0,1,0,0,0,0,0,1,0,0,-2,1,0,0,0,0,NA,-2,0,0,-1,0,0,0,0,1,0,0,-1,0,-1,0,-1,-1,0,0,0,0,5,1,0,-1,0,0,0,-3,0,0,1,0,0,-1,0,0,1,0,0,1,0,1,-2,2,-3,0,0,-2,1,-1,1,-1,0,0,0,-2,-1,0,0,1,0,0,-1,-1,2,0,-2,0,0,1,4,3,0,0
76,0,-1,-1,-2,0,-1,-1,-1,1,0,0,-3,4,5,0,0,0,-2,0,0,-1,-1,-2,-6,-5,-2,2,0,0,-1,-2,0,0,-1,0,-8,-1,-1,15,8,-9,-1,-7,-2,0,-1,0,-4,-2,-1,0,0,0,-4,0,0,0,0,1,0,-1,-1,2,0,0,-2,NA,0,6,0,1,0,2,-1,0,1,-1,1,-2,6,-3,3,-3,0,-2,0,-3,0,-6,0,0,4,-2,0,0,-3,0,0,3,0,0,3,-1,4,0,0,-1,2,0,-10,1,2,-8,0,-16,1,-4,18,-3,-13,0,-2,-4,-1,0,-2,-8,0,4,-3,3,8,1,0,0,-2,0,1,-7,-2,-2
77,0,0,0,0,0,0,1,-3,0,0,0,-1,-3,1,0,1,-1,0,0,0,0,0,0,1,2,0,2,0,0,1,0,0,0,0,0,0,0,0,2,0,0,0,-2,0,0,0,2,-1,0,0,0,0,0,2,0,0,0,0,0,0,0,0,-1,0,0,0,0,NA,1,0,0,0,-1,0,0,0,0,1,0,1,0,1,0,0,0,0,0,0,-1,0,0,0,0,0,0,0,0,0,0,0,0,0,0,0,0,0,0,1,0,1,0,-1,0,0,0,0,0,-1,-1,1,0,0,1,0,0,0,0,0,0,-1,0,0,0,0,0,0,0,1,2,0,0
78,0,1,0,1,5,0,3,1,0,0,0,-2,2,0,1,1,-1,-1,0,0,-1,2,0,-2,8,1,0,3,0,0,0,0,0,0,0,1,0,-4,9,0,0,-1,-7,-1,0,0,3,5,3,2,1,0,0,0,0,-2,1,0,-1,-6,2,0,-1,-3,0,0,6,1,NA,1,1,5,0,0,1,0,0,3,0,2,0,0,-1,-2,2,0,0,3,5,0,1,-2,0,0,1,0,0,5,-1,0,6,0,1,0,0,0,1,8,0,3,2,16,0,3,1,1,-2,7,1,-7,0,-1,3,-2,1,0,1,0,0,1,1,0,0,5,-1,1,-1,9,15,0,1
79,0,-1,-1,-1,0,0,1,-1,1,0,0,-1,2,-3,0,-2,0,-1,0,0,0,0,1,-2,2,0,0,0,0,0,0,0,0,0,0,-1,-1,-1,-1,-1,-1,0,2,-1,0,0,-1,-3,1,-2,0,1,0,0,0,0,0,0,0,0,0,2,0,0,0,-1,0,0,1,NA,0,-2,0,0,0,1,0,1,0,1,0,0,0,0,0,0,0,0,-1,0,0,0,1,0,0,-3,0,-4,0,0,0,0,-1,1,0,0,-1,0,0,-1,0,0,3,0,-5,0,-1,0,-4,-4,0,-1,0,0,0,0,2,0,0,0,2,-2,0,0,0,0,0,1,3,-1,0
80,0,0,0,-2,7,0,1,2,1,0,0,2,0,0,0,1,0,2,0,0,0,1,0,0,2,0,1,0,0,2,0,0,0,0,0,0,0,0,4,-1,0,0,2,0,0,-4,1,-2,0,-2,0,0,0,-3,0,0,0,0,0,3,1,-1,0,0,0,0,1,0,1,0,NA,6,0,0,1,0,0,1,1,1,0,-4,0,0,-1,0,0,-2,2,0,0,1,0,0,1,-1,0,0,0,0,-1,2,0,1,0,0,-2,-1,-1,1,0,4,0,0,0,0,1,0,2,0,0,0,-2,1,0,0,0,0,2,0,0,2,0,0,0,0,0,-2,-2,1,0
81,-5,-5,-11,4,24,-3,4,-2,0,0,-2,23,-6,2,0,4,-1,0,-2,-2,-1,0,-6,27,14,-1,46,-3,-1,18,0,0,-3,-4,-3,-16,-2,-4,24,-5,9,-3,-40,2,-4,-22,-5,0,-7,-10,7,2,4,3,4,5,2,0,-4,-38,0,-13,-2,16,-2,0,0,0,5,-2,6,NA,1,0,-1,-2,-1,2,2,16,-3,0,3,-2,-3,1,3,10,30,2,0,0,-8,0,1,-9,0,-1,0,0,45,-10,18,13,-1,-2,2,20,-6,18,5,0,5,-5,-13,5,-12,23,0,0,4,0,-7,-7,-5,-4,11,-1,10,3,-4,15,6,10,0,0,4,27,0,-22,-1
82,0,0,0,0,0,0,0,-1,0,0,-1,1,0,0,0,0,0,0,0,1,0,0,0,0,2,0,0,0,0,0,0,0,0,0,0,0,0,0,4,-1,0,0,0,0,0,0,0,2,0,0,0,0,0,0,0,0,0,0,0,0,0,0,0,1,0,0,2,-1,0,0,0,1,NA,0,0,0,0,0,0,0,0,-1,0,0,0,0,0,0,0,0,0,0,0,0,0,0,0,0,0,0,-1,0,0,0,0,0,0,0,0,-1,0,0,0,0,0,0,0,3,0,1,0,0,1,0,0,0,0,0,0,0,0,0,0,0,0,0,0,0,0,0,0
83,0,0,0,1,0,0,-2,0,0,0,0,-2,-2,0,0,-1,0,0,0,0,0,0,0,0,-2,0,0,0,0,0,0,0,0,0,-1,0,0,-1,0,-2,0,0,-1,0,0,0,-1,-1,0,0,0,-1,0,0,0,0,0,0,0,-1,0,0,0,0,0,0,-1,0,0,0,0,0,0,NA,0,0,0,-1,0,-1,0,-2,0,0,0,0,0,-2,0,0,0,0,0,0,-2,0,0,0,-1,0,-1,0,0,0,0,0,-1,-1,-1,0,0,-1,0,0,0,0,-1,0,0,-5,0,1,-2,0,0,0,0,0,0,0,0,0,0,0,0,0,0,0,-1,0,0
84,0,0,0,1,0,0,-1,1,0,0,0,1,-1,0,0,-1,0,-2,0,0,0,0,0,-1,0,0,1,0,0,0,0,0,0,0,0,1,0,0,0,-1,-1,0,0,0,0,1,0,1,-1,0,0,0,0,1,1,0,0,0,0,1,0,0,1,1,0,1,0,0,1,0,1,-1,0,0,NA,0,0,1,0,-1,-1,0,0,0,-1,1,0,-1,0,0,0,2,0,0,0,1,0,0,0,0,0,1,0,0,0,0,0,0,0,-1,1,1,1,-1,0,0,0,-1,0,1,0,1,1,0,0,0,0,0,0,0,0,3,0,0,0,1,0,-1,-1,0,0
85,0,0,3,4,12,0,-1,-6,2,0,0,1,3,0,2,-2,0,-1,0,-2,0,1,0,0,6,0,0,3,0,0,0,0,0,0,0,0,0,3,2,-3,0,0,-2,0,0,0,-1,1,4,0,0,2,0,0,3,0,-2,0,1,3,4,0,0,-3,0,0,1,0,0,1,0,-2,0,0,0,NA,0,1,1,8,0,2,-1,0,0,0,-1,-10,0,0,-2,-1,-3,0,0,0,0,2,3,0,-4,0,-2,-2,0,0,0,0,0,-2,-1,4,0,-1,-2,2,3,3,-4,2,0,1,-4,-1,1,0,0,0,0,0,0,-2,0,0,0,-1,0,10,-8,0,0
86,0,2,-1,-2,-1,0,-1,1,1,0,0,1,-1,0,0,0,0,0,0,0,0,1,0,0,0,0,0,0,-1,0,0,0,0,0,0,0,0,0,1,-4,0,0,-1,1,0,4,0,1,0,0,0,0,0,0,0,0,0,0,0,0,0,0,1,1,0,0,-1,0,0,0,0,-1,0,0,0,0,NA,-1,0,0,-1,-2,0,0,0,0,0,-4,0,0,0,0,1,0,0,0,0,-2,0,0,0,0,0,1,0,0,0,0,1,2,1,3,0,-1,1,0,0,0,3,1,0,-1,-3,-2,0,0,-1,0,0,0,0,2,0,1,0,0,-2,1,1,0,0
89,0,-2,3,-4,-7,-3,1,-4,0,0,-1,0,3,2,2,0,0,0,-1,1,0,0,1,-3,0,0,0,-2,1,3,-3,0,-1,-1,-1,0,0,4,0,0,-10,0,-5,0,1,-2,-1,-6,0,-2,1,-5,0,-3,2,0,1,0,0,-1,-1,-1,-3,-4,0,-1,1,1,3,1,1,2,0,-1,1,1,-1,NA,-2,5,1,-1,-5,0,1,0,0,0,-6,0,2,0,0,-2,-3,-1,-1,-3,4,0,14,-3,2,2,0,0,-4,0,-2,5,0,-17,0,-1,-1,-1,-1,6,0,-3,-1,1,0,0,0,0,-1,0,-2,0,-2,0,1,-5,0,1,0,0,-1,-1,0
90,0,3,0,0,6,1,0,5,-1,0,-1,4,1,0,-2,-2,0,-1,0,0,-2,-2,0,-2,5,-1,0,1,0,0,4,0,1,0,0,2,0,0,-2,0,-2,0,3,0,0,2,1,6,0,0,0,-2,0,-2,0,0,0,0,0,-4,-2,-1,0,1,0,0,-2,0,0,0,1,2,0,0,0,1,0,-2,NA,0,1,4,-1,0,0,-1,0,6,0,0,1,1,1,0,-3,-2,0,1,-1,0,5,3,1,0,0,0,0,0,-4,0,0,-2,1,3,0,0,0,-2,1,0,1,2,-5,1,0,-1,0,0,2,1,0,-2,-1,4,-1,2,-1,7,3,-6,0
91,0,6,0,0,6,-1,0,-4,3,0,-1,-11,-3,-2,2,-8,0,0,1,-1,0,2,0,-4,7,2,16,-9,0,0,-1,0,1,0,-1,-4,0,0,3,1,3,0,0,-1,0,-2,1,4,0,1,0,-4,0,3,1,-1,0,0,0,-4,0,2,0,5,0,-1,6,1,2,1,1,16,0,-1,-1,8,0,5,0,NA,1,7,5,-1,0,0,0,8,0,-1,-1,-1,2,0,0,-3,0,-1,-1,0,6,0,1,-2,0,0,0,0,0,0,5,21,-1,0,3,0,0,11,4,-13,0,0,-1,1,0,-2,0,0,4,-2,0,4,-1,-3,3,-2,2,11,-11,3,0
92,0,1,-1,-2,-6,0,-3,3,-1,0,0,-3,2,0,-1,0,0,-1,1,0,-1,-1,0,0,4,-1,0,-3,0,0,0,0,1,0,0,0,0,0,-2,2,-1,0,-10,1,0,-2,1,-4,0,0,-2,0,0,0,2,0,0,0,-1,-3,1,0,-3,0,0,0,-3,0,0,0,0,-3,0,0,-1,0,-1,1,1,1,NA,0,-2,0,0,1,1,-3,-6,0,0,-2,2,0,-1,0,-1,-1,-1,0,-5,0,0,0,0,0,-1,0,-2,-6,-2,-4,0,0,-2,0,-2,0,-2,-4,0,0,-1,0,-1,0,2,-1,0,0,1,-2,0,2,0,0,-2,-7,-2,0,0
96,1,-8,1,1,-4,-1,-9,-14,-1,0,-4,-3,0,-4,0,-2,0,0,0,-1,0,0,2,-1,-7,0,-4,-3,0,-4,-1,0,0,-3,0,0,0,-3,-5,-6,-8,2,-13,-1,1,-8,-3,0,-2,-3,1,3,0,-9,0,1,-1,0,-1,3,0,3,-4,5,0,-1,3,1,0,0,-4,0,-1,-2,0,2,-2,-1,4,7,0,NA,-3,0,0,1,-1,-7,7,0,-3,0,-1,0,-2,2,0,-5,0,0,-11,-1,-3,3,0,0,0,2,-6,-6,1,0,2,-2,-10,1,-1,-6,-5,0,-2,0,-11,-2,2,0,-1,0,1,4,1,-6,0,0,4,0,-1,-2,0,-5,-1
98,0,3,1,-1,2,1,0,1,1,0,0,0,-4,4,0,1,0,-4,0,1,0,3,0,-1,1,0,8,3,1,0,0,0,0,-1,0,3,0,1,1,7,2,-1,-3,-4,1,-7,-1,6,-1,0,-1,3,0,4,-1,0,0,0,1,-5,0,-1,6,-1,0,-1,-3,0,-1,0,0,3,0,0,0,-1,0,-5,-1,5,-2,-3,NA,1,0,0,0,1,1,0,2,-2,2,0,-4,0,1,3,-1,0,12,1,3,6,0,0,-2,2,1,1,0,3,2,1,-3,0,2,6,1,11,-2,-1,1,2,1,0,1,0,3,-1,1,2,0,-6,0,2,-1,-2,-4,2,-1
99,0,-2,-1,-1,0,0,-1,-2,0,0,0,0,-1,0,0,0,0,0,0,0,0,1,0,-1,0,-1,-2,0,0,0,0,0,0,0,0,0,0,0,-1,1,-2,0,-1,0,0,-1,0,-3,0,0,0,-1,0,-1,0,0,0,0,0,-1,0,0,0,0,0,0,0,0,-2,0,0,-2,0,0,0,0,0,0,0,-1,0,0,1,NA,0,0,0,-1,0,0,0,0,0,0,0,-1,0,-1,0,0,-3,-1,0,0,0,0,0,-1,1,0,0,0,0,0,-1,0,0,2,-1,-6,0,0,0,0,0,0,0,0,0,0,0,0,0,-1,-1,-1,0,0,1,0,0
101,0,0,0,-1,0,0,0,0,-1,0,0,-5,-1,-1,1,1,0,-3,0,0,1,-1,0,0,-3,0,-3,0,0,0,-1,0,0,0,0,0,0,0,0,-1,1,0,1,0,0,-2,2,-2,0,-1,0,0,-1,1,0,0,0,0,0,-1,0,-1,-1,1,0,0,-2,0,2,0,-1,-3,0,0,-1,0,0,1,0,0,0,0,0,0,NA,0,0,-2,1,0,0,0,-1,0,-1,-2,0,0,0,0,4,2,0,0,0,0,0,-1,1,0,1,0,0,-2,0,0,0,-4,-1,-2,1,1,0,0,0,0,0,0,0,0,0,1,0,0,-1,0,0,-1,0,-1,0
102,0,0,0,0,0,0,0,3,0,0,0,1,-1,-3,0,1,0,0,0,0,0,0,0,0,2,0,0,0,0,0,0,0,0,0,0,0,0,-1,1,0,2,0,0,0,-1,0,-1,1,0,0,0,0,0,0,0,0,1,0,0,0,0,0,1,0,0,0,0,0,0,0,0,1,0,0,1,0,0,0,-1,0,1,1,0,0,0,NA,0,0,1,0,0,-1,1,0,0,0,0,0,0,0,0,0,0,0,0,0,0,0,0,0,0,1,0,0,1,0,0,-1,-2,-1,0,0,0,0,0,0,-3,0,0,0,0,-1,0,0,0,0,-1,-1,-2,0,0
103,0,-3,0,0,-1,0,0,-2,0,0,0,2,0,-2,0,-1,0,0,0,-1,1,0,1,2,-2,0,0,-1,-1,0,-1,0,0,0,1,1,0,0,2,0,-1,0,-3,1,0,1,-1,-3,1,-1,0,1,-1,-1,-1,0,0,0,0,1,-3,0,0,1,0,0,-3,0,0,0,0,3,0,0,0,-1,0,0,0,0,1,-1,0,0,0,0,NA,1,0,0,0,1,0,0,0,-5,0,-1,0,0,0,-1,1,0,0,0,0,0,-1,0,0,-1,1,0,-1,-1,0,5,-1,1,1,0,1,0,0,0,0,0,0,0,0,0,1,-1,0,0,0,0,-1,0,0
104,-2,1,1,5,0,-2,16,-6,3,0,0,17,2,9,0,-15,0,3,0,0,1,-7,0,-6,22,3,27,0,0,3,-6,0,0,0,0,14,0,1,-7,-1,2,1,-23,2,-2,-3,11,-5,5,4,8,0,-2,-1,0,0,0,0,-4,0,-6,2,-3,0,0,5,0,0,3,0,-2,10,0,-2,-1,-10,-4,0,6,8,-3,-7,1,-1,-2,0,1,NA,-5,-1,1,-11,-4,-2,0,-6,1,0,8,0,0,4,8,9,-1,0,-7,8,0,21,3,26,-4,0,-10,0,-3,30,-13,7,0,0,0,-7,-4,0,-4,0,-1,-11,-1,7,1,0,0,1,1,32,18,-13,-2
105,0,1,0,0,20,-2,0,1,-2,0,1,23,5,-3,0,-4,0,4,0,-2,0,4,-1,11,1,-2,8,-1,1,0,1,0,0,0,2,-12,0,0,-7,0,3,0,4,5,-1,11,0,-8,-2,-1,0,4,0,3,-1,-2,0,-1,1,-2,0,0,0,-2,0,1,-6,-1,5,-1,2,30,0,0,0,0,0,-6,0,0,-6,7,1,0,1,1,0,-5,NA,0,0,0,4,0,-2,6,0,1,3,0,5,1,4,1,0,0,0,0,-1,0,2,13,-1,3,1,0,0,26,0,-8,-1,1,4,2,0,-1,0,-1,1,4,0,-3,3,-2,2,-3,-2,5,-14,0,-2
106,0,-1,0,0,1,0,-1,1,0,0,0,-1,0,0,0,0,0,0,0,0,0,1,0,-2,1,0,0,0,0,0,0,0,0,0,0,0,0,0,0,1,0,0,0,1,0,0,1,1,0,0,0,0,0,0,0,0,0,0,0,-1,0,0,0,0,0,0,0,0,0,0,0,2,0,0,0,0,0,0,0,-1,0,0,0,0,0,0,0,-1,0,NA,1,-1,-2,0,0,0,0,0,0,0,0,0,0,0,0,0,0,0,0,0,0,-1,0,1,-1,0,-1,1,0,-2,0,0,-1,0,0,0,1,0,0,0,0,0,0,0,0,0,0,0,-1,0,0
107,0,0,1,-3,-1,0,-1,-2,2,0,0,-3,2,2,1,0,0,1,0,0,0,0,0,-1,-8,1,-1,0,0,1,-1,0,0,0,0,-1,0,-1,-1,-2,-1,-1,5,0,0,0,0,2,1,-1,1,0,0,0,1,0,0,0,0,-1,-1,-2,2,0,0,-1,0,0,1,0,0,0,0,0,0,-2,0,2,1,-1,0,-3,2,0,0,0,0,1,0,1,NA,-3,-1,0,-1,-2,0,-2,2,0,2,2,0,2,0,0,0,-1,1,1,0,0,1,0,-3,0,-1,3,0,-2,0,0,-3,-2,1,0,0,0,0,0,0,3,0,0,-1,0,-2,2,0,1,0
110,0,10,0,-1,-3,1,-6,-11,1,0,1,-9,0,-5,0,-4,0,0,-1,1,0,0,1,-2,2,2,4,1,0,2,0,0,0,-2,0,-4,0,5,-10,-5,6,2,1,5,-1,-7,1,0,-2,3,-2,-1,0,-4,1,1,1,0,0,-4,0,-2,4,0,0,0,4,0,-2,0,1,0,0,0,2,-1,0,0,1,-1,-2,0,-2,0,0,-1,1,-11,0,-1,-3,NA,-2,0,-2,-7,0,-2,0,0,-5,5,-3,1,0,0,0,-2,0,-1,6,0,-2,-2,-3,2,-3,-2,-2,0,-1,0,-5,0,0,-1,-1,0,-3,1,-4,-9,1,-4,0,0,-3,-1,0,3,0
111,0,0,-3,2,7,1,-1,4,-1,0,0,0,-1,-2,1,0,0,-5,0,0,0,0,0,3,0,0,-1,-1,0,1,-3,0,0,0,-1,-5,0,0,6,0,-3,0,3,0,0,-4,0,-3,0,0,1,-1,0,-1,1,0,-1,0,0,0,1,0,-4,-3,-1,0,-2,0,0,1,0,-8,0,0,0,-3,1,0,1,2,2,-1,2,0,-1,1,0,-4,4,-2,-1,-2,NA,0,1,1,0,0,1,0,5,0,1,-4,0,0,-1,3,-1,0,0,19,-1,0,-6,0,1,12,0,-1,-2,0,0,-6,0,0,3,0,3,0,-1,0,-1,1,1,0,0,0,2,-5,-1
112,0,-1,0,0,-2,0,0,0,-1,0,0,1,0,1,0,-1,0,0,0,0,0,-1,1,-1,-5,0,0,0,0,0,0,0,0,0,0,0,0,0,0,1,-1,0,1,0,0,0,-1,-1,0,0,0,-1,-1,0,0,-1,0,0,0,1,0,0,0,1,0,0,0,0,0,0,0,0,0,0,0,0,0,-2,0,0,0,0,0,0,0,0,0,-2,0,0,0,0,0,NA,0,-2,0,1,0,0,1,0,0,0,0,0,0,0,0,0,1,-2,0,1,0,0,0,0,-1,0,0,0,1,0,0,0,0,0,-1,0,0,0,0,1,0,0,0,0,0,-1,0
113,0,-1,-5,-1,0,0,-2,-9,-1,0,0,-4,0,2,2,-1,0,-1,0,0,0,-2,0,-4,-2,0,0,0,0,2,-1,0,0,3,0,-3,0,3,-4,0,-6,0,-9,0,0,1,-1,-1,0,-1,-1,0,0,-2,0,0,0,0,0,0,-1,-1,-1,0,0,-3,0,0,1,0,1,1,0,-2,0,0,0,-3,-3,0,-1,-2,-4,0,-1,0,0,0,-2,0,-1,-2,1,0,NA,-5,0,1,2,0,0,2,0,0,0,0,2,3,0,-5,-1,-18,-1,0,-9,0,-7,0,-1,-10,0,3,-4,1,0,-4,-1,0,2,-1,-2,-6,-2,0,0,-1,0,-11,-10,-1,0
114,-2,-13,-3,2,-3,0,3,-10,-2,0,0,-7,0,-6,0,-1,0,5,1,3,2,0,0,0,-15,3,0,-2,0,0,0,0,0,0,-1,2,-1,6,-4,-5,0,-1,-7,-3,-2,-7,-2,-16,0,1,-3,-2,0,0,3,-2,1,0,0,-15,-2,0,-3,9,0,0,-3,0,0,-3,-1,-9,0,0,1,0,0,-1,-2,-3,0,2,0,-1,-2,0,-5,-6,6,0,-2,-7,1,-2,-5,NA,-1,-5,-1,0,8,0,0,-1,0,0,-3,1,-1,-11,5,-3,0,-2,-5,1,4,-7,-3,-18,3,0,-19,-2,1,0,-3,0,0,1,-1,2,0,-7,1,-3,-3,3,-2,0,0
115,0,1,0,0,2,0,0,0,0,0,0,-1,-1,0,1,0,0,-1,0,0,0,0,0,1,3,0,0,0,0,0,0,0,0,0,0,1,0,0,0,0,-1,0,-2,1,0,0,0,1,0,0,0,0,0,0,-1,0,0,0,0,-1,-1,0,0,-1,0,0,0,0,0,0,0,0,0,0,0,0,0,-1,0,0,-1,0,1,0,0,0,0,1,0,0,0,0,0,0,0,-1,NA,0,0,0,0,2,1,0,0,0,0,0,0,0,0,0,0,1,1,0,0,0,-1,1,0,-1,2,2,0,-1,0,0,0,0,0,0,-1,0,1,-1,0,-2,-1,0,1
117,0,0,0,2,23,0,0,-4,-6,0,-2,15,18,-2,1,-1,-2,0,-1,-2,0,-2,4,12,8,0,6,-2,4,-3,1,0,-1,-1,-1,15,0,-6,-5,7,-10,1,0,-2,0,-9,-2,2,-1,5,0,3,0,-2,-3,-2,0,0,0,14,2,-3,-4,8,-1,1,0,0,5,-4,0,-1,0,0,0,2,-2,-3,1,-1,-1,-5,3,-1,0,0,-1,0,1,0,-2,-2,0,1,1,-5,0,NA,0,0,3,-1,0,0,0,0,0,0,-3,6,2,19,2,0,0,1,-2,15,11,-2,-5,1,-4,-1,2,0,1,0,6,-4,-1,-2,-1,-2,0,2,0,-8,2,-13,-2
119,0,-5,1,1,6,1,1,2,0,0,1,7,4,0,0,-5,0,0,0,2,0,0,-1,3,1,0,4,3,0,1,0,0,0,0,-1,-4,0,-3,-1,6,-2,0,-2,0,-1,-2,0,0,0,2,-1,-1,0,1,0,-2,1,0,0,1,0,2,1,1,0,0,3,0,-1,0,0,0,0,-1,0,3,0,4,-1,-1,-1,0,-1,0,0,0,0,8,3,0,2,0,1,0,2,-1,0,0,NA,0,4,0,-1,-1,0,0,0,0,3,9,1,0,1,0,3,0,2,8,-4,0,-1,0,-1,0,0,-2,2,0,-1,0,0,8,1,-1,-2,0,1,0,0,3,-1
120,0,0,0,0,0,0,0,1,0,0,0,1,1,0,0,0,0,1,0,0,0,1,-1,0,1,0,1,0,0,0,0,0,0,0,0,1,0,0,0,0,0,0,0,0,0,0,0,0,0,0,0,0,0,0,0,0,0,0,0,0,0,0,0,0,-1,0,0,0,0,0,0,0,0,0,0,0,0,0,0,0,0,0,0,0,0,0,0,0,0,0,0,0,0,0,0,0,0,0,0,NA,0,0,0,0,0,0,0,0,0,0,0,0,0,0,0,0,0,0,0,0,0,0,1,1,0,0,0,0,0,0,0,0,0,0,0,0,0,-1,0,1,0
121,-1,2,4,3,0,3,26,-15,-1,1,0,28,20,23,1,3,0,1,0,0,1,8,0,14,24,-1,6,0,1,1,2,0,0,1,0,0,0,2,-9,-14,-9,1,11,-3,0,-2,-9,18,-1,4,4,0,-2,10,0,0,0,0,-2,0,-4,-6,13,0,-1,-1,0,0,6,0,-1,45,-1,-1,0,-4,0,14,5,6,-5,-11,12,-3,4,0,0,0,5,0,2,-5,5,1,0,8,0,3,4,0,NA,-2,3,6,0,-2,3,10,0,7,1,19,6,0,-2,2,-6,27,-5,8,0,2,-12,-4,1,-3,3,0,3,8,0,4,4,0,0,-4,3,34,10,9,-1
122,-1,5,0,0,7,0,-7,-1,-1,0,0,5,-4,1,-2,5,0,1,0,-5,1,-3,0,-3,1,-3,0,-5,0,-2,0,0,0,0,0,-2,0,5,-1,-5,0,2,-6,-2,-1,-5,-1,4,-2,0,0,-1,0,0,-2,-4,0,0,0,-3,-5,0,7,2,-1,0,3,0,0,0,2,-10,0,0,1,0,0,-3,3,0,0,-1,1,-1,2,0,-1,4,1,0,2,5,0,0,2,0,2,-1,0,0,-2,NA,-1,2,0,0,-2,1,0,1,2,3,0,-3,-7,-1,2,-6,2,-4,4,1,3,-3,1,0,0,0,0,-1,0,-10,0,5,-2,-1,-2,4,5,0,-2
126,0,-5,0,0,7,-1,-10,-7,1,0,0,-4,3,0,-2,5,0,3,0,-1,0,-2,0,4,1,0,-1,0,0,3,-1,-1,0,0,0,-2,0,1,0,-3,-1,1,1,2,-1,-8,0,2,-3,1,-2,2,0,-1,2,-1,-1,0,0,3,-3,3,8,3,0,0,-1,0,1,-1,0,18,0,0,0,-2,0,2,1,1,0,-3,3,0,0,0,1,8,4,0,0,-3,1,0,0,0,1,0,-1,0,3,-1,NA,1,0,0,1,3,-1,1,1,-3,0,3,0,2,1,-8,3,-2,0,-1,-4,2,0,0,-3,0,0,1,2,2,0,0,1,1,-2,1,1,-1,-1
127,0,0,0,1,8,1,1,0,2,0,0,0,0,0,0,0,0,2,0,0,0,0,-1,1,9,1,4,-2,0,1,0,0,0,0,0,0,0,0,4,-7,-1,0,4,0,0,-7,0,1,1,-1,-1,-2,0,-2,-2,1,0,0,-2,-1,-2,0,-1,7,0,1,4,0,0,1,1,13,0,0,0,-2,1,2,0,-2,0,3,6,0,0,0,0,9,1,0,2,1,-4,0,0,-1,0,0,-1,0,6,2,1,NA,0,0,0,0,-4,-1,1,6,0,1,0,0,0,4,3,-1,0,0,-5,-4,0,1,0,-1,0,3,0,3,1,4,0,0,1,6,2,-2,1
131,0,0,0,0,-1,0,0,0,0,0,0,0,0,0,0,0,0,0,0,0,0,0,0,0,-1,0,-1,0,0,0,0,0,0,0,0,0,0,0,0,-1,0,0,0,0,0,0,0,0,0,0,0,0,0,0,0,0,0,0,0,0,-1,0,0,0,0,0,0,0,0,0,0,-1,0,0,0,0,0,0,0,0,0,0,0,0,0,0,0,-1,0,0,0,0,0,0,0,0,0,0,0,0,0,0,0,0,NA,-1,0,0,0,0,0,0,0,0,0,0,0,0,0,0,0,0,0,0,0,0,0,0,0,0,0,0,0,0,0,0,0,0,0,0,0
133,0,0,-1,0,-2,0,-1,0,0,0,0,0,0,0,0,0,0,-1,0,0,0,0,0,0,0,0,0,0,0,0,0,0,0,0,0,0,0,-1,0,0,0,0,-2,0,0,0,0,-1,0,0,0,0,0,0,0,0,0,0,0,0,-1,0,0,-1,0,0,0,0,0,0,0,-2,0,0,0,0,0,0,0,0,0,0,0,0,0,0,0,0,0,0,0,0,0,0,0,0,0,0,0,0,-2,0,0,0,-1,NA,0,0,0,0,0,0,0,1,0,0,0,0,0,0,0,0,-1,1,0,0,0,0,0,0,0,-1,0,0,0,0,0,0,0,0,0
134,0,1,0,0,1,-2,0,-5,0,0,0,3,3,3,-1,-4,0,0,-1,1,0,1,1,1,7,0,1,0,0,0,-1,0,0,0,-2,-2,0,0,1,-3,-3,0,-3,0,0,-2,1,-4,1,-3,0,-1,0,2,1,0,0,0,0,-5,-1,0,0,4,0,1,-1,0,1,-1,-2,2,0,-1,0,0,0,-4,0,0,-1,0,-2,0,0,0,0,-7,0,0,0,0,-1,0,2,-3,0,0,0,0,3,-2,1,0,0,0,NA,0,2,0,0,-4,-4,0,2,0,0,-4,-5,1,0,0,2,-1,0,0,0,0,0,-1,0,0,0,0,0,0,-2,0,-4,-1,0
136,0,-2,0,0,10,1,0,0,2,0,0,10,2,2,-1,6,0,-2,0,2,-1,2,-1,7,4,1,8,-1,-1,0,-2,0,0,0,1,-3,1,0,-6,9,2,0,1,0,0,4,0,1,2,0,0,3,-1,-5,0,0,0,0,-1,-5,-3,2,0,0,0,0,2,1,8,0,-1,20,0,-1,0,0,0,0,0,0,0,2,2,-1,-1,0,0,8,0,0,-1,-2,3,0,3,1,0,0,0,0,10,1,3,0,0,0,0,NA,1,0,0,11,0,4,-1,0,0,15,-2,3,1,1,-4,-2,0,0,0,0,0,-1,0,1,0,-6,2,3,0,1,1,-4,-1
141,0,0,-5,-1,0,-1,4,-7,-1,0,0,1,-8,2,1,-3,0,-2,0,0,1,0,0,1,-5,0,-5,0,0,1,0,0,0,-1,0,-3,0,0,-5,-3,-11,-1,2,-1,1,-1,0,-5,2,1,-1,0,0,-2,0,0,0,0,0,0,-1,0,2,0,0,1,0,0,0,0,-1,-6,0,-1,0,0,1,-2,-4,0,-2,-6,1,1,1,0,-1,0,-1,0,1,0,-1,0,0,-1,0,-3,3,0,0,0,-1,-4,0,0,2,1,NA,0,1,1,-1,0,-1,0,-2,0,-2,-7,0,-1,-7,1,0,0,0,0,-1,0,1,-8,0,0,0,0,-1,-7,-11,-7,0
142,0,1,0,0,18,-3,0,0,2,0,-1,31,0,2,3,11,-1,-3,-1,0,2,-8,0,1,-9,-4,28,-5,1,0,3,0,0,0,1,12,0,0,5,-1,3,0,-15,-3,0,5,1,-13,0,-4,0,-6,-2,7,2,-1,0,-1,-4,-9,2,1,0,12,0,-2,-10,1,3,-1,1,18,-1,0,-1,-2,2,5,0,0,-6,-6,1,0,0,0,0,21,0,0,1,-1,0,0,-5,-11,0,6,9,0,7,1,1,-1,0,0,0,0,0,NA,2,20,-1,-7,-4,0,0,29,-6,12,1,2,-8,-1,0,-3,0,1,-8,10,0,2,0,-6,2,-4,-2,14,1,1,3
143,0,0,0,1,10,-2,-1,1,0,0,0,0,-1,-1,1,0,0,5,0,0,1,-2,0,2,0,0,3,2,-1,0,2,0,0,-1,0,-2,0,0,2,0,2,0,3,0,0,0,1,-1,0,0,-1,-1,1,-6,2,-3,1,0,0,2,0,1,2,4,-1,2,1,0,2,0,0,5,0,0,1,-1,1,0,0,5,-2,1,0,0,1,0,0,3,2,0,0,6,0,1,-1,5,0,2,1,0,1,2,1,1,0,0,0,0,1,2,NA,1,1,-1,-6,1,0,0,0,-2,0,0,0,-2,-2,0,0,-1,0,0,0,0,1,-1,1,-1,0,0,2,1,0
145,2,18,10,1,41,1,9,0,-3,0,-1,30,6,-8,0,7,-1,0,5,6,0,0,1,-3,25,-2,24,-2,-1,2,-8,0,0,0,-3,12,0,9,11,2,8,-1,1,0,4,-12,-1,0,1,2,2,-1,-2,2,-6,-4,1,0,-2,-10,0,0,4,5,0,-3,2,-1,16,0,4,0,0,-1,1,4,3,-17,-2,21,-4,0,3,0,0,1,-1,26,13,-1,0,0,19,-2,-18,-3,0,19,0,0,19,3,-3,6,0,0,-4,11,1,20,1,NA,2,3,-7,-3,1,57,13,0,0,0,-19,-2,5,-4,-5,0,9,2,-3,11,4,5,3,0,1,16,0,5,0
150,1,4,-7,-3,4,0,7,-5,-2,0,0,-6,2,-2,0,-6,-1,-5,0,1,0,-2,0,2,-4,1,0,-2,1,0,0,0,0,0,-1,-3,0,2,0,-3,0,0,-9,1,0,-8,2,-1,0,0,2,1,0,0,0,-1,0,0,1,2,0,0,1,-1,0,0,-8,0,0,3,0,5,0,0,1,0,0,0,1,-1,0,2,2,0,0,0,1,-4,-1,0,1,-2,-1,0,-1,0,0,2,1,0,6,0,0,0,0,0,-4,0,-1,-1,1,2,NA,1,-4,-1,1,0,-2,-10,-1,2,0,0,-1,0,3,0,0,0,3,6,0,-2,1,-1,0,11,0,0,-1
154,0,-1,1,-1,0,-1,-2,-4,0,0,0,1,-6,-4,0,0,0,-1,0,0,-2,2,1,-3,-9,0,-1,0,0,2,-2,0,0,2,0,-2,0,-1,-2,1,-1,-2,-1,0,1,0,-4,-9,-1,0,-3,0,0,0,0,0,1,0,0,0,2,0,-2,0,0,0,0,0,3,0,0,-5,0,0,-1,-1,-1,-1,3,0,0,-2,1,0,-2,0,0,0,3,1,0,-2,0,1,0,-2,1,0,0,0,0,-3,3,1,0,1,0,4,0,-7,-1,3,1,NA,1,0,0,-5,6,2,0,-3,-6,1,-3,1,-1,0,2,-2,-3,-2,0,0,0,-1,0,-4,-4,-2,0
157,0,1,-1,3,4,-2,0,0,-4,0,-1,-12,0,-5,0,-2,0,-5,1,2,-3,0,1,-5,-9,-3,18,-2,-1,2,-10,0,-1,-1,1,-7,0,2,-2,-5,-7,0,-15,-3,0,-14,-5,-13,4,-3,2,1,-1,-7,0,3,0,0,1,-6,-3,-9,-1,-8,0,-2,-16,0,1,-5,0,-13,0,0,0,-2,1,-1,0,3,-2,-10,-3,-1,0,1,-1,-10,1,-1,-3,-3,-6,0,-9,-5,1,0,3,0,-2,-7,0,0,0,0,2,-1,-1,-4,-6,-7,-4,1,NA,0,-2,-6,-4,-11,-2,-3,-6,1,0,-2,0,0,-1,0,1,-5,4,-6,-2,0,2,-7,-9,-3,2
161,0,1,0,0,6,-1,-1,-1,0,0,0,2,1,1,2,1,0,2,0,-1,1,0,0,-2,3,0,2,0,0,0,1,0,0,0,1,4,0,0,1,3,-1,0,0,0,0,-1,0,3,1,0,0,0,0,1,0,0,0,0,1,0,0,-1,0,-1,0,1,1,0,1,0,0,5,0,0,0,2,0,-1,0,0,0,1,0,0,0,0,-1,0,0,0,0,2,0,0,0,1,0,1,0,0,2,-1,2,0,0,0,0,0,0,0,1,-3,-1,0,0,NA,0,5,-1,1,0,0,2,-1,0,0,0,0,2,0,0,-1,0,2,0,0,1,3,1,1,0
163,0,10,0,0,-3,-1,0,-4,-1,0,-1,-8,-1,-11,-1,-14,0,0,-1,1,-1,-3,3,2,-7,-3,10,1,0,0,-1,0,0,0,-1,1,0,0,-9,2,0,0,1,2,0,-3,3,0,-1,-2,0,2,-1,1,0,0,0,0,0,0,-1,-1,0,-3,0,-1,-4,0,-2,-1,1,-12,0,-1,0,3,0,-1,0,0,-2,-1,2,0,0,0,0,-3,0,-1,-1,-3,1,0,-7,4,0,-2,2,0,-6,2,1,0,0,0,0,0,-2,0,0,1,1,0,-2,0,NA,0,-4,-10,-2,3,4,1,0,0,0,0,-2,2,0,4,-1,-6,2,1,1,2,3,-4,0
164,0,9,2,4,26,2,9,3,-2,0,1,14,-16,7,-2,9,0,-2,2,-1,2,-2,1,0,19,4,21,-3,2,8,4,-1,0,-6,2,0,1,6,13,5,0,-6,-4,4,0,-8,4,28,-6,-5,7,-3,3,-1,-5,2,-2,0,-3,15,-3,-4,3,2,-1,1,18,-1,7,0,0,23,3,0,-1,3,0,6,-2,11,0,-6,6,2,-4,-1,5,30,26,1,3,-2,12,0,0,-7,0,15,8,0,27,-6,-8,4,0,0,-4,15,0,29,0,57,0,-5,-6,5,0,NA,6,6,-6,3,1,4,1,2,14,1,-1,18,-3,13,0,9,1,8,3,17,6,-3,2
201,-2,1,3,1,2,2,-6,-23,1,0,-1,0,-4,-8,0,0,0,1,2,4,0,3,-1,-13,0,1,5,0,2,5,13,0,0,-5,-1,10,0,-4,-8,0,-11,2,-8,0,-3,-7,1,-7,0,-3,5,-1,0,-3,-3,-1,1,1,0,-12,-4,2,-1,5,0,-1,-3,-1,1,-4,2,0,0,0,0,-4,3,0,1,4,-2,-5,1,-1,-1,-2,-1,-13,0,0,0,-2,0,-1,-1,-3,-1,11,-4,0,-5,2,3,3,0,0,-5,-2,-2,-6,0,13,-2,6,-4,-1,-4,6,NA,-10,1,3,0,-15,0,-1,-1,-1,-4,0,-4,0,-3,0,-3,-5,0,0,-8,-5,0
202,0,2,-1,-2,36,1,18,-27,-3,0,-4,0,-11,14,0,0,-2,0,-1,-2,-1,0,2,-8,6,-4,4,-2,0,-3,-2,-1,-1,1,1,11,0,-6,-7,0,-11,-3,-2,-2,1,2,4,0,-10,0,1,1,-1,-7,-8,2,2,0,-3,-7,0,3,9,3,0,0,-13,1,-7,-4,0,0,1,-5,1,2,1,-3,0,-13,-4,0,11,-6,-2,-1,1,7,-8,-2,-2,0,-1,0,-10,-18,1,-2,0,0,8,-4,-2,-1,0,0,1,3,-7,12,-2,0,-10,2,-11,1,-10,6,-10,NA,0,0,-5,-1,-1,-1,-5,0,3,0,-1,-2,3,-8,1,0,-3,8,0,-1,-2
203,0,0,0,-1,0,0,3,-3,0,0,0,-2,1,1,-1,1,0,1,0,0,0,0,-1,-1,4,-1,-1,0,0,2,1,0,0,0,0,2,0,-1,1,2,-2,1,-1,0,0,0,2,-3,0,-1,0,0,0,1,0,0,0,0,0,0,0,1,-2,0,0,0,0,0,0,0,0,4,0,0,0,0,0,-1,1,0,0,-2,-2,0,1,0,1,0,-1,0,0,-1,-2,0,0,3,0,-5,-1,0,0,4,0,0,0,0,0,1,0,1,0,0,-1,0,-2,0,-2,-6,1,0,NA,0,-4,0,0,0,-3,0,3,1,0,0,-1,0,0,1,0,2,0,0,-1
222,0,2,-1,1,2,0,-3,-2,-1,0,0,-4,1,3,0,1,0,0,0,-1,0,0,1,-7,-4,-1,2,-1,0,0,3,1,0,-2,1,0,0,0,0,3,2,0,1,-1,0,0,3,0,1,1,0,-1,0,1,0,0,1,1,0,5,0,0,1,1,0,0,-2,0,-1,-1,0,0,0,1,1,1,-1,1,2,0,0,0,-1,0,1,0,0,0,1,0,0,0,0,0,3,0,-1,1,0,0,2,1,-1,0,0,0,0,1,-1,2,0,0,2,-3,-3,0,3,3,3,0,0,NA,5,0,-3,1,0,0,1,1,1,1,-1,1,1,0,0,0,0,0,0
223,-1,3,-3,-1,9,-2,0,-27,1,0,-1,0,6,9,-4,0,-1,-6,0,-1,0,4,-1,-4,0,3,4,-2,2,5,0,-1,-1,0,1,-5,0,-5,-9,0,-1,-1,-4,0,-3,-11,-6,-2,0,4,-4,1,-1,0,-3,-1,-3,0,-1,-13,0,0,-3,-4,1,-2,-4,1,3,0,-2,-7,1,-2,1,-4,-3,0,-5,-1,-1,-11,1,0,0,0,1,0,4,-1,-3,-5,0,1,-4,-19,2,-4,-1,1,-12,3,-4,-5,0,-1,2,-4,-7,-8,0,-19,0,-6,-6,2,4,1,0,-5,-4,5,NA,-2,-3,-3,-5,0,-5,0,2,0,-5,3,-2,-1,0,0,-15,-10,0
236,0,10,0,-4,-11,0,0,-5,-1,0,0,-7,-5,-1,0,1,0,0,0,0,0,-1,-1,-3,1,1,13,-1,0,-1,0,-1,0,-1,3,2,-1,1,-3,1,-5,-1,2,-2,-1,-8,-1,-1,0,-2,-2,0,-1,5,-1,0,-1,0,0,-11,0,-4,1,0,0,-1,-1,0,-2,0,1,-7,0,0,0,-1,-2,0,1,1,0,-2,2,0,0,0,0,-7,2,0,-2,0,-6,0,1,-2,2,-1,0,1,-4,-3,2,-4,0,1,-1,-2,1,-1,-2,-2,0,1,1,-1,1,4,-15,-1,0,0,-2,NA,1,0,1,0,-4,2,0,0,0,0,0,0,0,1,-2,0,-2
238,0,2,0,0,0,0,0,5,0,0,0,1,-1,-1,0,-1,0,1,0,0,-1,0,0,-3,0,0,-2,2,-1,0,-2,0,0,0,0,1,0,0,-1,0,0,0,-3,0,0,-3,1,0,0,0,0,0,0,-2,1,-1,0,0,-1,1,0,0,0,2,0,0,0,0,1,0,0,-5,0,0,0,1,0,0,0,0,-1,2,1,0,0,0,0,-4,0,0,1,0,0,0,0,1,0,2,0,0,1,1,0,0,0,0,0,0,0,0,-2,5,-1,-3,0,0,0,1,0,-1,0,-3,-3,1,NA,0,-1,0,0,2,0,-4,0,-2,0,0,2,4,0,2,0
240,0,2,0,0,0,0,7,2,0,0,-1,-3,-3,0,1,-2,0,2,0,0,1,0,0,-1,-3,0,0,0,0,1,0,1,0,0,1,-1,0,-2,-2,1,0,0,-2,1,0,0,2,-3,0,0,0,1,0,0,0,0,-1,0,0,0,0,0,2,0,0,0,-2,0,0,0,0,-4,0,0,0,0,0,0,-1,-2,0,0,0,0,0,0,0,0,-1,0,0,-1,0,0,-4,0,-1,0,-2,0,-3,0,0,1,0,0,0,0,0,-3,0,-4,0,1,-2,0,0,2,-1,-1,0,1,-3,0,0,NA,0,0,0,0,-1,0,0,0,-2,0,0,4,4,0,0
245,0,1,0,1,5,1,0,0,0,0,0,4,0,2,1,-3,0,-3,0,0,0,0,-1,-4,-4,0,0,-2,0,0,-2,0,-1,-1,0,-2,0,0,5,-1,-7,0,-2,2,0,-2,1,-6,1,-1,0,1,0,-2,-1,0,0,0,0,-5,1,1,0,2,0,1,-8,0,1,2,0,11,0,0,0,0,-1,-1,0,0,2,-1,1,0,0,-3,0,-4,0,1,0,-1,3,0,-1,-3,0,1,2,0,3,0,-3,0,0,0,0,0,0,0,0,-5,3,-1,0,0,0,14,-1,-5,-3,0,-5,1,-1,0,NA,0,3,-1,0,-8,-2,1,-1,-1,1,3,-1,1,-1
254,0,0,0,1,0,0,0,0,0,0,0,0,0,0,0,0,0,0,0,0,0,0,0,1,2,0,0,0,0,0,0,0,0,0,0,0,0,0,0,0,1,0,-1,0,0,0,-1,1,0,0,0,0,0,0,0,0,0,0,0,0,0,0,0,0,0,0,0,0,0,0,0,-1,0,0,0,0,0,0,0,0,-1,0,0,0,0,0,0,0,-1,0,0,0,0,0,0,0,0,0,0,0,0,0,0,-1,0,0,0,0,0,1,-1,0,0,0,0,0,0,1,-1,0,0,0,0,0,0,0,0,NA,0,0,0,0,0,0,0,0,0,0,0,0,0
266,0,-2,1,2,1,0,0,-8,-1,0,-1,14,-1,-1,5,2,0,-2,0,2,0,1,0,-4,5,-3,0,-2,0,2,0,0,-1,0,-2,2,0,-3,3,3,0,-1,-2,2,-2,3,4,-10,0,0,-2,1,0,0,0,1,0,0,0,-7,-3,0,1,-1,0,0,4,0,0,0,2,10,0,0,0,0,0,-2,2,4,0,1,3,0,0,0,0,-1,1,0,0,-3,3,-1,2,0,0,6,-1,0,3,0,0,0,0,0,0,0,-1,-8,0,9,0,2,-1,2,-2,-1,-4,3,3,1,-5,-4,0,0,3,0,NA,3,1,-3,0,3,0,0,-4,-3,-3,0,0
267,0,-1,1,3,5,-1,2,2,-1,0,0,0,-4,-3,2,0,-1,3,0,0,0,-1,0,-2,0,0,4,1,0,1,0,0,0,0,0,6,0,1,8,0,1,0,-3,0,0,0,0,-2,0,-1,-4,-1,-1,-1,-1,1,0,0,0,5,0,-2,1,4,0,-1,-3,-1,1,0,0,3,0,0,0,0,0,0,1,-2,0,4,-1,0,0,0,0,-11,4,0,0,1,0,0,-1,1,0,-4,0,0,8,-1,1,3,0,0,-1,-1,0,10,0,2,0,-2,0,0,2,18,0,0,1,1,0,2,2,0,-1,0,3,NA,-1,0,0,3,1,0,0,0,0,-2,0
268,0,0,0,0,-4,-1,0,1,0,0,-1,-6,0,3,0,-2,0,-3,0,3,0,0,0,1,2,0,-3,-1,0,0,3,0,0,0,-1,-3,0,0,0,0,-4,0,1,-1,0,-6,-3,6,-1,0,0,0,0,0,-2,0,0,0,0,-5,0,0,0,2,0,-1,3,0,1,2,0,-4,0,0,0,0,0,-2,0,0,1,1,1,0,0,0,0,-1,0,0,0,-4,-1,0,-2,-1,0,-1,0,0,0,0,2,0,0,0,0,0,1,0,0,-3,3,-3,1,0,0,-3,-4,-1,0,1,2,0,0,-1,0,0,1,-1,NA,2,0,1,-1,1,2,-1,-4,-2,0
412,1,-10,-2,-3,8,-3,15,-6,0,0,-1,0,-12,2,1,0,0,-8,-1,1,1,-3,-1,-21,0,-1,10,-2,0,0,-5,-1,1,0,-1,7,0,-1,-3,0,-9,-2,-10,0,1,9,5,3,0,-2,7,-3,1,0,-1,1,2,0,0,-9,-6,0,5,6,0,2,8,0,0,-2,2,15,0,0,3,-2,2,0,-2,4,-2,-6,2,0,1,-1,0,7,-3,0,3,-9,0,0,-6,2,0,-2,8,0,4,-10,2,3,0,-1,0,1,-8,2,0,11,6,-2,-5,-1,4,13,0,-2,0,1,0,0,-4,0,-8,0,-3,0,2,NA,3,-1,-3,0,0,0,-12,-4,0
420,-1,1,-1,0,1,0,6,1,0,0,0,6,-2,3,-1,-1,0,-1,0,0,0,1,0,-1,5,0,0,-2,0,2,0,0,0,0,0,0,0,1,2,-1,0,1,0,0,0,4,-1,-1,0,0,1,0,0,0,1,3,1,0,0,2,0,0,0,4,0,0,1,0,0,0,0,6,0,0,0,0,0,1,-1,-1,0,0,0,0,0,0,1,1,3,0,0,1,-1,0,-2,0,-1,-1,1,0,4,0,0,1,0,0,0,0,0,0,1,4,0,0,4,0,-1,0,-3,3,-1,-1,-5,0,0,0,-2,0,0,0,0,3,NA,-1,0,1,1,9,2,0,0
421,-2,0,-1,-1,0,2,2,1,-2,0,0,-6,-6,-5,3,0,0,-4,0,0,0,2,1,-4,-3,-1,7,0,1,5,3,0,0,-1,0,-2,0,3,4,-5,-6,0,1,-2,1,1,2,-6,-1,1,0,0,1,-3,0,0,-1,0,1,0,-2,0,1,0,0,-2,0,0,5,0,0,10,0,0,0,0,1,-5,4,-3,2,0,-6,-1,0,0,-1,0,-2,0,0,-4,1,1,0,-7,0,-2,-1,0,0,5,0,4,0,0,0,-6,0,-6,-1,5,-2,0,-6,2,-6,9,0,-8,0,1,3,0,-2,0,1,0,3,3,1,-1,-1,NA,0,0,3,4,-5,-5,0
427,0,0,0,1,0,0,-1,2,0,0,0,6,2,2,1,3,0,2,0,0,-1,-1,0,2,6,1,-1,0,0,1,0,0,0,0,0,2,0,-5,1,-1,5,0,-5,0,1,0,0,2,1,0,1,0,0,-1,0,0,1,0,-1,0,0,0,1,0,0,0,0,0,-1,0,0,0,0,0,0,0,0,0,-1,3,0,4,0,-1,-1,0,0,0,2,0,-1,0,1,0,0,1,1,0,-2,0,0,-2,1,0,0,0,0,2,0,2,1,3,1,0,-2,0,2,1,-3,1,0,1,-2,0,0,-2,-1,0,0,1,-1,-3,0,0,NA,-1,0,0,-2,0,-1
429,0,-1,-1,-1,-4,2,1,-7,-1,0,0,-3,-1,-3,0,-1,0,0,0,-1,0,0,0,-3,-1,0,0,-1,0,1,1,0,0,1,1,3,0,-3,-5,3,-6,0,-6,0,0,-1,0,0,0,-1,2,-1,-2,-2,-1,-1,-1,0,-1,-2,0,1,0,0,0,0,-2,0,1,0,0,0,0,0,1,-1,0,1,2,-2,0,0,2,-1,0,0,0,1,-3,0,0,0,0,0,-1,-3,-1,2,0,0,-4,-1,1,0,0,0,0,3,0,-4,-1,0,-1,-1,0,0,1,8,-5,0,1,0,-1,0,0,0,-1,0,0,0,1,0,1,0,-1,NA,1,-3,0,0,0
432,0,2,0,0,3,0,-2,5,0,0,-2,0,-5,-2,-1,0,0,1,0,0,0,1,0,2,0,0,1,0,-1,0,-1,0,0,-1,0,1,0,0,5,0,2,-1,-1,0,0,-2,2,4,0,-1,1,0,0,1,1,0,0,0,0,0,-1,0,2,2,0,1,0,0,-1,0,0,4,0,0,0,0,-2,0,-1,2,-2,-1,-1,0,0,-1,0,1,-2,0,-2,-3,0,0,0,-3,0,0,1,0,3,-2,-2,1,0,0,-2,0,-1,-2,0,1,0,0,2,1,1,3,0,-3,0,0,0,0,2,0,1,0,-4,0,2,0,1,3,0,1,NA,0,0,1,0
497,1,-1,0,-1,40,3,13,9,0,0,0,0,16,21,-3,0,0,6,0,3,0,-4,0,-4,0,0,41,3,-1,4,4,0,-1,0,0,6,0,13,-1,0,0,0,-12,0,4,0,9,-7,0,-6,-1,-8,-7,-7,-2,-1,-4,-1,0,-11,-7,-3,10,3,-1,4,1,1,9,1,-2,27,0,0,-1,10,1,0,7,11,-7,-2,-2,0,-1,-1,0,32,5,0,2,-1,0,0,-11,3,-2,-8,0,-1,34,4,1,6,0,0,0,1,-7,14,0,16,11,-4,-7,3,2,17,0,8,2,0,0,1,4,4,3,0,-3,0,-1,0,9,4,0,-3,0,NA,60,3,0
498,-2,-1,-4,-14,30,-4,25,8,0,0,-1,-17,12,12,0,-3,0,0,0,0,0,0,3,-18,-8,1,16,-8,0,-1,9,0,0,-4,1,-1,0,0,7,1,-11,0,-23,1,-1,-1,11,0,1,-8,1,-8,-3,-8,-5,-1,-2,-1,1,-9,0,-7,4,-2,0,3,-7,2,15,3,-2,0,0,-1,-1,-8,1,-1,3,-11,-2,0,-4,1,0,-2,-1,18,-14,-1,0,0,2,0,-10,-2,-1,2,0,0,10,5,1,2,0,0,-4,1,-11,1,2,0,0,-4,-9,1,3,6,-8,0,0,0,-15,-2,0,4,-1,0,-3,0,-4,-12,2,-5,-2,0,0,60,NA,-5,1
516,-1,-1,0,-2,-6,0,3,-4,-2,0,-1,-20,-4,-2,-3,4,0,-14,0,0,-3,1,0,-4,-2,-1,0,0,0,-3,0,0,0,0,-1,0,0,-6,0,-2,0,-1,0,-2,0,-3,-2,-9,-6,0,-3,-1,0,0,-5,-5,1,0,0,-2,-4,0,-1,-1,0,0,-2,0,0,-1,1,-22,0,0,0,0,0,-1,-6,3,0,-5,2,0,-1,0,0,-13,0,0,1,3,-5,-1,-1,0,0,-13,3,1,9,0,-1,-2,0,0,-1,-4,-7,1,1,5,0,-2,-3,1,-4,-3,-5,-1,0,0,-10,0,2,0,1,0,0,-2,-2,-4,0,-5,0,0,1,3,-5,NA,0
555,0,1,0,-1,-1,-1,1,-4,0,0,0,0,-3,0,0,0,0,-1,0,0,-2,-1,0,-2,-1,0,-1,0,0,-1,0,0,0,0,0,0,0,0,-3,0,-1,-1,-1,0,0,1,0,0,0,-1,0,-1,0,0,-2,0,-1,0,0,0,-1,-2,1,0,0,0,-2,0,1,0,0,-1,0,0,0,0,0,0,0,0,0,-1,-1,0,0,0,0,-2,-2,0,0,0,-1,0,0,0,1,-2,-1,0,-1,-2,-1,1,0,0,0,-1,0,3,0,0,-1,0,2,0,0,2,0,-2,-1,0,0,-2,0,0,-1,0,0,0,0,0,0,0,-1,0,0,0,1,0,NA
